date,age.male.0-4.todate,age.male.5-14.todate,age.male.15-24.todate,age.male.25-34.todate,age.male.35-44.todate,age.male.45-54.todate,age.male.55-64.todate,age.male.65-74.todate,age.male.75-84.todate,age.male.85+.todate,age.male.todate,age.female.0-4.todate,age.female.5-14.todate,age.female.15-24.todate,age.female.25-34.todate,age.female.35-44.todate,age.female.45-54.todate,age.female.55-64.todate,age.female.65-74.todate,age.female.75-84.todate,age.female.85+.todate,age.female.todate,age.unknown.0-4.todate,age.unknown.5-14.todate,age.unknown.15-24.todate,age.unknown.25-34.todate,age.unknown.35-44.todate,age.unknown.45-54.todate,age.unknown.55-64.todate,age.unknown.65-74.todate,age.unknown.75-84.todate,age.unknown.85+.todate,age.unknown.todate,age.0-4.todate,age.5-14.todate,age.15-24.todate,age.25-34.todate,age.35-44.todate,age.45-54.todate,age.55-64.todate,age.65-74.todate,age.75-84.todate,age.85+.todate,age.todate
2020-03-04,,,,,,,1,,,,1,,,,,,,,,,,,,,,,,,,,,,,,,,,,,1,,,,1
2020-03-05,,,,2,1,,1,1,,,5,,,,,,1,,,,,1,,,,,,,,,,,,,,,2,1,1,1,1,,,6
2020-03-06,,,,2,1,1,3,1,,,8,,,,1,,1,,,,,2,,,,,,,,,,,,,,,3,1,2,3,1,,,10
2020-03-07,,,,4,1,1,3,1,,,10,,,,3,,1,,1,,,5,,,,,,,,,,,,,,,7,1,2,3,2,,,15
2020-03-08,,,,4,1,1,4,2,,,12,,,,3,,2,2,1,,,8,,,,,,,,,,,,,,,7,1,3,6,3,,,20
2020-03-09,,,1,5,1,1,5,4,,,17,,,,5,1,2,4,1,,1,14,,,,,,,,,,,,,,1,10,2,3,9,5,,1,31
2020-03-10,,,1,6,2,2,7,5,,1,24,,,1,8,1,4,8,1,,1,24,,,,,,,,,,,,,,2,14,3,6,15,6,,2,48
2020-03-11,,1,2,10,5,5,9,6,,2,40,,1,1,15,5,5,12,2,1,1,43,,,,,,,,,,,,,2,3,25,10,10,21,8,1,3,83
2020-03-12,,5,5,18,9,9,15,6,,3,70,,3,4,19,7,8,17,2,1,2,63,,,,,,,,,,,,,8,9,37,16,17,32,8,1,5,133
2020-03-13,,5,8,21,10,16,15,10,2,3,90,,7,5,22,14,13,21,2,1,4,89,,,,,,,,,,,,,12,13,43,24,29,36,12,3,7,179
2020-03-14,,7,10,25,13,19,15,12,3,3,107,,9,8,26,20,14,24,2,1,4,108,,,,,,,,,,,,,16,18,51,33,33,39,14,4,7,215
2020-03-15,,8,11,30,18,22,21,12,3,3,128,,9,10,28,24,19,24,3,1,4,122,,,,,,,,,,,,,17,21,58,42,41,45,15,4,7,250
2020-03-16,,9,11,35,20,24,24,12,3,3,141,,9,12,30,25,22,29,3,1,4,135,,,,,,,,,,,,,18,23,65,45,46,53,15,4,7,276
2020-03-17,1,9,12,36,21,26,24,12,3,3,147,,9,12,31,26,23,30,3,1,4,139,,,,,,,,,,,,1,18,24,67,47,49,54,15,4,7,286
2020-03-18,1,9,13,38,25,29,24,13,4,3,159,,9,13,35,28,27,31,5,4,7,159,,,,,,,,,,,,1,18,26,73,53,56,55,18,8,10,318
2020-03-19,1,9,14,40,25,32,27,14,6,5,173,,9,13,38,30,27,31,6,6,8,168,,,,,,,,,,,,1,18,27,78,55,59,58,20,12,13,341
2020-03-20,1,9,15,45,27,33,29,16,8,5,188,,9,13,39,32,33,33,8,6,8,181,,,,,,,,,,,,1,18,28,84,59,66,62,24,14,13,369
2020-03-21,1,10,15,48,31,37,31,18,10,5,206,,9,14,40,34,36,34,11,9,13,200,,,,,,,,,,,,1,19,29,88,65,73,65,29,19,18,406
2020-03-22,1,10,15,49,33,41,37,19,11,5,221,,9,15,44,36,40,38,12,11,16,221,,,,,,,,,,,,1,19,30,93,69,81,75,31,22,21,442
2020-03-23,1,10,15,50,33,45,41,22,15,6,238,1,9,16,46,37,46,40,13,12,20,240,,,,,,,,,,,,2,19,31,96,70,91,81,35,27,26,478
2020-03-24,1,10,15,52,37,47,46,24,17,7,256,1,9,17,49,43,52,46,17,14,22,270,,,,,,,,,,,,2,19,32,101,80,99,92,41,31,29,526
2020-03-25,1,10,15,52,42,51,53,30,19,8,281,1,9,20,51,46,57,49,21,14,24,292,,,,,,,,,,,,2,19,35,103,88,108,102,51,33,32,573
2020-03-26,1,10,15,54,45,53,59,36,23,12,308,1,9,21,52,50,60,54,24,21,34,326,,,,,,,,,,,,2,19,36,106,95,113,113,60,44,46,634
2020-03-27,1,10,16,54,48,58,64,41,26,14,332,1,9,22,54,56,67,58,27,23,37,354,,,,,,,,,,,,2,19,38,108,104,125,122,68,49,51,686
2020-03-28,1,10,21,56,49,60,72,43,28,16,356,1,9,24,55,58,71,59,31,27,42,377,,,,,,,,,,,,2,19,45,111,107,131,131,74,55,58,733
2020-03-29,1,11,21,56,51,62,73,44,31,17,367,1,9,24,56,58,73,61,32,31,45,390,,,,,,,,,,,,2,20,45,112,109,135,134,76,62,62,757
2020-03-30,1,11,21,57,51,65,78,49,34,21,388,1,9,25,60,61,79,63,33,36,50,417,,,,,,,,,,,,2,20,46,117,112,144,141,82,70,71,805
2020-03-31,1,11,21,57,52,71,79,53,34,22,401,1,10,27,63,66,81,67,35,39,52,441,,,,,,,,,,,,2,21,48,120,118,152,146,88,73,74,842
2020-04-01,2,11,24,59,52,74,83,55,41,24,425,1,10,27,67,69,84,69,35,47,63,472,,,,,,,,,,,,3,21,51,126,121,158,152,90,88,87,897
2020-04-02,2,11,25,59,53,77,86,56,44,25,438,1,10,27,71,72,87,73,38,51,69,499,,,,,,,,,,,,3,21,52,130,125,164,159,94,95,94,937
2020-04-03,2,11,26,63,54,79,89,58,46,25,453,1,10,34,72,76,89,73,40,56,74,525,,,,,,,,,,,,3,21,60,135,130,168,162,98,102,99,978
2020-04-04,2,11,27,65,56,81,91,58,46,25,462,2,10,34,73,77,92,76,41,56,75,536,,,,,,,,,,,,4,21,61,138,133,173,167,99,102,100,998
2020-04-05,2,11,27,66,57,81,94,58,47,25,468,2,10,34,74,80,95,76,43,57,82,553,,,,,,,,,,,,4,21,61,140,137,176,170,101,104,107,1021
2020-04-06,2,11,28,69,59,82,94,59,49,27,480,2,10,34,77,82,100,78,46,59,88,576,,,,,,,,,,,,4,21,62,146,141,182,172,105,108,115,1056
2020-04-07,3,11,30,71,60,86,97,60,51,28,497,2,10,35,81,83,106,79,49,61,89,595,,,,,,,,,,,,5,21,65,152,143,192,176,109,112,117,1092
2020-04-08,3,11,30,74,64,89,99,60,51,29,510,3,10,38,86,85,110,81,49,62,91,615,,,,,,,,,,,,6,21,68,160,149,199,180,109,113,120,1125
2020-04-09,3,11,30,75,67,90,101,61,53,30,521,3,10,40,90,87,114,85,50,63,97,639,,,,,,,,,,,,6,21,70,165,154,204,186,111,116,127,1160
2020-04-10,3,11,31,78,67,91,104,61,55,30,531,3,10,44,94,89,118,87,50,65,98,658,,,,,,,,,,,,6,21,75,172,156,209,191,111,120,128,1189
2020-04-11,3,11,33,78,69,92,104,63,56,32,541,3,10,46,95,90,118,88,50,66,99,665,,,,,,,,,,,,6,21,79,173,159,210,192,113,122,131,1206
2020-04-12,3,11,33,79,69,93,104,63,56,32,543,3,10,48,95,91,118,89,51,66,99,670,,,,,,,,,,,,6,21,81,174,160,211,193,114,122,131,1213
2020-04-13,3,11,34,79,71,94,105,63,56,32,548,3,10,48,97,92,118,89,51,66,99,673,,,,,,,,,,,,6,21,82,176,163,212,194,114,122,131,1221
2020-04-14,3,11,34,83,71,96,105,64,58,32,557,3,10,48,99,93,122,93,52,68,103,691,,,,,,,,,,,,6,21,82,182,164,218,198,116,126,135,1248
2020-04-15,3,11,34,84,71,99,106,65,59,34,566,3,10,49,101,94,122,93,52,71,108,703,,,,,,,,,,,,6,21,83,185,165,221,199,117,130,142,1269
2020-04-16,3,12,35,86,73,100,107,67,64,35,582,3,10,52,103,96,126,94,54,73,112,723,,,,,,,,,,,,6,22,87,189,169,226,201,121,137,147,1305
2020-04-17,3,12,35,87,73,100,109,67,64,35,585,3,10,53,103,99,127,95,55,74,114,733,,,,,,,,,,,,6,22,88,190,172,227,204,122,138,149,1318
2020-04-18,3,12,36,87,75,100,109,67,66,35,590,3,10,54,106,99,127,95,55,75,117,741,,,,,,,,,,,,6,22,90,193,174,227,204,122,141,152,1331
2020-04-19,3,12,37,88,75,100,110,67,66,35,593,3,10,54,106,100,128,95,55,75,117,743,,,,,,,,,,,,6,22,91,194,175,228,205,122,141,152,1336
2020-04-20,3,12,38,88,75,102,110,67,67,35,597,3,10,56,106,101,128,95,55,77,117,748,,,,,,,,,,,,6,22,94,194,176,230,205,122,144,152,1345
2020-04-21,3,14,38,89,76,102,110,67,67,35,601,3,10,56,107,102,128,95,56,78,118,753,,,,,,,,,,,,6,24,94,196,178,230,205,123,145,153,1354
2020-04-22,3,14,39,89,77,103,110,69,67,35,606,3,10,57,107,103,129,96,57,78,121,761,,,,,,,,,,,,6,24,96,196,180,232,206,126,145,156,1367
2020-04-23,3,14,39,90,77,104,110,69,67,35,608,3,10,57,108,105,129,96,57,78,123,766,,,,,,,,,,,,6,24,96,198,182,233,206,126,145,158,1374
2020-04-24,3,14,39,91,78,106,110,70,68,35,614,3,10,58,109,107,130,96,58,80,124,775,,,,,,,,,,,,6,24,97,200,185,236,206,128,148,159,1389
2020-04-25,3,14,40,91,79,106,111,70,68,36,618,3,10,58,109,107,131,98,58,81,124,779,,,,,,,,,,,,6,24,98,200,186,237,209,128,149,160,1397
2020-04-26,4,14,40,91,81,106,111,70,69,36,622,3,10,59,110,107,131,98,58,81,124,781,,,,,,,,,,,,7,24,99,201,188,237,209,128,150,160,1403
2020-04-27,4,14,40,91,82,106,111,71,69,36,624,3,10,59,110,107,131,98,58,84,125,785,,,,,,,,,,,,7,24,99,201,189,237,209,129,153,161,1409
2020-04-28,4,14,40,91,83,106,112,71,70,36,627,3,10,59,111,107,131,100,59,84,127,791,,,,,,,,,,,,7,24,99,202,190,237,212,130,154,163,1418
2020-04-29,5,14,40,91,85,107,114,71,70,36,633,3,10,59,112,108,132,100,60,84,128,796,,,,,,,,,,,,8,24,99,203,193,239,214,131,154,164,1429
2020-04-30,5,14,40,92,85,108,114,71,71,36,636,3,10,59,112,109,132,100,60,84,129,798,,,,,,,,,,,,8,24,99,204,194,240,214,131,155,165,1434
2020-05-01,5,14,40,92,85,109,114,71,71,36,637,3,10,59,112,109,133,100,60,86,130,802,,,,,,,,,,,,8,24,99,204,194,242,214,131,157,166,1439
2020-05-02,5,14,40,92,85,109,114,71,71,36,637,3,10,59,112,109,133,100,60,86,130,802,,,,,,,,,,,,8,24,99,204,194,242,214,131,157,166,1439
2020-05-03,5,14,40,92,85,109,114,71,71,36,637,3,10,59,112,109,133,100,60,86,130,802,,,,,,,,,,,,8,24,99,204,194,242,214,131,157,166,1439
2020-05-04,5,14,40,92,85,109,114,71,71,36,637,3,10,59,114,109,133,100,61,87,132,808,,,,,,,,,,,,8,24,99,206,194,242,214,132,158,168,1445
2020-05-05,5,15,40,92,85,109,114,71,71,36,638,3,10,59,114,109,133,100,61,88,133,810,,,,,,,,,,,,8,25,99,206,194,242,214,132,159,169,1448
2020-05-06,5,15,40,92,85,109,114,71,71,36,638,3,10,59,114,110,133,100,61,88,133,811,,,,,,,,,,,,8,25,99,206,195,242,214,132,159,169,1449
2020-05-07,5,15,40,92,85,109,114,71,71,36,638,3,11,59,114,110,133,100,61,88,133,812,,,,,,,,,,,,8,26,99,206,195,242,214,132,159,169,1450
2020-05-08,5,15,40,93,86,109,115,71,71,36,641,3,11,59,115,110,133,100,61,88,133,813,,,,,,,,,,,,8,26,99,208,196,242,215,132,159,169,1454
2020-05-09,5,15,40,93,87,109,115,71,71,36,642,3,12,60,115,110,133,100,61,88,133,815,,,,,,,,,,,,8,27,100,208,197,242,215,132,159,169,1457
2020-05-10,5,15,41,93,88,109,115,71,71,36,644,3,12,60,115,111,133,100,61,88,133,816,,,,,,,,,,,,8,27,101,208,199,242,215,132,159,169,1460
2020-05-11,5,15,41,93,88,109,115,71,71,36,644,3,12,60,115,111,133,101,61,88,133,817,,,,,,,,,,,,8,27,101,208,199,242,216,132,159,169,1461
2020-05-12,5,15,41,93,88,109,115,71,72,36,645,3,12,61,115,111,133,101,61,88,133,818,,,,,,,,,,,,8,27,102,208,199,242,216,132,160,169,1463
2020-05-13,5,15,41,93,89,109,115,71,72,36,646,3,12,61,115,111,133,101,61,88,133,818,,,,,,,,,,,,8,27,102,208,200,242,216,132,160,169,1464
2020-05-14,5,15,41,93,89,109,116,71,72,36,647,3,12,61,115,111,133,101,61,88,133,818,,,,,,,,,,,,8,27,102,208,200,242,217,132,160,169,1465
2020-05-15,5,15,41,93,89,109,116,71,72,36,647,3,12,61,115,111,133,101,61,88,133,818,,,,,,,,,,,,8,27,102,208,200,242,217,132,160,169,1465
2020-05-16,5,15,41,93,89,109,116,71,72,36,647,3,12,61,115,112,133,101,61,88,133,819,,,,,,,,,,,,8,27,102,208,201,242,217,132,160,169,1466
2020-05-17,5,15,41,93,89,109,116,71,72,36,647,3,12,61,115,112,133,101,61,88,133,819,,,,,,,,,,,,8,27,102,208,201,242,217,132,160,169,1466
2020-05-18,5,15,42,93,89,109,116,71,72,36,648,3,12,61,115,112,133,101,61,88,133,819,,,,,,,,,,,,8,27,103,208,201,242,217,132,160,169,1467
2020-05-19,5,15,42,93,89,109,116,71,72,36,648,3,12,61,115,112,133,101,61,88,134,820,,,,,,,,,,,,8,27,103,208,201,242,217,132,160,170,1468
2020-05-20,5,15,42,93,89,109,116,71,72,36,648,3,12,61,115,112,133,101,61,88,134,820,,,,,,,,,,,,8,27,103,208,201,242,217,132,160,170,1468
2020-05-21,5,15,42,93,89,109,116,71,72,36,648,3,12,61,115,112,133,101,61,88,134,820,,,,,,,,,,,,8,27,103,208,201,242,217,132,160,170,1468
2020-05-22,5,15,42,93,89,109,116,71,72,36,648,3,12,61,115,112,133,101,61,88,134,820,,,,,,,,,,,,8,27,103,208,201,242,217,132,160,170,1468
2020-05-23,5,15,42,93,89,109,116,71,72,36,648,3,12,61,115,112,133,101,61,88,134,820,,,,,,,,,,,,8,27,103,208,201,242,217,132,160,170,1468
2020-05-24,5,15,42,93,89,109,116,71,72,36,648,3,12,61,116,112,133,101,61,88,134,821,,,,,,,,,,,,8,27,103,209,201,242,217,132,160,170,1469
2020-05-25,5,15,42,93,89,109,116,71,72,36,648,3,12,61,116,112,133,101,61,88,134,821,,,,,,,,,,,,8,27,103,209,201,242,217,132,160,170,1469
2020-05-26,6,15,42,94,89,109,116,71,72,36,650,3,12,61,116,112,133,101,61,88,134,821,,,,,,,,,,,,9,27,103,210,201,242,217,132,160,170,1471
2020-05-27,6,15,42,94,89,109,116,71,72,36,650,3,12,62,116,113,133,101,61,88,134,823,,,,,,,,,,,,9,27,104,210,202,242,217,132,160,170,1473
2020-05-28,6,15,42,94,89,109,116,71,72,36,650,3,12,62,116,113,133,101,61,88,134,823,,,,,,,,,,,,9,27,104,210,202,242,217,132,160,170,1473
2020-05-29,6,15,42,94,89,109,116,71,72,36,650,3,12,62,116,113,133,101,61,88,134,823,,,,,,,,,,,,9,27,104,210,202,242,217,132,160,170,1473
2020-05-30,6,15,42,94,89,109,116,71,72,36,650,3,12,62,116,113,133,101,61,88,134,823,,,,,,,,,,,,9,27,104,210,202,242,217,132,160,170,1473
2020-05-31,6,15,42,94,89,109,116,71,72,36,650,3,12,62,116,113,133,101,61,88,134,823,,,,,,,,,,,,9,27,104,210,202,242,217,132,160,170,1473
2020-06-01,6,15,42,94,89,109,116,71,72,36,650,3,12,62,116,113,135,101,61,88,134,825,,,,,,,,,,,,9,27,104,210,202,244,217,132,160,170,1475
2020-06-02,6,16,42,94,89,109,116,71,72,36,651,3,13,62,116,113,135,101,61,88,134,826,,,,,,,,,,,,9,29,104,210,202,244,217,132,160,170,1477
2020-06-03,6,16,42,94,89,109,116,71,72,36,651,3,13,62,116,113,135,101,61,88,134,826,,,,,,,,,,,,9,29,104,210,202,244,217,132,160,170,1477
2020-06-04,6,16,42,94,89,110,116,71,72,36,652,3,13,62,117,113,135,101,61,88,134,827,,,,,,,,,,,,9,29,104,211,202,245,217,132,160,170,1479
2020-06-05,6,16,42,96,89,110,116,71,72,36,654,3,14,62,118,113,136,101,61,88,134,830,,,,,,,,,,,,9,30,104,214,202,246,217,132,160,170,1484
2020-06-06,6,16,42,97,89,110,116,71,72,36,655,3,14,62,118,113,136,101,61,88,134,830,,,,,,,,,,,,9,30,104,215,202,246,217,132,160,170,1485
2020-06-07,6,16,42,97,89,110,116,71,72,36,655,3,14,62,118,113,136,101,61,88,134,830,,,,,,,,,,,,9,30,104,215,202,246,217,132,160,170,1485
2020-06-08,6,16,42,97,89,110,117,71,72,36,656,3,14,62,118,113,136,101,61,88,134,830,,,,,,,,,,,,9,30,104,215,202,246,218,132,160,170,1486
2020-06-09,6,16,42,97,89,110,117,71,72,36,656,3,14,62,119,114,136,101,61,88,134,832,,,,,,,,,,,,9,30,104,216,203,246,218,132,160,170,1488
2020-06-10,6,16,42,97,89,110,117,71,72,36,656,3,14,62,119,114,136,101,61,88,134,832,,,,,,,,,,,,9,30,104,216,203,246,218,132,160,170,1488
2020-06-11,6,16,42,97,89,110,117,71,72,36,656,3,14,62,120,114,137,101,61,88,134,834,,,,,,,,,,,,9,30,104,217,203,247,218,132,160,170,1490
2020-06-12,6,16,42,97,89,110,118,71,72,36,657,3,14,62,120,115,137,101,61,88,134,835,,,,,,,,,,,,9,30,104,217,204,247,219,132,160,170,1492
2020-06-13,6,17,43,97,90,110,118,71,72,36,660,3,14,62,120,115,137,101,61,88,134,835,,,,,,,,,,,,9,31,105,217,205,247,219,132,160,170,1495
2020-06-14,6,17,43,97,90,110,119,71,72,36,661,3,14,62,120,115,137,101,61,88,134,835,,,,,,,,,,,,9,31,105,217,205,247,220,132,160,170,1496
2020-06-15,6,17,43,98,91,110,120,71,72,36,664,3,14,62,120,115,137,101,61,88,134,835,,,,,,,,,,,,9,31,105,218,206,247,221,132,160,170,1499
2020-06-16,6,17,43,99,91,111,120,71,72,36,666,3,14,62,120,115,139,101,61,88,134,837,,,,,,,,,,,,9,31,105,219,206,250,221,132,160,170,1503
2020-06-17,6,17,43,103,92,112,121,71,72,36,673,3,14,62,121,115,139,101,61,88,134,838,,,,,,,,,,,,9,31,105,224,207,251,222,132,160,170,1511
2020-06-18,6,17,43,103,92,113,122,71,72,36,675,3,14,62,121,115,139,101,61,88,134,838,,,,,,,,,,,,9,31,105,224,207,252,223,132,160,170,1513
2020-06-19,6,18,43,104,92,113,122,71,72,36,677,3,15,62,122,116,139,101,62,88,134,842,,,,,,,,,,,,9,33,105,226,208,252,223,133,160,170,1519
2020-06-20,6,18,43,104,92,113,122,71,72,36,677,3,15,62,122,117,139,101,62,88,134,843,,,,,,,,,,,,9,33,105,226,209,252,223,133,160,170,1520
2020-06-21,6,18,43,104,93,113,122,71,72,36,678,3,15,62,122,117,139,101,62,88,134,843,,,,,,,,,,,,9,33,105,226,210,252,223,133,160,170,1521
2020-06-22,6,18,45,106,94,114,123,71,72,36,685,3,15,62,124,117,142,102,62,88,134,849,,,,,,,,,,,,9,33,107,230,211,256,225,133,160,170,1534
2020-06-23,6,18,47,107,95,115,123,71,72,36,690,3,15,62,125,117,142,102,62,88,134,850,,,,,,,,,,,,9,33,109,232,212,257,225,133,160,170,1540
2020-06-24,6,18,49,108,97,115,123,71,72,36,695,3,15,62,125,117,142,103,62,88,134,851,,,,,,,,,,,,9,33,111,233,214,257,226,133,160,170,1546
2020-06-25,6,21,49,109,99,116,124,71,72,36,703,3,16,62,125,119,142,103,62,88,134,854,,,,,,,,,,,,9,37,111,234,218,258,227,133,160,170,1557
2020-06-26,6,21,51,109,99,119,125,71,72,36,709,3,16,64,127,119,143,105,62,88,135,862,,,,,,,,,,,,9,37,115,236,218,262,230,133,160,171,1571
2020-06-27,6,22,54,110,102,119,125,71,72,36,717,3,16,65,127,119,143,105,62,88,135,863,,,,,,,,,,,,9,38,119,237,221,262,230,133,160,171,1580
2020-06-28,6,22,55,111,102,119,125,71,72,36,719,3,16,66,127,120,143,105,62,88,135,865,,,,,,,,,,,,9,38,121,238,222,262,230,133,160,171,1584
2020-06-29,6,22,55,116,105,121,125,71,72,36,729,3,16,66,128,122,144,106,62,88,135,870,,,,,,,,,,,,9,38,121,244,227,265,231,133,160,171,1599
2020-06-30,6,22,56,120,106,124,125,71,72,36,738,3,16,66,129,122,146,107,62,88,135,874,,,,,,,,,,,,9,38,122,249,228,270,232,133,160,171,1612
2020-07-01,6,22,59,124,107,126,126,71,72,36,749,3,16,69,132,124,148,107,62,88,135,884,,,,,,,,,,,,9,38,128,256,231,274,233,133,160,171,1633
2020-07-02,6,22,60,127,109,127,126,71,72,36,756,3,16,73,135,125,148,108,62,88,135,893,,,,,,,,,,,,9,38,133,262,234,275,234,133,160,171,1649
2020-07-03,6,22,63,131,113,129,127,73,72,37,773,3,16,76,137,127,151,110,62,89,135,906,,,,,,,,,,,,9,38,139,268,240,280,237,135,161,172,1679
2020-07-04,6,22,65,132,114,130,128,73,72,37,779,3,16,78,142,129,153,111,62,90,137,921,,,,,,,,,,,,9,38,143,274,243,283,239,135,162,174,1700
2020-07-05,6,22,67,132,114,130,128,73,73,37,782,3,17,80,142,132,154,113,62,91,140,934,,,,,,,,,,,,9,39,147,274,246,284,241,135,164,177,1716
2020-07-06,8,23,67,133,114,133,128,74,73,37,790,3,18,81,146,134,158,115,63,91,140,949,,,,,,,,,,,,11,41,148,279,248,291,243,137,164,177,1739
2020-07-07,8,23,69,140,117,134,130,76,73,37,807,3,18,82,148,134,161,116,63,91,140,956,,,,,,,,,,,,11,41,151,288,251,295,246,139,164,177,1763
2020-07-08,8,23,71,143,117,135,132,76,75,37,817,3,18,83,148,135,161,116,63,91,141,959,,,,,,,,,,,,11,41,154,291,252,296,248,139,166,178,1776
2020-07-09,8,23,71,146,119,138,132,76,75,37,825,3,18,85,149,138,162,118,63,91,141,968,,,,,,,,,,,,11,41,156,295,257,300,250,139,166,178,1793
2020-07-10,8,23,74,152,122,142,133,77,75,38,844,4,18,86,151,142,166,121,63,91,141,983,,,,,,,,,,,,12,41,160,303,264,308,254,140,166,179,1827
2020-07-11,8,23,79,153,123,142,135,77,75,38,853,4,18,86,153,143,167,121,64,91,142,989,,,,,,,,,,,,12,41,165,306,266,309,256,141,166,180,1842
2020-07-12,8,23,81,153,124,142,136,77,75,38,857,4,18,86,153,144,168,121,65,92,142,993,,,,,,,,,,,,12,41,167,306,268,310,257,142,167,180,1850
2020-07-13,8,23,83,153,124,142,136,77,76,38,860,4,18,86,153,146,169,123,65,94,142,1000,,,,,,,,,,,,12,41,169,306,270,311,259,142,170,180,1860
2020-07-14,8,23,83,155,125,145,136,79,76,38,868,5,19,87,155,147,171,123,67,95,142,1011,,,,,,,,,,,,13,42,170,310,272,316,259,146,171,180,1879
2020-07-15,8,23,85,159,125,146,137,81,76,38,878,5,19,87,158,148,173,126,67,95,142,1020,,,,,,,,,,,,13,42,172,317,273,319,263,148,171,180,1898
2020-07-16,8,24,86,162,125,149,140,84,76,39,893,5,19,87,159,148,173,127,67,95,144,1024,,,,,,,,,,,,13,43,173,321,273,322,267,151,171,183,1917
2020-07-17,8,24,87,167,129,150,143,86,76,40,910,5,19,87,160,151,175,127,67,96,144,1031,,,,,,,,,,,,13,43,174,327,280,325,270,153,172,184,1941
2020-07-18,8,24,88,167,129,150,143,86,76,40,911,5,19,87,161,152,178,127,67,96,144,1036,,,,,,,,,,,,13,43,175,328,281,328,270,153,172,184,1947
2020-07-19,8,24,88,167,131,151,144,87,76,41,917,5,19,87,161,152,179,127,67,96,144,1037,,,,,,,,,,,,13,43,175,328,283,330,271,154,172,185,1954
2020-07-20,8,24,90,167,133,152,145,88,77,42,926,5,19,88,162,152,181,131,67,97,150,1052,,,,,,,,,,,,13,43,178,329,285,333,276,155,174,192,1978
2020-07-21,8,24,90,168,137,156,146,89,78,42,938,5,19,88,164,155,186,133,71,97,151,1069,,,,,,,,,,,,13,43,178,332,292,342,279,160,175,193,2007
2020-07-22,8,24,93,170,139,157,146,90,78,44,949,5,19,88,167,158,187,135,72,99,155,1085,,,,,,,,,,,,13,43,181,337,297,344,281,162,177,199,2034
2020-07-23,8,25,95,172,142,157,147,90,79,44,959,5,19,89,168,161,189,135,73,100,155,1094,,,,,,,,,,,,13,44,184,340,303,346,282,163,179,199,2053
2020-07-24,8,26,95,175,142,159,148,90,79,44,966,5,19,89,169,162,191,137,73,101,155,1101,,,,,,,,,,,,13,45,184,344,304,350,285,163,180,199,2067
2020-07-25,8,26,95,176,143,159,148,92,80,44,971,5,19,89,170,162,191,138,75,104,159,1112,,,,,,,,,,,,13,45,184,346,305,350,286,167,184,203,2083
2020-07-26,8,26,95,176,143,159,148,94,80,44,973,5,19,90,171,162,191,138,76,104,159,1115,,,,,,,,,,,,13,45,185,347,305,350,286,170,184,203,2088
2020-07-27,8,26,97,176,146,160,149,94,80,44,980,5,19,91,172,163,193,139,76,104,160,1122,,,,,,,,,,,,13,45,188,348,309,353,288,170,184,204,2102
2020-07-28,8,26,97,178,146,163,151,95,80,46,990,5,19,91,173,163,194,139,78,104,160,1126,,,,,,,,,,,,13,45,188,351,309,357,290,173,184,206,2116
2020-07-29,10,26,97,179,147,165,153,96,80,46,999,5,19,91,175,165,199,141,80,104,162,1141,,,,,,,,,,,,15,45,188,354,312,364,294,176,184,208,2140
2020-07-30,10,26,98,179,150,167,154,96,80,46,1006,5,19,93,177,166,202,143,80,104,162,1151,,,,,,,,,,,,15,45,191,356,316,369,297,176,184,208,2157
2020-07-31,10,26,102,181,151,169,156,96,80,46,1017,5,19,94,180,166,202,143,80,104,162,1155,,,,,,,,,,,,15,45,196,361,317,371,299,176,184,208,2172
2020-08-01,10,26,104,182,152,170,157,96,80,46,1023,5,19,94,180,167,204,143,80,104,162,1158,,,,,,,,,,,,15,45,198,362,319,374,300,176,184,208,2181
2020-08-02,10,26,104,182,152,170,157,96,80,46,1023,5,19,94,180,168,204,143,80,104,162,1159,,,,,,,,,,,,15,45,198,362,320,374,300,176,184,208,2182
2020-08-03,10,26,106,182,152,172,157,96,80,46,1027,5,19,95,180,168,204,145,80,104,164,1164,,,,,,,,,,,,15,45,201,362,320,376,302,176,184,210,2191
2020-08-04,10,26,108,185,154,172,160,97,80,46,1038,5,19,97,181,169,204,146,81,104,165,1171,,,,,,,,,,,,15,45,205,366,323,376,306,178,184,211,2209
2020-08-05,10,26,111,186,155,174,160,97,81,46,1046,5,19,98,181,170,204,148,83,104,166,1178,,,,,,,,,,,,15,45,209,367,325,378,308,180,185,212,2224
2020-08-06,11,26,115,188,157,174,160,97,81,46,1055,5,19,98,181,170,204,149,83,104,166,1179,,,,,,,,,,,,16,45,213,369,327,378,309,180,185,212,2234
2020-08-07,12,26,117,191,157,174,160,98,82,46,1063,5,19,99,181,172,207,149,83,104,166,1185,,,,,,,,,,,,17,45,216,372,329,381,309,181,186,212,2248
2020-08-08,12,26,117,192,157,174,160,98,82,46,1064,5,19,99,181,172,208,149,83,104,166,1186,,,,,,,,,,,,17,45,216,373,329,382,309,181,186,212,2250
2020-08-09,12,26,118,192,158,175,160,98,83,46,1068,5,19,99,182,173,208,149,83,104,166,1188,,,,,,,,,,,,17,45,217,374,331,383,309,181,187,212,2256
2020-08-10,13,26,122,195,159,176,162,100,83,46,1082,5,19,100,183,173,208,150,83,104,166,1191,,,,,,,,,,,,18,45,222,378,332,384,312,183,187,212,2273
2020-08-11,13,26,134,198,162,177,165,100,83,46,1104,5,19,101,187,173,210,152,83,104,166,1200,,,,,,,,,,,,18,45,235,385,335,387,317,183,187,212,2304
2020-08-12,13,26,143,204,163,178,165,100,83,46,1121,5,19,103,192,173,210,154,85,105,166,1212,,,,,,,,,,,,18,45,246,396,336,388,319,185,188,212,2333
2020-08-13,13,27,152,211,166,179,166,101,83,47,1145,5,19,106,193,176,214,155,85,106,166,1225,,,,,,,,,,,,18,46,258,404,342,393,321,186,189,213,2370
2020-08-14,13,28,160,215,167,183,166,102,83,47,1164,5,19,107,196,176,217,157,87,107,167,1238,,,,,,,,,,,,18,47,267,411,343,400,323,189,190,214,2402
2020-08-15,13,28,165,215,169,185,168,102,83,47,1175,5,20,107,196,177,219,157,87,107,167,1242,,,,,,,,,,,,18,48,272,411,346,404,325,189,190,214,2417
2020-08-16,14,28,167,217,171,185,169,103,83,47,1184,5,20,108,196,179,219,158,87,107,167,1246,,,,,,,,,,,,19,48,275,413,350,404,327,190,190,214,2430
2020-08-17,14,28,173,218,175,186,171,104,83,47,1199,5,20,113,201,179,219,160,87,107,167,1258,,,,,,,,,,,,19,48,286,419,354,405,331,191,190,214,2457
2020-08-18,14,29,182,221,179,188,173,104,83,47,1220,5,20,118,205,181,222,161,87,107,168,1274,,,,,,,,,,,,19,49,300,426,360,410,334,191,190,215,2494
2020-08-19,14,30,187,228,183,188,174,106,84,47,1241,5,20,123,209,184,226,161,90,109,169,1296,,,,,,,,,,,,19,50,310,437,367,414,335,196,193,216,2537
2020-08-20,14,31,194,229,184,194,177,108,85,47,1263,5,20,128,210,186,230,163,92,109,169,1312,,,,,,,,,,,,19,51,322,439,370,424,340,200,194,216,2575
2020-08-21,14,32,202,233,189,196,178,109,85,47,1285,5,20,135,211,188,233,168,93,109,171,1333,,,,,,,,,,,,19,52,337,444,377,429,346,202,194,218,2618
2020-08-22,14,32,207,239,191,198,179,110,85,47,1302,5,21,140,214,190,237,169,94,109,171,1350,,,,,,,,,,,,19,53,347,453,381,435,348,204,194,218,2652
2020-08-23,14,32,209,245,191,198,179,110,85,47,1310,5,21,142,216,191,238,169,94,109,171,1356,,,,,,,,,,,,19,53,351,461,382,436,348,204,194,218,2666
2020-08-24,14,32,210,245,193,199,179,111,86,47,1316,5,23,144,218,193,241,169,94,111,173,1371,,,,,,,,,,,,19,55,354,463,386,440,348,205,197,220,2687
2020-08-25,14,34,211,250,195,204,179,114,86,48,1335,5,24,149,220,195,245,170,95,112,173,1388,,,,,,,,,,,,19,58,360,470,390,449,349,209,198,221,2723
2020-08-26,15,34,211,255,197,210,183,115,87,48,1355,5,24,150,224,198,247,172,96,112,173,1401,,,,,,,,,,,,20,58,361,479,395,457,355,211,199,221,2756
2020-08-27,15,34,213,264,198,214,185,117,90,48,1378,6,25,153,226,204,250,174,97,112,173,1420,,,,,,,,,,,,21,59,366,490,402,464,359,214,202,221,2798
2020-08-28,15,35,214,271,199,220,186,118,91,49,1398,7,26,154,228,210,254,174,98,113,173,1437,,,,,,,,,,,,22,61,368,499,409,474,360,216,204,222,2835
2020-08-29,15,36,216,276,202,222,189,118,91,49,1414,7,26,155,230,215,258,175,99,114,173,1452,,,,,,,,,,,,22,62,371,506,417,480,364,217,205,222,2866
2020-08-30,15,36,216,276,204,224,190,118,91,49,1419,7,26,156,231,219,260,176,100,116,174,1465,,,,,,,,,,,,22,62,372,507,423,484,366,218,207,223,2884
2020-08-31,16,38,217,278,212,229,191,119,92,49,1441,7,28,158,234,221,264,179,101,118,174,1484,,,,,,,,,,,,23,66,375,512,433,493,370,220,210,223,2925
2020-09-01,16,41,219,283,218,236,196,119,94,49,1471,7,29,162,236,228,269,181,102,119,176,1509,,,,,,,,,,,,23,70,381,519,446,505,377,221,213,225,2980
2020-09-02,16,41,224,293,225,239,198,120,94,49,1499,7,29,163,239,234,278,187,102,119,176,1534,,,,,,,,,,,,23,70,387,532,459,517,385,222,213,225,3033
2020-09-03,17,43,230,296,230,242,202,122,95,49,1526,9,29,165,246,238,281,188,103,119,176,1554,,,,,,,,,,,,26,72,395,542,468,523,390,225,214,225,3080
2020-09-04,17,44,233,299,233,245,203,123,96,49,1542,10,31,166,250,244,286,194,103,121,176,1581,,,,,,,,,,,,27,75,399,549,477,531,397,226,217,225,3123
2020-09-05,17,47,235,306,235,245,205,124,97,49,1560,10,31,167,254,252,291,197,106,122,176,1606,,,,,,,,,,,,27,78,402,560,487,536,402,230,219,225,3166
2020-09-06,17,47,235,313,237,247,207,125,98,49,1575,10,31,170,257,255,291,197,106,122,177,1616,,,,,,,,,,,,27,78,405,570,492,538,404,231,220,226,3191
2020-09-07,17,48,239,321,241,254,209,125,98,49,1601,10,31,171,261,258,295,199,108,122,178,1633,,,,,,,,,,,,27,79,410,582,499,549,408,233,220,227,3234
2020-09-08,17,54,243,329,245,256,214,129,98,49,1634,10,35,171,269,266,306,204,108,129,181,1679,,,,,,,,,,,,27,89,414,598,511,562,418,237,227,230,3313
2020-09-09,17,56,246,336,255,263,215,131,101,49,1669,10,42,177,279,273,312,205,110,131,183,1722,,,,,,,,,,,,27,98,423,615,528,575,420,241,232,232,3391
2020-09-10,17,61,255,346,270,270,225,132,102,49,1727,11,47,184,285,284,319,210,113,133,186,1772,,,,,,,,,,,,28,108,439,631,554,589,435,245,235,235,3499
2020-09-11,19,67,262,355,282,282,233,134,103,49,1786,12,49,190,297,288,333,212,113,134,190,1818,,,,,,,,,,,,31,116,452,652,570,615,445,247,237,239,3604
2020-09-12,19,72,269,362,290,293,238,136,104,51,1834,12,50,194,308,294,345,220,114,139,193,1869,,,,,,,,,,,,31,122,463,670,584,638,458,250,243,244,3703
2020-09-13,19,74,272,365,294,297,242,138,105,51,1857,12,51,197,313,298,351,224,114,140,193,1893,,,,,,,,,,,,31,125,469,678,592,648,466,252,245,244,3750
2020-09-14,19,75,274,367,298,301,249,138,108,51,1880,13,51,202,326,312,366,230,114,145,194,1953,,,,,,,,,,,,32,126,476,693,610,667,479,252,253,245,3833
2020-09-15,19,78,279,378,304,312,258,147,114,54,1943,13,53,208,333,325,383,236,115,150,197,2013,,,,,,,,,,,,32,131,487,711,629,695,494,262,264,251,3956
2020-09-16,19,79,285,385,317,323,262,153,115,55,1993,13,55,215,341,338,393,241,117,152,202,2067,,,,,,,,,,,,32,134,500,726,655,716,503,270,267,257,4060
2020-09-17,19,81,290,400,329,336,268,156,120,55,2054,14,59,223,354,352,406,252,124,156,203,2143,,,,,,,,,,,,33,140,513,754,681,742,520,280,276,258,4197
2020-09-18,19,86,298,412,338,340,277,160,123,56,2109,14,63,230,358,366,423,264,124,156,203,2201,,,,,,,,,,,,33,149,528,770,704,763,541,284,279,259,4310
2020-09-19,20,86,299,423,347,350,281,162,124,59,2151,14,66,236,374,382,436,270,127,156,209,2270,,,,,,,,,,,,34,152,535,797,729,786,551,289,280,268,4421
2020-09-20,20,86,303,427,351,358,286,163,124,59,2177,14,67,238,375,390,440,276,128,156,210,2294,,,,,,,,,,,,34,153,541,802,741,798,562,291,280,269,4471
2020-09-21,20,90,311,431,356,372,293,166,124,59,2222,15,69,239,383,399,447,284,132,157,212,2337,,,,,,,,,,,,35,159,550,814,755,819,577,298,281,271,4559
2020-09-22,21,93,316,445,367,382,300,170,126,60,2280,15,70,245,398,416,466,299,133,158,215,2415,,,,,,,,,,,,36,163,561,843,783,848,599,303,284,275,4695
2020-09-23,23,97,328,448,379,391,309,175,127,61,2338,16,71,251,406,430,480,312,137,159,216,2478,,,,,,,,,,,,39,168,579,854,809,871,621,312,286,277,4816
2020-09-24,24,102,347,467,393,404,320,183,131,61,2432,17,74,264,426,451,498,325,143,161,218,2577,,,,,,,,,,,,41,176,611,893,844,902,645,326,292,279,5009
2020-09-25,24,106,357,480,408,421,326,186,134,61,2503,19,79,280,442,474,527,339,146,164,220,2690,,,,,,,,,,,,43,185,637,922,882,948,665,332,298,281,5193
2020-09-26,24,114,366,493,425,432,334,192,135,64,2579,19,80,291,455,489,542,351,153,170,222,2772,,,,,,,,,,,,43,194,657,948,914,974,685,345,305,286,5351
2020-09-27,24,114,367,495,429,434,337,193,136,64,2593,19,80,296,461,498,545,352,153,171,222,2797,,,,,,,,,,,,43,194,663,956,927,979,689,346,307,286,5390
2020-09-28,25,114,372,503,436,439,344,197,138,66,2634,19,82,303,475,506,558,359,155,176,222,2855,,,,,,,,,,,,44,196,675,978,942,997,703,352,314,288,5489
2020-09-29,26,119,388,521,460,458,355,200,141,67,2735,21,85,321,489,528,579,372,160,177,224,2956,,,,,,,,,,,,47,204,709,1010,988,1037,727,360,318,291,5691
2020-09-30,26,120,394,536,484,483,368,207,143,69,2830,21,89,330,503,545,593,380,165,180,230,3036,,,,,,,,,,,,47,209,724,1039,1029,1076,748,372,323,299,5866
2020-10-01,26,125,412,560,512,503,393,215,147,72,2965,23,91,340,517,568,617,393,169,186,236,3140,,,,,,,,,,,,49,216,752,1077,1080,1120,786,384,333,308,6105
2020-10-02,28,127,427,584,538,529,406,225,152,75,3091,24,95,351,539,585,639,401,177,192,239,3242,,,,,,,,,,,,52,222,778,1123,1123,1168,807,402,344,314,6333
2020-10-03,28,133,438,594,554,546,412,233,155,75,3168,24,103,364,556,602,653,412,185,195,239,3333,,,,,,,,,,,,52,236,802,1150,1156,1199,824,418,350,314,6501
2020-10-04,28,134,444,599,560,554,418,239,159,75,3210,24,105,367,560,608,658,419,187,195,243,3366,,,,,,,,,,,,52,239,811,1159,1168,1212,837,426,354,318,6576
2020-10-05,28,144,462,613,571,570,432,244,161,79,3304,24,110,379,566,626,687,432,191,202,245,3462,,,,,,,,,,,,52,254,841,1179,1197,1257,864,435,363,324,6766
2020-10-06,28,149,486,639,606,610,456,253,165,82,3474,26,116,410,601,662,727,445,201,210,251,3649,,,,,,,,,,,,54,265,896,1240,1268,1337,901,454,375,333,7123
2020-10-07,28,165,512,676,642,639,477,265,171,86,3661,27,122,434,632,708,772,467,215,215,258,3850,,,,,,,,,,,,55,287,946,1308,1350,1411,944,480,386,344,7511
2020-10-08,28,174,541,705,683,664,501,273,174,88,3831,27,132,460,665,746,808,497,223,221,264,4043,,,,,,,,,,,,55,306,1001,1370,1429,1472,998,496,395,352,7874
2020-10-09,29,185,567,736,711,692,522,284,185,93,4004,29,149,496,694,778,848,514,240,231,271,4250,,,,,,,,,,,,58,334,1063,1430,1489,1540,1036,524,416,364,8254
2020-10-10,30,196,594,760,738,731,543,292,190,96,4170,31,165,526,727,834,888,531,258,246,289,4495,,,,,,,,,,,,61,361,1120,1487,1572,1619,1074,550,436,385,8665
2020-10-11,30,201,606,772,755,747,551,294,194,98,4248,31,171,545,739,842,904,547,260,253,294,4586,,,,,,,,,,,,61,372,1151,1511,1597,1651,1098,554,447,392,8834
2020-10-12,32,212,634,803,792,771,574,308,198,100,4424,32,189,585,767,885,944,572,273,261,301,4809,,,,,,,,,,,,64,401,1219,1570,1677,1715,1146,581,459,401,9233
2020-10-13,35,229,681,857,864,831,623,321,209,108,4758,33,216,640,817,974,1005,620,291,272,314,5182,,,,,,,,,,,,68,445,1321,1674,1838,1836,1243,612,481,422,9940
2020-10-14,36,252,729,911,928,903,666,342,220,111,5098,36,239,697,886,1072,1085,661,306,283,325,5590,,,,,,,,,,,,72,491,1426,1797,2000,1988,1327,648,503,436,10688
2020-10-15,42,276,806,984,1002,974,704,363,236,117,5504,41,258,754,956,1155,1178,700,330,305,343,6020,,,,,,,,,,,,83,534,1560,1940,2157,2152,1404,693,541,460,11524
2020-10-16,44,303,870,1044,1094,1053,757,380,246,126,5917,45,283,810,1025,1264,1284,753,353,327,361,6505,,,,,,,,,,,,89,586,1680,2069,2358,2337,1510,733,573,487,12422
2020-10-17,45,324,912,1107,1150,1114,795,404,254,132,6237,50,305,862,1086,1339,1371,803,368,346,382,6912,,,,,,,,,,,,95,629,1774,2193,2489,2485,1598,772,600,514,13149
2020-10-18,46,337,960,1151,1197,1170,826,421,264,133,6505,53,317,907,1123,1395,1423,842,377,355,389,7181,,,,,,,,,,,,99,654,1867,2274,2592,2593,1668,798,619,522,13686
2020-10-19,48,349,998,1215,1271,1247,862,446,287,139,6862,53,327,944,1201,1502,1512,903,395,381,408,7626,,,,,,,,,,,,101,676,1942,2416,2773,2759,1765,841,668,547,14488
2020-10-20,54,379,1107,1315,1417,1388,941,491,311,149,7552,58,360,1035,1323,1699,1674,995,437,404,456,8441,,,,,,,,,,,,112,739,2142,2638,3116,3062,1936,928,715,605,15993
2020-10-21,56,415,1213,1459,1581,1532,1043,541,342,158,8340,62,393,1137,1454,1885,1861,1109,473,453,496,9323,,,,,,,,,,,,118,808,2350,2913,3466,3393,2152,1014,795,654,17663
2020-10-22,59,440,1325,1590,1734,1688,1148,580,372,166,9102,67,423,1230,1608,2081,2073,1199,510,498,533,10222,,,,,,,,,,,,126,863,2555,3198,3815,3761,2347,1090,870,699,19324
2020-10-23,64,480,1451,1740,1924,1885,1264,639,403,186,10036,69,455,1342,1771,2294,2312,1319,560,549,586,11257,,,,,,,,,,,,133,935,2793,3511,4218,4197,2583,1199,952,772,21293
2020-10-24,69,500,1539,1886,2097,2045,1371,692,431,196,10826,71,481,1444,1915,2496,2522,1427,618,583,612,12169,,,,,,,,,,,,140,981,2983,3801,4593,4567,2798,1310,1014,808,22995
2020-10-25,70,520,1595,1982,2231,2154,1433,728,451,202,11366,75,489,1498,2001,2636,2641,1501,649,618,639,12747,,,,,,,,,,,,145,1009,3093,3983,4867,4795,2934,1377,1069,841,24113
2020-10-26,74,532,1667,2081,2373,2300,1529,768,484,222,12030,79,512,1571,2121,2842,2814,1602,692,652,700,13585,,,,,,,,,,,,153,1044,3238,4202,5215,5114,3131,1460,1136,922,25615
2020-10-27,83,570,1789,2293,2633,2581,1691,869,535,249,13293,89,539,1691,2360,3142,3136,1778,751,707,740,14933,,,,,,,,,,,,172,1109,3480,4653,5775,5717,3469,1620,1242,989,28226
2020-10-28,88,597,1901,2504,2889,2844,1858,934,596,261,14472,92,559,1793,2588,3470,3447,1947,814,755,781,16246,,,,,,,,,,,,180,1156,3694,5092,6359,6291,3805,1748,1351,1042,30718
2020-10-29,89,613,1965,2638,3071,3022,1974,994,632,278,15276,95,573,1861,2743,3709,3679,2055,871,820,836,17242,,,,,,,,,,,,184,1186,3826,5381,6780,6701,4029,1865,1452,1114,32518
2020-10-30,94,622,2020,2767,3263,3176,2084,1078,687,301,16092,96,582,1925,2868,3918,3914,2188,937,901,894,18223,,,,,,,,,,,,190,1204,3945,5635,7181,7090,4272,2015,1588,1195,34315
2020-10-31,96,627,2059,2859,3402,3314,2174,1132,722,310,16695,100,586,1962,3001,4072,4080,2292,984,952,938,18967,,,,,,,,,,,,196,1213,4021,5860,7474,7394,4466,2116,1674,1248,35662
2020-11-01,96,632,2072,2899,3458,3359,2224,1160,743,320,16963,100,587,1980,3046,4130,4130,2336,1008,968,971,19256,,,,,,,,,,,,196,1219,4052,5945,7588,7489,4560,2168,1711,1291,36219
2020-11-02,98,635,2100,2985,3581,3482,2320,1199,777,335,17512,100,590,2008,3127,4262,4264,2426,1042,1038,1027,19884,,,,,,,,,,,,198,1225,4108,6112,7843,7746,4746,2241,1815,1362,37396
2020-11-03,102,645,2158,3120,3756,3724,2474,1283,834,363,18459,103,593,2057,3293,4508,4511,2586,1104,1120,1094,20969,,,,,,,,,,,,205,1238,4215,6413,8264,8235,5060,2387,1954,1457,39428
2020-11-04,106,651,2213,3251,3922,3894,2578,1367,886,390,19258,105,600,2098,3424,4683,4710,2705,1158,1189,1189,21861,,,,,,,,,,,,211,1251,4311,6675,8605,8604,5283,2525,2075,1579,41119
2020-11-05,108,655,2260,3361,4052,4021,2687,1440,935,414,19933,107,602,2150,3544,4843,4893,2825,1230,1267,1292,22753,,,,,,,,,,,,215,1257,4410,6905,8895,8914,5512,2670,2202,1706,42686
2020-11-06,109,659,2314,3472,4167,4146,2813,1527,1000,448,20655,107,606,2199,3658,5015,5087,2948,1303,1344,1377,23644,,,,,,,,,,,,216,1265,4513,7130,9182,9233,5761,2830,2344,1825,44299
2020-11-07,111,662,2337,3532,4246,4233,2875,1574,1033,463,21066,109,607,2231,3720,5110,5187,3008,1347,1392,1413,24124,,,,,,,,,,,,220,1269,4568,7252,9356,9420,5883,2921,2425,1876,45190
2020-11-08,113,664,2352,3562,4281,4282,2912,1597,1056,471,21290,109,608,2239,3767,5148,5235,3050,1369,1414,1427,24366,,,,,,,,,,,,222,1272,4591,7329,9429,9517,5962,2966,2470,1898,45656
2020-11-09,115,666,2383,3638,4384,4387,2986,1647,1099,487,21792,114,613,2275,3856,5273,5346,3141,1402,1459,1474,24953,,,,,,,,,,,,229,1279,4658,7494,9657,9733,6127,3049,2558,1961,46745
2020-11-10,119,673,2461,3809,4561,4597,3152,1762,1161,532,22827,117,620,2339,4029,5462,5589,3289,1493,1560,1648,26146,,,,,,,,,,,,236,1293,4800,7838,10023,10186,6441,3255,2721,2180,48973
2020-11-11,122,680,2534,3958,4740,4783,3305,1831,1219,551,23723,117,625,2420,4180,5646,5819,3438,1551,1648,1738,27182,,,,,,,,,,,,239,1305,4954,8138,10386,10602,6743,3382,2867,2289,50905
2020-11-12,124,689,2582,4084,4861,4932,3391,1908,1260,581,24412,119,628,2471,4309,5786,5973,3561,1607,1720,1835,28009,,,,,,,,,,,,243,1317,5053,8393,10647,10905,6952,3515,2980,2416,52421
2020-11-13,130,697,2637,4220,5002,5093,3521,1987,1321,622,25230,123,635,2532,4440,5951,6164,3689,1662,1800,1935,28931,,,,,,,,,,,,253,1332,5169,8660,10953,11257,7210,3649,3121,2557,54161
2020-11-14,133,703,2667,4282,5084,5184,3579,2025,1348,634,25639,123,635,2560,4524,6057,6264,3756,1699,1843,1983,29444,,,,,,,,,,,,256,1338,5227,8806,11141,11448,7335,3724,3191,2617,55083
2020-11-15,133,704,2683,4313,5127,5225,3613,2048,1371,650,25867,123,637,2571,4570,6098,6308,3779,1718,1872,2040,29716,,,,,,,,,,,,256,1341,5254,8883,11225,11533,7392,3766,3243,2690,55583
2020-11-16,135,705,2723,4416,5256,5363,3700,2104,1409,678,26489,126,640,2622,4690,6235,6459,3869,1759,1929,2158,30487,,,,,,,,,,,,261,1345,5345,9106,11491,11822,7569,3863,3338,2836,56976
2020-11-17,135,715,2782,4564,5439,5556,3848,2183,1478,719,27419,130,644,2687,4827,6428,6661,4015,1837,2043,2303,31575,,,,,,,,,,,,265,1359,5469,9391,11867,12217,7863,4020,3521,3022,58994
2020-11-18,137,724,2867,4719,5607,5745,3997,2280,1540,752,28368,136,651,2766,4990,6612,6896,4156,1909,2148,2430,32694,,,,,,,,,,,,273,1375,5633,9709,12219,12641,8153,4189,3688,3182,61062
2020-11-19,142,733,2921,4838,5712,5843,4107,2333,1588,782,28999,139,656,2840,5103,6770,7053,4262,1955,2252,2582,33612,,,,,,,,,,,,281,1389,5761,9941,12482,12896,8369,4288,3840,3364,62611
2020-11-20,145,739,2990,4967,5859,5997,4230,2411,1637,811,29786,139,665,2912,5253,6905,7239,4399,2014,2322,2668,34516,,,,,,,,,,,,284,1404,5902,10220,12764,13236,8629,4425,3959,3479,64302
2020-11-21,147,741,3033,5042,5950,6101,4313,2466,1666,825,30284,139,668,2949,5348,6998,7357,4476,2051,2359,2698,35043,,,,,,,,,,,,286,1409,5982,10390,12948,13458,8789,4517,4025,3523,65327
2020-11-22,150,741,3054,5078,5990,6151,4341,2478,1683,829,30495,141,671,2970,5400,7029,7398,4499,2069,2391,2735,35303,,,,,,,,,,,,291,1412,6024,10478,13019,13549,8840,4547,4074,3564,65798
2020-11-23,152,747,3089,5174,6088,6266,4431,2534,1731,859,31071,143,675,3015,5508,7141,7541,4594,2111,2448,2859,36035,,,,,,,,,,,,295,1422,6104,10682,13229,13807,9025,4645,4179,3718,67106
2020-11-24,157,752,3170,5336,6288,6455,4577,2615,1790,890,32030,146,686,3106,5708,7397,7786,4755,2178,2556,2992,37310,,,,,,,,,,,,303,1438,6276,11044,13685,14241,9332,4793,4346,3882,69340
2020-11-25,160,764,3231,5490,6459,6612,4700,2675,1849,917,32857,151,691,3174,5850,7564,7982,4888,2237,2634,3094,38265,,,,,,,,,,,,311,1455,6405,11340,14023,14594,9588,4912,4483,4011,71122
2020-11-26,168,770,3290,5586,6607,6768,4800,2741,1897,943,33570,151,701,3248,5981,7699,8150,5004,2308,2717,3205,39164,,,,,,,,,,,,319,1471,6538,11567,14306,14918,9804,5049,4614,4148,72734
2020-11-27,174,777,3353,5707,6725,6884,4924,2806,1949,971,34270,155,706,3310,6109,7856,8331,5099,2363,2820,3316,40065,,,,,,,,,,,,329,1483,6663,11816,14581,15215,10023,5169,4769,4287,74335
2020-11-28,175,781,3388,5798,6828,6979,5009,2858,1982,991,34789,156,711,3341,6205,7961,8436,5183,2410,2870,3382,40655,,,,,,,,,,,,331,1492,6729,12003,14789,15415,10192,5268,4852,4373,75444
2020-11-29,180,783,3398,5829,6865,7015,5040,2885,1991,998,34984,156,714,3357,6256,7990,8481,5212,2425,2893,3403,40887,,,,,,,,,,,,336,1497,6755,12085,14855,15496,10252,5310,4884,4401,75871
2020-11-30,180,787,3447,5930,6961,7108,5117,2937,2043,1029,35539,160,719,3415,6339,8114,8626,5300,2476,2973,3509,41631,,,,,,,,,,,,340,1506,6862,12269,15075,15734,10417,5413,5016,4538,77170
2020-12-01,186,799,3530,6117,7187,7346,5298,3026,2105,1067,36661,164,724,3513,6511,8389,8866,5456,2562,3087,3675,42947,,,,,,,,,,,,350,1523,7043,12628,15576,16212,10754,5588,5192,4742,79608
2020-12-02,191,805,3618,6243,7352,7512,5430,3084,2159,1093,37487,170,731,3585,6656,8555,9066,5578,2630,3154,3772,43897,,,,,,,,,,,,361,1536,7203,12899,15907,16578,11008,5714,5313,4865,81384
2020-12-03,194,817,3680,6391,7520,7644,5542,3152,2206,1118,38264,175,736,3666,6798,8739,9244,5710,2698,3238,3902,44906,,,,,,,,,,,,369,1553,7346,13189,16259,16888,11252,5850,5444,5020,83170
2020-12-04,199,820,3729,6532,7656,7790,5649,3220,2256,1152,39003,178,742,3735,6935,8906,9411,5831,2754,3314,4008,45814,,,,,,,,,,,,377,1562,7464,13467,16562,17201,11480,5974,5570,5160,84817
2020-12-05,201,822,3777,6620,7759,7859,5702,3267,2282,1168,39457,180,745,3789,7028,8999,9513,5910,2802,3369,4058,46393,,,,,,,,,,,,381,1567,7566,13648,16758,17372,11612,6069,5651,5226,85850
2020-12-06,203,822,3791,6669,7804,7901,5734,3290,2298,1177,39689,181,746,3803,7074,9050,9553,5945,2816,3390,4083,46641,,,,,,,,,,,,384,1568,7594,13743,16854,17454,11679,6106,5688,5260,86330
2020-12-07,205,827,3841,6807,7926,8047,5824,3357,2355,1214,40403,184,754,3856,7216,9200,9722,6051,2873,3496,4205,47557,,,,,,,,,,,,389,1581,7697,14023,17126,17769,11875,6230,5851,5419,87960
2020-12-08,210,833,3930,6985,8154,8242,5983,3452,2416,1241,41446,189,763,3946,7393,9404,9970,6204,2955,3561,4269,48654,,,,,,,,,,,,399,1596,7876,14378,17558,18212,12187,6407,5977,5510,90100
2020-12-09,220,845,3999,7141,8336,8412,6134,3519,2464,1257,42327,192,770,4016,7588,9573,10199,6314,3019,3620,4334,49625,,,,,,,,,,,,412,1615,8015,14729,17909,18611,12448,6538,6084,5591,91952
2020-12-10,226,856,4061,7295,8497,8551,6272,3595,2525,1285,43163,197,785,4091,7725,9743,10396,6459,3092,3699,4418,50605,,,,,,,,,,,,423,1641,8152,15020,18240,18947,12731,6687,6224,5703,93768
2020-12-11,230,867,4121,7442,8653,8730,6402,3656,2572,1299,43972,205,792,4169,7884,9921,10579,6592,3151,3769,4484,51546,,,,,,,,,,,,435,1659,8290,15326,18574,19309,12994,6807,6341,5783,95518
2020-12-12,232,870,4154,7508,8723,8807,6461,3697,2599,1307,44358,209,792,4197,7957,10014,10655,6669,3180,3803,4518,51994,,,,,,,,,,,,441,1662,8351,15465,18737,19462,13130,6877,6402,5825,96352
2020-12-13,233,872,4167,7534,8759,8847,6493,3721,2614,1317,44557,209,793,4209,7991,10063,10696,6695,3201,3826,4545,52228,,,,,,,,,,,,442,1665,8376,15525,18822,19543,13188,6922,6440,5862,96785
2020-12-14,234,876,4202,7655,8894,8985,6595,3786,2664,1344,45235,211,799,4267,8109,10201,10865,6809,3249,3910,4662,53082,,,,,,,,,,,,445,1675,8469,15764,19095,19850,13404,7035,6574,6006,98317
2020-12-15,242,899,4268,7812,9105,9173,6769,3865,2711,1367,46211,215,813,4347,8289,10400,11110,6967,3324,3992,4761,54218,,,,,,,,,,,,457,1712,8615,16101,19505,20283,13736,7189,6703,6128,100429
2020-12-16,250,908,4338,7943,9280,9325,6874,3937,2752,1383,46990,221,826,4408,8426,10580,11281,7097,3390,4049,4809,55087,,,,,,,,,,,,471,1734,8746,16369,19860,20606,13971,7327,6801,6192,102077
2020-12-17,254,919,4395,8055,9415,9475,6980,4006,2791,1404,47694,224,833,4467,8572,10744,11432,7214,3444,4111,4859,55900,,,,,,,,,,,,478,1752,8862,16627,20159,20907,14194,7450,6902,6263,103594
2020-12-18,262,926,4449,8182,9550,9580,7103,4066,2829,1413,48360,226,838,4509,8693,10905,11594,7315,3497,4177,4910,56664,,,,,,,,,,,,488,1764,8958,16875,20455,21174,14418,7563,7006,6323,105024
2020-12-19,263,930,4492,8271,9619,9639,7180,4111,2851,1421,48777,229,844,4541,8790,10994,11677,7387,3542,4199,4926,57129,,,,,,,,,,,,492,1774,9033,17061,20613,21316,14567,7653,7050,6347,105906
2020-12-20,264,932,4500,8301,9659,9661,7216,4141,2867,1428,48969,231,849,4563,8823,11042,11710,7406,3552,4218,4939,57333,,,,,,,,,,,,495,1781,9063,17124,20701,21371,14622,7693,7085,6367,106302
2020-12-21,266,946,4540,8405,9799,9785,7328,4216,2923,1457,49665,235,858,4610,8942,11193,11881,7516,3603,4308,5042,58188,,,,,,,,,,,,501,1804,9150,17347,20992,21666,14844,7819,7231,6499,107853
2020-12-22,273,963,4602,8579,9986,9991,7519,4312,2987,1474,50686,242,868,4703,9121,11410,12113,7682,3696,4382,5107,59324,,,,,,,,,,,,515,1831,9305,17700,21396,22104,15201,8008,7369,6581,110010
2020-12-23,281,979,4690,8731,10162,10184,7696,4406,3039,1483,51651,245,882,4776,9314,11626,12334,7855,3784,4441,5166,60423,,,,,,,,,,,,526,1861,9466,18045,21788,22518,15551,8190,7480,6649,112074
2020-12-24,288,996,4776,8881,10335,10344,7837,4493,3091,1498,52539,249,889,4853,9466,11788,12522,8008,3859,4501,5212,61347,,,,,,,,,,,,537,1885,9629,18347,22123,22866,15845,8352,7592,6710,113886
2020-12-25,291,997,4791,8909,10370,10369,7872,4511,3110,1502,52722,251,891,4870,9490,11816,12563,8032,3876,4517,5227,61533,,,,,,,,,,,,542,1888,9661,18399,22186,22932,15904,8387,7627,6729,114255
2020-12-26,292,1003,4807,8964,10429,10433,7913,4549,3127,1509,53026,252,893,4898,9543,11881,12630,8064,3902,4541,5248,61852,,,,,,,,,,,,544,1896,9705,18507,22310,23063,15977,8451,7668,6757,114878
2020-12-27,299,1007,4817,9000,10478,10482,7953,4567,3148,1520,53271,253,898,4921,9594,11945,12676,8101,3919,4561,5272,62140,,,,,,,,,,,,552,1905,9738,18594,22423,23158,16054,8486,7709,6792,115411
2020-12-28,302,1015,4892,9170,10642,10660,8106,4667,3199,1542,54195,259,907,4989,9783,12150,12896,8252,4026,4614,5332,63208,,,,,,,,,,,,561,1922,9881,18953,22792,23556,16358,8693,7813,6874,117403
2020-12-29,308,1030,4988,9376,10864,10854,8314,4793,3258,1566,55351,265,924,5081,9975,12412,13120,8451,4143,4705,5406,64482,,,,,,,,,,,,573,1954,10069,19351,23276,23974,16765,8936,7963,6972,119833
2020-12-30,316,1052,5090,9576,11053,11058,8517,4908,3325,1579,56474,267,941,5215,10198,12659,13371,8659,4244,4781,5453,65788,,,,,,,,,,,,583,1993,10305,19774,23712,24429,17176,9152,8106,7032,122262
2020-12-31,324,1070,5169,9732,11201,11210,8651,4980,3372,1592,57301,275,957,5303,10345,12877,13542,8796,4316,4838,5484,66733,,,,,,,,,,,,599,2027,10472,20077,24078,24752,17447,9296,8210,7076,124034
2021-01-01,327,1074,5178,9763,11239,11241,8674,5000,3387,1596,57479,276,960,5320,10388,12919,13573,8826,4336,4857,5498,66953,,,,,,,,,,,,603,2034,10498,20151,24158,24814,17500,9336,8244,7094,124432
2021-01-02,332,1082,5214,9827,11315,11304,8735,5046,3419,1608,57882,276,965,5345,10450,12982,13635,8895,4364,4883,5516,67311,,,,,,,,,,,,608,2047,10559,20277,24297,24939,17630,9410,8302,7124,125193
2021-01-03,333,1091,5256,9897,11383,11371,8780,5075,3436,1616,58238,276,970,5366,10523,13064,13725,8947,4397,4917,5536,67721,,,,,,,,,,,,609,2061,10622,20420,24447,25096,17727,9472,8353,7152,125959
2021-01-04,336,1105,5373,10160,11615,11631,8969,5187,3504,1630,59510,282,988,5478,10770,13351,13992,9136,4489,4984,5584,69054,,,,,,,,,,,,618,2093,10851,20930,24966,25623,18105,9676,8488,7214,128564
2021-01-05,343,1134,5540,10478,11969,11928,9221,5321,3563,1660,61157,292,1011,5671,11075,13693,14331,9400,4624,5084,5654,70835,,,,,,,,,,,,635,2145,11211,21553,25662,26259,18621,9945,8647,7314,131992
2021-01-06,348,1155,5688,10714,12226,12176,9407,5432,3631,1685,62462,302,1033,5818,11304,13981,14600,9601,4743,5144,5701,72227,,,,,,,,,,,,650,2188,11506,22018,26207,26776,19008,10175,8775,7386,134689
2021-01-07,352,1173,5803,10886,12403,12357,9543,5538,3703,1705,63463,305,1053,5914,11470,14181,14784,9766,4837,5222,5778,73310,,,,,,,,,,,,657,2226,11717,22356,26584,27141,19309,10375,8925,7483,136773
2021-01-08,360,1187,5907,11030,12581,12517,9680,5639,3746,1721,64368,311,1071,6009,11634,14375,14960,9908,4922,5276,5801,74267,,,,,,,,,,,,671,2258,11916,22664,26956,27477,19588,10561,9022,7522,138635
2021-01-09,369,1199,5937,11098,12648,12571,9729,5683,3772,1731,64737,312,1085,6044,11678,14455,15027,9955,4961,5314,5830,74661,,,,,,,,,,,,681,2284,11981,22776,27103,27598,19684,10644,9086,7561,139398
2021-01-10,370,1204,5950,11139,12689,12603,9767,5710,3787,1736,64955,315,1087,6059,11716,14491,15056,9983,4978,5331,5853,74869,,,,,,,,,,,,685,2291,12009,22855,27180,27659,19750,10688,9118,7589,139824
2021-01-11,375,1219,6019,11302,12884,12797,9915,5806,3840,1762,65919,322,1098,6131,11869,14674,15261,10097,5064,5388,5911,75815,,,,,,,,,,,,697,2317,12150,23171,27558,28058,20012,10870,9228,7673,141734
2021-01-12,383,1234,6103,11474,13095,12982,10062,5902,3900,1778,66913,330,1119,6221,12032,14876,15502,10263,5156,5465,5961,76925,,,,,,,,,,,,713,2353,12324,23506,27971,28484,20325,11058,9365,7739,143838
2021-01-13,388,1247,6172,11629,13279,13142,10207,5990,3941,1794,67789,340,1138,6290,12172,15065,15672,10423,5235,5530,5992,77857,,,,,,,,,,,,728,2385,12462,23801,28344,28814,20630,11225,9471,7786,145646
2021-01-14,397,1267,6215,11754,13409,13291,10326,6053,3992,1805,68509,346,1153,6346,12286,15213,15820,10531,5315,5595,6033,78638,,,,,,,,,,,,743,2420,12561,24040,28622,29111,20857,11368,9587,7838,147147
2021-01-15,405,1277,6294,11879,13542,13451,10427,6129,4031,1817,69252,353,1168,6412,12411,15365,15980,10659,5382,5651,6063,79444,,,,,,,,,,,,758,2445,12706,24290,28907,29431,21086,11511,9682,7880,148696
2021-01-16,409,1282,6317,11926,13604,13508,10473,6151,4049,1826,69545,353,1174,6433,12457,15423,16023,10704,5410,5668,6080,79725,,,,,,,,,,,,762,2456,12750,24383,29027,29531,21177,11561,9717,7906,149270
2021-01-17,411,1282,6335,11944,13636,13532,10496,6169,4055,1835,69695,353,1177,6445,12478,15451,16046,10728,5426,5680,6091,79875,,,,,,,,,,,,764,2459,12780,24422,29087,29578,21224,11595,9735,7926,149570
2021-01-18,415,1294,6397,12107,13821,13686,10627,6245,4095,1855,70542,360,1192,6512,12637,15614,16205,10859,5498,5730,6128,80735,,,,,,,,,,,,775,2486,12909,24744,29435,29891,21486,11743,9825,7983,151277
2021-01-19,428,1318,6444,12263,13982,13859,10784,6320,4140,1864,71402,367,1209,6574,12759,15792,16388,10995,5571,5783,6154,81592,,,,,,,,,,,,795,2527,13018,25022,29774,30247,21779,11891,9923,8018,152994
2021-01-20,447,1334,6506,12383,14116,13994,10863,6386,4189,1876,72094,377,1220,6625,12890,15938,16552,11105,5653,5826,6172,82358,,,,,,,,,,,,824,2554,13131,25273,30054,30546,21968,12039,10015,8048,154452
2021-01-21,453,1353,6560,12517,14243,14141,10971,6458,4217,1894,72807,380,1233,6690,13011,16056,16704,11220,5717,5871,6222,83104,,,,,,,,,,,,833,2586,13250,25528,30299,30845,22191,12175,10088,8116,155911
2021-01-22,467,1375,6626,12628,14392,14272,11060,6537,4253,1903,73513,385,1258,6757,13134,16213,16866,11340,5783,5923,6259,83918,,,,,,,,,,,,852,2633,13383,25762,30605,31138,22400,12320,10176,8162,157431
2021-01-23,471,1380,6646,12673,14443,14315,11103,6562,4270,1907,73770,390,1264,6781,13178,16264,16911,11386,5817,5941,6270,84202,,,,,,,,,,,,861,2644,13427,25851,30707,31226,22489,12379,10211,8177,157972
2021-01-24,475,1382,6656,12701,14476,14348,11119,6570,4279,1915,73921,390,1267,6792,13206,16279,16943,11404,5833,5958,6276,84348,,,,,,,,,,,,865,2649,13448,25907,30755,31291,22523,12403,10237,8191,158269
2021-01-25,480,1398,6710,12819,14632,14519,11267,6635,4308,1924,74692,399,1287,6858,13334,16491,17127,11548,5896,6007,6312,85259,,,,,,,,,,,,879,2685,13568,26153,31123,31646,22815,12531,10315,8236,159951
2021-01-26,495,1426,6788,12968,14832,14728,11411,6713,4343,1934,75638,407,1314,6932,13476,16676,17321,11694,5984,6048,6338,86190,,,,,,,,,,,,902,2740,13720,26444,31508,32049,23105,12697,10391,8272,161828
2021-01-27,504,1450,6856,13099,14984,14908,11548,6784,4364,1943,76440,412,1336,6989,13597,16817,17485,11794,6057,6088,6354,86929,,,,,,,,,,,,916,2786,13845,26696,31801,32393,23342,12841,10452,8297,163369
2021-01-28,511,1480,6919,13201,15108,15021,11651,6836,4399,1955,77081,420,1368,7059,13692,16959,17606,11883,6111,6114,6381,87593,,,,,,,,,,,,931,2848,13978,26893,32067,32627,23534,12947,10513,8336,164674
2021-01-29,518,1510,6984,13301,15223,15132,11737,6896,4422,1968,77691,434,1395,7126,13809,17094,17746,11981,6166,6142,6392,88285,,,,,,,,,,,,952,2905,14110,27110,32317,32878,23718,13062,10564,8360,165976
2021-01-30,523,1527,7023,13338,15282,15183,11784,6925,4430,1971,77986,438,1412,7153,13853,17156,17790,12025,6191,6157,6403,88578,,,,,,,,,,,,961,2939,14176,27191,32438,32973,23809,13116,10587,8374,166564
2021-01-31,526,1530,7032,13368,15308,15210,11809,6941,4441,1973,78138,440,1417,7169,13887,17206,17824,12054,6201,6166,6410,88774,,,,,,,,,,,,966,2947,14201,27255,32514,33034,23863,13142,10607,8383,166912
2021-02-01,532,1552,7095,13478,15445,15343,11921,6980,4467,1985,78798,449,1442,7231,14014,17426,18013,12180,6254,6192,6429,89630,,,,,,,,,,,,981,2994,14326,27492,32871,33356,24101,13234,10659,8414,168428
2021-02-02,547,1575,7162,13607,15632,15513,12031,7052,4502,2002,79623,465,1471,7314,14115,17587,18145,12292,6312,6227,6443,90371,,,,,,,,,,,,1012,3046,14476,27722,33219,33658,24323,13364,10729,8445,169994
2021-02-03,559,1610,7221,13701,15757,15642,12114,7112,4530,2011,80257,474,1508,7360,14221,17712,18264,12382,6374,6255,6454,91004,,,,,,,,,,,,1033,3118,14581,27922,33469,33906,24496,13486,10785,8465,171261
2021-02-04,570,1636,7275,13780,15843,15725,12169,7157,4558,2019,80732,483,1526,7412,14310,17820,18343,12435,6411,6279,6470,91489,,,,,,,,,,,,1053,3162,14687,28090,33663,34068,24604,13568,10837,8489,172221
2021-02-05,583,1660,7319,13854,15944,15802,12250,7190,4575,2026,81203,489,1556,7464,14402,17913,18450,12493,6447,6305,6482,92001,,,,,,,,,,,,1072,3216,14783,28256,33857,34252,24743,13637,10880,8508,173204
2021-02-06,592,1671,7341,13890,16000,15834,12284,7214,4582,2031,81439,493,1569,7486,14447,17971,18490,12526,6469,6325,6487,92263,,,,,,,,,,,,1085,3240,14827,28337,33971,34324,24810,13683,10907,8518,173702
2021-02-07,593,1676,7353,13916,16039,15865,12307,7227,4590,2032,81598,496,1572,7500,14474,18000,18515,12541,6482,6339,6493,92412,,,,,,,,,,,,1089,3248,14853,28390,34039,34380,24848,13709,10929,8525,174010
2021-02-08,596,1679,7360,13934,16068,15893,12329,7246,4595,2034,81734,500,1577,7515,14498,18051,18558,12579,6494,6345,6497,92614,,,,,,,,,,,,1096,3256,14875,28432,34119,34451,24908,13740,10940,8531,174348
2021-02-09,604,1705,7400,14025,16204,16006,12411,7284,4620,2040,82299,508,1599,7581,14638,18261,18723,12699,6528,6369,6512,93418,,,,,,,,,,,,1112,3304,14981,28663,34465,34729,25110,13812,10989,8552,175717
2021-02-10,615,1732,7463,14132,16332,16120,12497,7318,4643,2046,82898,515,1636,7649,14782,18416,18866,12797,6577,6400,6519,94157,,,,,,,,,,,,1130,3368,15112,28914,34748,34986,25294,13895,11043,8565,177055
2021-02-11,624,1750,7526,14216,16428,16212,12558,7354,4661,2049,83378,525,1664,7711,14868,18541,18954,12892,6614,6426,6529,94724,,,,,,,,,,,,1149,3414,15237,29084,34969,35166,25450,13968,11087,8578,178102
2021-02-12,632,1784,7561,14283,16525,16303,12634,7387,4677,2058,83844,533,1698,7765,14952,18649,19058,12973,6649,6443,6531,95251,,,,,,,,,,,,1165,3482,15326,29235,35174,35361,25607,14036,11120,8589,179095
2021-02-13,639,1793,7575,14310,16563,16333,12657,7405,4689,2061,84025,536,1706,7779,14985,18696,19097,12999,6666,6452,6539,95455,,,,,,,,,,,,1175,3499,15354,29295,35259,35430,25656,14071,11141,8600,179480
2021-02-14,640,1803,7582,14334,16589,16359,12671,7417,4695,2061,84151,538,1712,7788,15009,18716,19121,13016,6672,6459,6542,95573,,,,,,,,,,,,1178,3515,15370,29343,35305,35480,25687,14089,11154,8603,179724
2021-02-15,642,1840,7611,14403,16644,16426,12723,7442,4707,2064,84502,546,1731,7824,15068,18813,19194,13076,6692,6469,6553,95966,,,,,,,,,,,,1188,3571,15435,29471,35457,35620,25799,14134,11176,8617,180468
2021-02-16,653,1878,7664,14486,16742,16524,12810,7484,4727,2073,85041,559,1765,7888,15142,18908,19308,13173,6732,6494,6558,96527,,,,,,,,,,,,1212,3643,15552,29628,35650,35832,25983,14216,11221,8631,181568
2021-02-17,661,1901,7719,14551,16839,16594,12858,7511,4743,2079,85456,566,1793,7927,15208,19012,19398,13225,6774,6520,6563,96986,,,,,,,,,,,,1227,3694,15646,29759,35851,35992,26083,14285,11263,8642,182442
2021-02-18,669,1928,7766,14611,16930,16678,12913,7553,4769,2085,85902,567,1817,7993,15265,19103,19487,13277,6816,6551,6574,97450,,,,,,,,,,,,1236,3745,15759,29876,36033,36165,26190,14369,11320,8659,183352
2021-02-19,678,1973,7814,14677,17014,16778,12967,7599,4782,2091,86373,577,1859,8036,15342,19209,19575,13346,6850,6567,6578,97939,,,,,,,,,,,,1255,3832,15850,30019,36223,36353,26313,14449,11349,8669,184312
2021-02-20,682,1995,7833,14706,17048,16811,12992,7619,4788,2093,86567,581,1879,8063,15388,19241,19606,13377,6871,6576,6582,98164,,,,,,,,,,,,1263,3874,15896,30094,36289,36417,26369,14490,11364,8675,184731
2021-02-21,686,2005,7845,14724,17073,16825,13011,7631,4797,2094,86691,581,1890,8071,15413,19266,19628,13394,6876,6584,6586,98289,,,,,,,,,,,,1267,3895,15916,30137,36339,36453,26405,14507,11381,8680,184980
2021-02-22,693,2038,7882,14788,17162,16892,13066,7678,4821,2097,87117,591,1921,8128,15479,19368,19719,13463,6912,6595,6590,98766,,,,,,,,,,,,1284,3959,16010,30267,36530,36611,26529,14590,11416,8687,185883
2021-02-23,701,2076,7925,14857,17259,17006,13142,7722,4841,2101,87630,603,1966,8198,15563,19491,19821,13535,6964,6610,6597,99348,,,,,,,,,,,,1304,4042,16123,30420,36750,36827,26677,14686,11451,8698,186978
2021-02-24,714,2103,7974,14917,17344,17065,13205,7759,4855,2104,88040,613,2002,8242,15622,19580,19900,13594,7003,6634,6607,99797,,,,,,,,,,,,1327,4105,16216,30539,36924,36965,26799,14762,11489,8711,187837
2021-02-25,717,2142,8029,14968,17427,17145,13273,7805,4880,2106,88492,617,2046,8288,15687,19688,19979,13650,7045,6656,6609,100265,,,,,,,,,,,,1334,4188,16317,30655,37115,37124,26923,14850,11536,8715,188757
2021-02-26,722,2182,8080,15011,17526,17226,13336,7861,4900,2113,88957,626,2075,8351,15746,19779,20074,13710,7098,6672,6618,100749,,,,,,,,,,,,1348,4257,16431,30757,37305,37300,27046,14959,11572,8731,189706
2021-02-27,725,2204,8108,15046,17556,17263,13362,7884,4908,2114,89170,626,2093,8382,15784,19829,20117,13737,7116,6686,6620,100990,,,,,,,,,,,,1351,4297,16490,30830,37385,37380,27099,15000,11594,8734,190160
2021-02-28,730,2214,8126,15060,17576,17286,13376,7894,4914,2115,89291,627,2102,8393,15806,19859,20134,13750,7125,6693,6625,101114,,,,,,,,,,,,1357,4316,16519,30866,37435,37420,27126,15019,11607,8740,190405
2021-03-01,733,2247,8155,15100,17631,17346,13417,7934,4929,2116,89608,632,2130,8430,15869,19944,20212,13803,7161,6714,6630,101525,,,,,,,1,,,,1,1365,4377,16585,30969,37575,37558,27221,15095,11643,8746,191134
2021-03-02,739,2292,8215,15179,17744,17461,13491,7990,4955,2123,90189,638,2187,8510,15943,20068,20325,13893,7212,6742,6637,102155,,,,,,,1,,,,1,1377,4479,16725,31122,37812,37786,27385,15202,11697,8760,192345
2021-03-03,748,2344,8278,15258,17850,17541,13561,8022,4972,2126,90700,649,2233,8557,16017,20169,20416,13964,7256,6765,6640,102666,,,,,,,1,,,,1,1397,4577,16835,31275,38019,37957,27526,15278,11737,8766,193367
2021-03-04,749,2388,8331,15306,17924,17609,13624,8072,4985,2127,91115,657,2275,8617,16070,20261,20486,14033,7307,6787,6643,103136,,,,,,,1,,,,1,1406,4663,16948,31376,38185,38095,27658,15379,11772,8770,194252
2021-03-05,752,2434,8390,15359,18005,17685,13688,8097,5007,2132,91549,667,2322,8679,16134,20354,20567,14094,7345,6815,6650,103627,,,,,1,,1,,,,2,1419,4756,17069,31493,38360,38252,27783,15442,11822,8782,195178
2021-03-06,753,2451,8416,15383,18046,17719,13715,8118,5016,2137,91754,669,2331,8703,16161,20391,20605,14117,7359,6817,6653,103806,,,,,1,,1,,,,2,1422,4782,17119,31544,38438,38324,27833,15477,11833,8790,195562
2021-03-07,753,2462,8427,15402,18070,17732,13726,8128,5017,2138,91855,670,2338,8709,16174,20412,20629,14131,7372,6826,6654,103915,,,,,1,,1,,,,2,1423,4800,17136,31576,38483,38361,27858,15500,11843,8792,195772
2021-03-08,754,2493,8459,15453,18137,17805,13779,8158,5031,2143,92212,676,2372,8756,16215,20495,20703,14182,7407,6837,6658,104301,,,,,1,,1,,,,2,1430,4865,17215,31668,38633,38508,27962,15565,11868,8801,196515
2021-03-09,760,2534,8500,15524,18239,17881,13851,8194,5054,2147,92684,679,2410,8830,16273,20597,20794,14244,7439,6860,6662,104788,,,,,1,,1,,,,2,1439,4944,17330,31797,38837,38675,28096,15633,11914,8809,197474
2021-03-10,765,2587,8540,15582,18309,17939,13911,8232,5067,2150,93082,684,2450,8887,16337,20700,20882,14295,7475,6875,6666,105251,,,,,1,,1,,,,2,1449,5037,17427,31919,39010,38821,28207,15707,11942,8816,198335
2021-03-11,768,2621,8594,15631,18386,18005,13949,8272,5082,2154,93462,691,2479,8933,16399,20766,20957,14345,7507,6892,6674,105643,,,,,1,,1,,,,2,1459,5100,17527,32030,39153,38962,28295,15779,11974,8828,199107
2021-03-12,773,2660,8645,15697,18465,18080,14007,8306,5095,2158,93886,691,2502,8981,16460,20856,21050,14399,7549,6902,6680,106070,,,,,2,,1,,,,3,1464,5162,17626,32157,39323,39130,28407,15855,11997,8838,199959
2021-03-13,782,2680,8679,15718,18506,18121,14041,8322,5106,2162,94117,692,2530,9004,16505,20905,21090,14429,7571,6912,6683,106321,,,,,2,,1,,,,3,1474,5210,17683,32223,39413,39211,28471,15893,12018,8845,200441
2021-03-14,784,2689,8688,15730,18531,18145,14051,8330,5112,2164,94224,693,2535,9014,16518,20932,21107,14441,7580,6914,6685,106419,,,,,2,,1,,,,3,1477,5224,17702,32248,39465,39252,28493,15910,12026,8849,200646
2021-03-15,790,2729,8733,15794,18621,18226,14102,8362,5126,2171,94654,695,2572,9059,16587,21065,21186,14511,7606,6936,6692,106909,,,1,,2,,1,,,,4,1485,5301,17793,32381,39688,39412,28614,15968,12062,8863,201567
2021-03-16,795,2788,8798,15871,18718,18311,14174,8413,5145,2175,95188,701,2623,9136,16652,21177,21296,14585,7656,6960,6702,107488,,,1,,2,,1,,,,4,1496,5411,17935,32523,39897,39607,28760,16069,12105,8877,202680
2021-03-17,801,2852,8852,15939,18816,18392,14239,8456,5166,2176,95689,705,2672,9192,16713,21264,21394,14647,7698,6975,6703,107963,,,1,,2,,1,,,,4,1506,5524,18045,32652,40082,39786,28887,16154,12141,8879,203656
2021-03-18,807,2905,8906,16001,18905,18485,14291,8498,5187,2178,96163,716,2712,9242,16765,21371,21473,14707,7738,6997,6711,108432,,,1,,2,,1,,,,4,1523,5617,18149,32766,40278,39958,28999,16236,12184,8889,204599
2021-03-19,815,2953,8978,16064,19007,18571,14357,8546,5209,2183,96683,719,2769,9304,16830,21475,21555,14772,7796,7009,6716,108945,,,1,,2,,1,,,,4,1534,5722,18283,32894,40484,40126,29130,16342,12218,8899,205632
2021-03-20,815,2977,9010,16086,19059,18606,14394,8571,5215,2183,96916,722,2800,9336,16873,21541,21596,14810,7820,7015,6717,109230,,,1,,2,,1,,,,4,1537,5777,18347,32959,40602,40202,29205,16391,12230,8900,206150
2021-03-21,815,2990,9029,16107,19086,18630,14417,8582,5221,2184,97061,722,2812,9350,16899,21575,21622,14829,7830,7018,6718,109375,,,1,,2,,1,,,,4,1537,5802,18380,33006,40663,40252,29247,16412,12239,8902,206440
2021-03-22,821,3033,9096,16164,19179,18709,14491,8623,5231,2188,97535,729,2840,9403,16956,21721,21717,14906,7861,7030,6723,109886,,,1,,2,,1,,,,4,1550,5873,18500,33120,40902,40426,29398,16484,12261,8911,207425
2021-03-23,831,3105,9158,16244,19304,18850,14565,8682,5246,2190,98175,741,2897,9473,17026,21869,21848,14989,7909,7045,6738,110535,,,1,,2,,1,,,,4,1572,6002,18632,33270,41175,40698,29555,16591,12291,8928,208714
2021-03-24,839,3163,9236,16312,19404,18951,14639,8717,5266,2194,98721,749,2961,9538,17117,22016,21939,15061,7965,7060,6745,111151,,,1,,2,1,1,,,,5,1588,6124,18775,33429,41422,40891,29701,16682,12326,8939,209877
2021-03-25,846,3218,9305,16372,19485,19036,14708,8759,5285,2195,99209,757,3007,9598,17197,22141,22041,15117,8006,7079,6757,111700,,,1,,2,1,1,,,,5,1603,6225,18904,33569,41628,41078,29826,16765,12364,8952,210914
2021-03-26,854,3295,9377,16455,19607,19160,14788,8802,5300,2198,99836,769,3078,9663,17268,22270,22151,15205,8060,7098,6763,112325,,,1,,2,1,1,,,,5,1623,6373,19041,33723,41879,41312,29994,16862,12398,8961,212166
2021-03-27,859,3335,9431,16506,19655,19215,14828,8825,5306,2202,100162,771,3118,9697,17291,22349,22205,15246,8086,7110,6767,112640,,,1,,2,1,1,,,,5,1630,6453,19129,33797,42006,41421,30075,16911,12416,8969,212807
2021-03-28,861,3356,9446,16529,19679,19233,14844,8838,5310,2203,100299,772,3129,9713,17311,22383,22237,15264,8094,7117,6771,112791,,,1,,2,1,1,,,,5,1633,6485,19160,33840,42064,41471,30109,16932,12427,8974,213095
2021-03-29,867,3421,9504,16596,19781,19345,14905,8873,5321,2207,100820,781,3175,9780,17403,22496,22366,15328,8121,7125,6779,113354,,,1,,2,1,1,,,,5,1648,6596,19285,33999,42279,41712,30234,16994,12446,8986,214179
2021-03-30,879,3492,9594,16711,19940,19511,15008,8936,5330,2208,101609,790,3244,9876,17503,22647,22525,15440,8184,7140,6788,114137,,,1,,2,1,1,,,,5,1669,6736,19471,34214,42589,42037,30449,17120,12470,8996,215751
2021-03-31,886,3567,9688,16791,20060,19633,15082,8985,5344,2208,102244,797,3308,9968,17604,22803,22646,15529,8236,7156,6792,114839,,,2,,2,1,1,,,,6,1683,6875,19658,34395,42865,42280,30612,17221,12500,9000,217089
2021-04-01,895,3623,9768,16869,20178,19749,15152,9045,5349,2210,102838,800,3368,10041,17690,22930,22736,15604,8280,7169,6798,115416,,,2,,2,1,1,,,,6,1695,6991,19811,34559,43110,42486,30757,17325,12518,9008,218260
2021-04-02,906,3674,9853,16950,20300,19876,15242,9095,5360,2215,103471,810,3436,10146,17764,23070,22848,15681,8344,7179,6804,116082,,,2,,2,1,1,,,,6,1716,7110,20001,34714,43372,42725,30924,17439,12539,9019,219559
2021-04-03,909,3705,9903,17004,20368,19942,15276,9121,5367,2218,103813,816,3465,10211,17816,23147,22908,15716,8380,7193,6809,116461,,,2,,2,1,1,,,,6,1725,7170,20116,34820,43517,42851,30993,17501,12560,9027,220280
2021-04-04,912,3717,9922,17020,20406,19961,15293,9130,5368,2220,103949,817,3481,10235,17833,23173,22932,15738,8391,7197,6811,116608,,,2,,2,1,1,,,,6,1729,7198,20159,34853,43581,42894,31032,17521,12565,9031,220563
2021-04-05,912,3729,9937,17032,20427,19986,15318,9140,5372,2223,104076,818,3491,10251,17850,23208,22956,15757,8407,7204,6812,116754,,,2,,2,1,1,,,,6,1730,7220,20190,34882,43637,42943,31076,17547,12576,9035,220836
2021-04-06,920,3767,9996,17104,20534,20096,15408,9193,5380,2226,104624,825,3547,10325,17933,23348,23074,15847,8457,7220,6821,117397,,,2,,2,1,1,,,,6,1745,7314,20323,35037,43884,43171,31256,17650,12600,9047,222027
2021-04-07,929,3828,10074,17206,20692,20240,15504,9262,5401,2228,105364,827,3605,10418,18046,23513,23238,15945,8530,7233,6831,118186,,,2,,2,1,1,,,,6,1756,7433,20494,35252,44207,43479,31450,17792,12634,9059,223556
2021-04-08,938,3879,10161,17287,20814,20341,15602,9320,5423,2230,105995,830,3645,10494,18114,23682,23356,16033,8598,7248,6839,118839,,,2,,2,1,1,,,,6,1768,7524,20657,35401,44498,43698,31636,17918,12671,9069,224840
2021-04-09,943,3925,10216,17367,20933,20449,15694,9372,5437,2231,106567,834,3707,10580,18202,23821,23492,16120,8659,7261,6847,119523,,,2,,2,1,1,,,,6,1777,7632,20798,35569,44756,43942,31815,18031,12698,9078,226096
2021-04-10,949,3955,10244,17397,20990,20495,15730,9398,5438,2232,106828,839,3734,10604,18245,23881,23545,16159,8681,7273,6850,119811,,,2,,2,1,1,,,,6,1788,7689,20850,35642,44873,44041,31890,18079,12711,9082,226645
2021-04-11,950,3981,10256,17410,21023,20521,15748,9407,5443,2234,106973,839,3746,10619,18265,23916,23572,16175,8692,7280,6853,119957,,,2,,2,1,1,,,,6,1789,7727,20877,35675,44941,44094,31924,18099,12723,9087,226936
2021-04-12,956,4028,10317,17474,21137,20623,15811,9447,5448,2238,107479,843,3793,10687,18344,24016,23679,16240,8743,7293,6863,120501,,,2,,2,1,1,,,,6,1799,7821,21006,35818,45155,44303,32052,18190,12741,9101,227986
2021-04-13,966,4079,10378,17560,21249,20741,15905,9492,5460,2240,108070,851,3850,10768,18435,24136,23787,16341,8805,7307,6866,121146,,,2,,2,1,1,,,,6,1817,7929,21148,35995,45387,44529,32247,18297,12767,9106,229222
2021-04-14,972,4123,10431,17619,21328,20804,15971,9522,5474,2244,108488,856,3890,10819,18487,24240,23881,16401,8850,7321,6875,121620,,,2,,2,1,1,,,,6,1828,8013,21252,36106,45570,44686,32373,18372,12795,9119,230114
2021-04-15,976,4163,10485,17660,21410,20889,16023,9573,5491,2247,108917,861,3918,10890,18536,24316,23954,16453,8893,7346,6885,122052,,,3,,2,1,1,,,,7,1837,8081,21378,36196,45728,44844,32477,18466,12837,9132,230976
2021-04-16,979,4195,10531,17713,21471,20953,16080,9610,5503,2250,109285,872,3948,10944,18581,24389,24031,16501,8934,7363,6893,122456,,,3,,2,1,1,,,,7,1851,8143,21478,36294,45862,44985,32582,18544,12866,9143,231748
2021-04-17,986,4218,10564,17743,21511,20994,16099,9632,5507,2256,109510,876,3963,10967,18617,24436,24080,16531,8964,7376,6896,122706,,,3,,2,1,2,,,,8,1862,8181,21534,36360,45949,45075,32632,18596,12883,9152,232224
2021-04-18,986,4229,10573,17766,21526,21019,16118,9638,5509,2258,109622,877,3970,10983,18636,24456,24101,16547,8975,7382,6900,122827,,,3,,2,1,2,,,,8,1863,8199,21559,36402,45984,45121,32667,18613,12891,9158,232457
2021-04-19,997,4256,10614,17791,21600,21069,16162,9662,5522,2259,109932,881,3998,11033,18688,24533,24175,16604,9017,7400,6912,123241,,,3,,2,1,2,,,,8,1878,8254,21650,36479,46135,45245,32768,18679,12922,9171,233181
2021-04-20,1016,4295,10672,17870,21695,21163,16218,9706,5539,2260,110434,887,4041,11103,18771,24631,24268,16667,9066,7416,6927,123777,,,3,,2,1,2,,,,8,1903,8336,21778,36641,46328,45432,32887,18772,12955,9187,234219
2021-04-21,1023,4328,10725,17933,21763,21223,16273,9736,5551,2262,110817,893,4075,11153,18831,24708,24319,16704,9095,7427,6933,124138,,,3,,2,1,2,,,,8,1916,8403,21881,36764,46473,45543,32979,18831,12978,9195,234963
2021-04-22,1035,4369,10794,18001,21830,21293,16323,9768,5559,2265,111237,907,4117,11224,18906,24806,24383,16758,9131,7443,6942,124617,,,3,1,2,1,2,,,,9,1942,8486,22021,36908,46638,45677,33083,18899,13002,9207,235863
2021-04-23,1045,4406,10864,18070,21903,21367,16370,9799,5563,2266,111653,912,4160,11293,18967,24879,24464,16800,9158,7456,6943,125032,,,3,1,2,1,2,,,,9,1957,8566,22160,37038,46784,45832,33172,18957,13019,9209,236694
2021-04-24,1051,4429,10893,18101,21942,21404,16393,9812,5566,2266,111857,915,4186,11318,18997,24917,24501,16824,9176,7462,6948,125244,,,3,1,2,1,2,,,,9,1966,8615,22214,37099,46861,45906,33219,18988,13028,9214,237110
2021-04-25,1053,4436,10905,18121,21958,21421,16405,9816,5566,2267,111948,916,4200,11329,19014,24934,24520,16834,9185,7463,6949,125344,,,3,1,2,1,2,,,,9,1969,8636,22237,37136,46894,45942,33241,19001,13029,9216,237301
2021-04-26,1056,4462,10950,18174,22033,21489,16460,9839,5575,2270,112308,919,4235,11386,19076,25022,24607,16887,9231,7479,6951,125793,,,3,1,2,1,2,,,,9,1975,8697,22339,37251,47057,46097,33349,19070,13054,9221,238110
2021-04-27,1060,4482,10973,18203,22066,21526,16489,9850,5580,2272,112501,923,4249,11414,19103,25059,24659,16918,9240,7485,6953,126003,,,3,1,2,1,2,,,,9,1983,8731,22390,37307,47127,46186,33409,19090,13065,9225,238513
2021-04-28,1067,4520,11031,18272,22167,21608,16563,9877,5591,2272,112968,928,4298,11472,19167,25148,24743,16980,9272,7493,6956,126457,,,3,1,2,1,2,,,,9,1995,8818,22506,37440,47317,46352,33545,19149,13084,9228,239434
2021-04-29,1072,4554,11089,18350,22246,21701,16621,9910,5600,2273,113416,937,4335,11520,19238,25266,24861,17040,9303,7497,6961,126958,,,3,1,2,1,2,,,,9,2009,8889,22612,37589,47514,46563,33663,19213,13097,9234,240383
2021-04-30,1078,4605,11167,18413,22342,21790,16683,9944,5610,2274,113906,950,4384,11600,19306,25383,24951,17103,9336,7511,6962,127486,,,3,1,2,1,2,,,,9,2028,8989,22770,37720,47727,46742,33788,19280,13121,9236,241401
2021-05-01,1080,4624,11201,18440,22378,21822,16707,9952,5616,2275,114095,954,4397,11623,19339,25432,24977,17114,9344,7517,6967,127664,,,3,1,2,1,2,,,,9,2034,9021,22827,37780,47812,46800,33823,19296,13133,9242,241768
2021-05-02,1083,4629,11211,18453,22409,21835,16722,9955,5618,2275,114190,956,4412,11635,19350,25459,24993,17132,9351,7520,6970,127778,,,3,1,2,1,2,,,,9,2039,9041,22849,37804,47870,46829,33856,19306,13138,9245,241977
2021-05-03,1090,4675,11257,18525,22497,21922,16778,9972,5622,2277,114615,959,4450,11690,19437,25555,25084,17185,9386,7525,6975,128246,,,3,1,2,1,2,,,,9,2049,9125,22950,37963,48054,47007,33965,19358,13147,9252,242870
2021-05-04,1096,4722,11298,18576,22596,22009,16827,10000,5631,2279,115034,963,4496,11767,19515,25670,25172,17241,9419,7533,6980,128756,,,3,2,2,1,2,,,,10,2059,9218,23068,38093,48268,47182,34070,19419,13164,9259,243800
2021-05-05,1108,4769,11342,18618,22673,22073,16882,10024,5639,2282,115410,969,4542,11821,19582,25756,25241,17279,9441,7542,6983,129156,,,3,2,2,1,2,,,,10,2077,9311,23166,38202,48431,47315,34163,19465,13181,9265,244576
2021-05-06,1114,4806,11383,18661,22731,22123,16916,10048,5646,2284,115712,976,4568,11864,19637,25815,25289,17319,9458,7550,6986,129462,,,3,2,2,1,2,,,,10,2090,9374,23250,38300,48548,47413,34237,19506,13196,9270,245184
2021-05-07,1120,4843,11422,18690,22780,22174,16941,10071,5651,2287,115979,983,4609,11914,19677,25899,25346,17368,9480,7560,6993,129829,,,3,2,2,1,2,,,,10,2103,9452,23339,38369,48681,47521,34311,19551,13211,9280,245818
2021-05-08,1122,4866,11439,18709,22806,22197,16953,10080,5653,2288,116113,983,4623,11939,19703,25932,25376,17385,9484,7565,6996,129986,,,3,2,2,1,2,,,,10,2105,9489,23381,38414,48740,47574,34340,19564,13218,9284,246109
2021-05-09,1122,4872,11447,18718,22821,22215,16968,10084,5653,2289,116189,985,4628,11952,19715,25951,25384,17390,9486,7567,6998,130056,,,3,2,2,1,2,,,,10,2107,9500,23402,38435,48774,47600,34360,19570,13220,9287,246255
2021-05-10,1125,4901,11467,18757,22874,22258,16998,10093,5660,2290,116423,987,4652,11985,19760,26008,25430,17417,9495,7574,7004,130312,,,3,2,2,1,2,,,,10,2112,9553,23455,38519,48884,47689,34417,19588,13234,9294,246745
2021-05-11,1137,4954,11511,18808,22945,22316,17030,10114,5663,2293,116771,991,4693,12030,19819,26083,25497,17469,9514,7587,7010,130693,,,3,2,2,1,2,,,,10,2128,9647,23544,38629,49030,47814,34501,19628,13250,9303,247474
2021-05-12,1142,4990,11548,18852,23001,22366,17065,10126,5669,2297,117056,997,4723,12074,19867,26147,25547,17511,9527,7599,7015,131007,,,3,2,2,1,2,,,,10,2139,9713,23625,38721,49150,47914,34578,19653,13268,9312,248073
2021-05-13,1143,5020,11576,18889,23048,22410,17088,10141,5674,2299,117288,997,4753,12104,19910,26186,25585,17542,9540,7608,7021,131246,,,4,2,2,1,2,,,,11,2140,9773,23684,38801,49236,47996,34632,19681,13282,9320,248545
2021-05-14,1149,5066,11606,18909,23100,22454,17114,10152,5680,2300,117530,1000,4796,12137,19942,26232,25629,17576,9547,7614,7026,131499,,,4,2,2,1,2,,,,11,2149,9862,23747,38853,49334,48084,34692,19699,13294,9326,249040
2021-05-15,1151,5080,11635,18930,23121,22471,17132,10162,5684,2300,117666,1005,4813,12156,19970,26262,25655,17590,9557,7617,7031,131656,,,4,2,2,1,2,,,,11,2156,9893,23795,38902,49385,48127,34724,19719,13301,9331,249333
2021-05-16,1154,5084,11649,18936,23132,22476,17137,10166,5684,2301,117719,1007,4821,12161,19984,26273,25669,17594,9559,7618,7031,131717,,,4,2,2,1,2,,,,11,2161,9905,23814,38922,49407,48146,34733,19725,13302,9332,249447
2021-05-17,1156,5110,11675,18968,23193,22524,17157,10177,5686,2304,117950,1010,4850,12193,20028,26336,25710,17634,9567,7619,7036,131983,,,4,2,2,1,2,,,,11,2166,9960,23872,38998,49531,48235,34793,19744,13305,9340,249944
2021-05-18,1160,5139,11713,19008,23250,22576,17189,10185,5687,2305,118212,1012,4891,12233,20054,26389,25771,17669,9576,7626,7038,132259,,,4,2,2,1,2,,,,11,2172,10030,23950,39064,49641,48348,34860,19761,13313,9343,250482
2021-05-19,1164,5164,11734,19037,23279,22610,17209,10198,5691,2307,118393,1013,4918,12253,20082,26432,25799,17688,9583,7629,7038,132435,,,4,2,2,1,2,,,,11,2177,10082,23991,39121,49713,48410,34899,19781,13320,9345,250839
2021-05-20,1168,5186,11750,19063,23308,22645,17225,10200,5692,2312,118549,1022,4938,12279,20100,26479,25828,17698,9592,7634,7041,132611,,,4,2,2,1,2,,,,11,2190,10124,24033,39165,49789,48474,34925,19792,13326,9353,251171
2021-05-21,1178,5219,11776,19083,23337,22673,17245,10205,5696,2312,118724,1024,4967,12309,20130,26524,25868,17718,9596,7638,7041,132815,,,4,5,2,1,2,,,,14,2202,10186,24089,39218,49863,48542,34965,19801,13334,9353,251553
2021-05-22,1179,5231,11795,19092,23351,22684,17250,10207,5699,2313,118801,1028,4981,12316,20143,26543,25879,17725,9598,7640,7042,132895,,,4,5,2,1,2,,,,14,2207,10212,24115,39240,49896,48564,34977,19805,13339,9355,251710
2021-05-23,1179,5237,11802,19097,23358,22690,17255,10208,5699,2313,118838,1028,4987,12322,20153,26553,25887,17729,9598,7641,7044,132942,,,4,5,2,1,2,,,,14,2207,10224,24128,39255,49913,48578,34986,19806,13340,9357,251794
2021-05-24,1179,5260,11823,19121,23394,22716,17281,10214,5700,2313,119001,1030,5004,12348,20172,26590,25925,17742,9606,7641,7044,133102,,,4,5,2,1,2,,,,14,2209,10264,24175,39298,49986,48642,35025,19820,13341,9357,252117
2021-05-25,1181,5289,11853,19146,23446,22745,17300,10222,5707,2313,119202,1032,5024,12372,20207,26635,25952,17766,9612,7648,7044,133292,,,4,5,2,1,2,,,,14,2213,10313,24229,39358,50083,48698,35068,19834,13355,9357,252508
2021-05-26,1183,5328,11881,19173,23470,22773,17320,10229,5709,2314,119380,1037,5050,12400,20235,26670,25984,17780,9623,7656,7046,133481,,,4,5,2,1,2,,,,14,2220,10378,24285,39413,50142,48758,35102,19852,13365,9360,252875
2021-05-27,1187,5350,11900,19186,23511,22797,17328,10233,5711,2314,119517,1042,5072,12425,20254,26705,26012,17790,9629,7658,7046,133633,,,4,5,2,1,2,,,,14,2229,10422,24329,39445,50218,48810,35120,19862,13369,9360,253164
2021-05-28,1189,5377,11921,19218,23551,22825,17339,10239,5712,2315,119686,1044,5087,12460,20279,26740,26048,17811,9635,7667,7049,133820,,,4,5,2,1,2,,,,14,2233,10464,24385,39502,50293,48874,35152,19874,13379,9364,253520
2021-05-29,1190,5395,11932,19227,23564,22833,17344,10242,5713,2315,119755,1044,5091,12476,20288,26756,26060,17817,9637,7668,7051,133888,,,4,5,2,1,2,,,,14,2234,10486,24412,39520,50322,48894,35163,19879,13381,9366,253657
2021-05-30,1194,5401,11940,19231,23573,22839,17346,10244,5714,2316,119798,1045,5100,12489,20292,26759,26072,17823,9637,7669,7051,133937,,,4,5,2,1,2,,,,14,2239,10501,24433,39528,50334,48912,35171,19881,13383,9367,253749
2021-05-31,1196,5424,11973,19248,23602,22873,17356,10249,5715,2316,119952,1045,5120,12519,20318,26796,26105,17836,9641,7672,7053,134105,,,4,6,2,1,2,,,,15,2241,10544,24496,39572,50400,48979,35194,19890,13387,9369,254072
2021-06-01,1198,5439,12023,19279,23632,22908,17369,10252,5717,2316,120133,1046,5145,12554,20341,26835,26142,17852,9648,7679,7055,134297,,,4,6,2,1,2,,,,15,2244,10584,24581,39626,50469,49051,35223,19900,13396,9371,254445
2021-06-02,1199,5453,12048,19299,23655,22927,17383,10265,5718,2318,120265,1048,5160,12583,20359,26864,26161,17868,9652,7687,7056,134438,,,4,6,2,1,2,,,,15,2247,10613,24635,39664,50521,49089,35253,19917,13405,9374,254718
2021-06-03,1200,5474,12066,19318,23687,22956,17393,10268,5722,2318,120402,1049,5176,12605,20377,26899,26185,17885,9657,7692,7056,134581,,,4,6,2,1,2,,,,15,2249,10650,24675,39701,50588,49142,35280,19925,13414,9374,254998
2021-06-04,1202,5494,12093,19333,23710,22981,17404,10271,5725,2319,120532,1050,5188,12631,20392,26919,26202,17900,9663,7696,7057,134698,,,4,6,2,1,2,,,,15,2252,10682,24728,39731,50631,49184,35306,19934,13421,9376,255245
2021-06-05,1203,5512,12106,19341,23719,22997,17407,10273,5725,2320,120603,1052,5201,12648,20401,26938,26213,17906,9664,7702,7057,134782,,,4,8,2,1,2,,,,17,2255,10713,24758,39750,50659,49211,35315,19937,13427,9377,255402
2021-06-06,1204,5515,12111,19343,23724,23000,17410,10275,5725,2322,120629,1052,5207,12650,20401,26954,26217,17907,9665,7703,7057,134813,,,4,8,2,1,2,,,,17,2256,10722,24765,39752,50680,49218,35319,19940,13428,9379,255459
2021-06-07,1206,5530,12125,19359,23737,23021,17415,10281,5725,2322,120721,1053,5231,12675,20411,26980,26240,17918,9670,7705,7058,134941,,,4,8,2,1,2,,,,17,2259,10761,24804,39778,50719,49262,35335,19951,13430,9380,255679
2021-06-08,1206,5545,12152,19371,23755,23042,17426,10285,5726,2323,120831,1053,5244,12700,20436,27014,26267,17932,9675,7706,7058,135085,,,4,8,2,1,2,,,,17,2259,10789,24856,39815,50771,49310,35360,19960,13432,9381,255933
2021-06-09,1207,5558,12175,19378,23768,23057,17436,10287,5729,2323,120918,1055,5252,12711,20455,27040,26290,17945,9678,7707,7060,135193,,,4,8,2,1,2,,,,17,2262,10810,24890,39841,50810,49348,35383,19965,13436,9383,256128
2021-06-10,1207,5565,12188,19386,23781,23069,17444,10290,5730,2323,120983,1055,5255,12725,20462,27050,26301,17955,9680,7708,7060,135251,,,4,8,2,1,2,,,,17,2262,10820,24917,39856,50833,49371,35401,19970,13438,9383,256251
2021-06-11,1207,5572,12202,19391,23797,23078,17450,10292,5732,2323,121044,1058,5263,12738,20473,27059,26317,17957,9680,7711,7060,135316,,,4,8,2,1,2,,,,17,2265,10835,24944,39872,50858,49396,35409,19972,13443,9383,256377
2021-06-12,1208,5579,12208,19392,23808,23081,17457,10295,5734,2323,121085,1059,5270,12746,20479,27072,26327,17959,9682,7712,7060,135366,,,4,8,2,1,2,,,,17,2267,10849,24958,39879,50882,49409,35418,19977,13446,9383,256468
2021-06-13,1208,5582,12211,19394,23809,23082,17459,10296,5734,2323,121098,1059,5272,12747,20480,27077,26327,17959,9683,7712,7061,135377,,,4,8,2,1,2,,,,17,2267,10854,24962,39882,50888,49410,35420,19979,13446,9384,256492
2021-06-14,1208,5585,12218,19405,23823,23094,17463,10298,5735,2323,121152,1060,5277,12758,20487,27090,26339,17965,9683,7714,7063,135436,,,4,8,2,1,2,,,,17,2268,10862,24980,39900,50915,49434,35430,19981,13449,9386,256605
2021-06-15,1208,5590,12227,19412,23833,23104,17469,10304,5739,2325,121211,1060,5283,12769,20496,27102,26348,17973,9685,7715,7063,135494,,,4,8,2,1,2,,,,17,2268,10873,25000,39916,50937,49453,35444,19989,13454,9388,256722
2021-06-16,1208,5594,12232,19415,23836,23111,17477,10305,5740,2325,121243,1060,5287,12778,20502,27113,26356,17981,9685,7717,7065,135544,,,4,8,2,1,2,,,,17,2268,10881,25014,39925,50951,49468,35460,19990,13457,9390,256804
2021-06-17,1209,5601,12234,19420,23843,23116,17480,10307,5742,2325,121277,1061,5290,12791,20508,27126,26363,17985,9690,7718,7066,135598,,,4,8,2,1,2,,,,17,2270,10891,25029,39936,50971,49480,35467,19997,13460,9391,256892
2021-06-18,1209,5604,12239,19422,23855,23121,17485,10309,5744,2325,121313,1061,5294,12799,20517,27137,26370,17986,9692,7721,7067,135644,,,4,8,3,2,2,,,,19,2270,10898,25042,39947,50995,49493,35473,20001,13465,9392,256976
2021-06-19,1209,5606,12245,19423,23856,23122,17485,10309,5745,2326,121326,1061,5295,12804,20518,27139,26371,17987,9693,7721,7067,135656,,,5,8,3,2,2,,,,20,2270,10901,25054,39949,50998,49495,35474,20002,13466,9393,257002
2021-06-20,1209,5606,12247,19424,23857,23123,17485,10311,5745,2326,121333,1061,5296,12806,20519,27141,26372,17988,9693,7723,7068,135667,,,6,8,3,2,2,,,,21,2270,10902,25059,39951,51001,49497,35475,20004,13468,9394,257021
2021-06-21,1209,5609,12253,19431,23862,23125,17487,10313,5745,2327,121361,1062,5298,12817,20524,27147,26375,17992,9698,7723,7069,135705,,,7,8,3,2,2,,,,22,2271,10907,25077,39963,51012,49502,35481,20011,13468,9396,257088
2021-06-22,1210,5610,12257,19437,23867,23129,17487,10315,5745,2327,121384,1063,5299,12821,20532,27151,26379,17997,9701,7724,7069,135736,,,7,8,3,2,2,,,,22,2273,10909,25085,39977,51021,49510,35486,20016,13469,9396,257142
2021-06-23,1210,5612,12260,19442,23872,23130,17491,10318,5746,2327,121408,1063,5300,12827,20535,27155,26379,17999,9702,7724,7070,135754,,,8,8,3,2,2,,,,23,2273,10912,25095,39985,51030,49511,35492,20020,13470,9397,257185
2021-06-24,1210,5616,12266,19446,23879,23132,17493,10320,5746,2327,121435,1063,5303,12829,20538,27162,26380,18001,9702,7724,7071,135773,,,8,8,3,2,2,,,,23,2273,10919,25103,39992,51044,49514,35496,20022,13470,9398,257231
2021-06-25,1210,5616,12267,19448,23879,23132,17493,10321,5746,2327,121439,1063,5303,12831,20538,27164,26382,18002,9702,7724,7071,135780,,,8,8,3,2,2,,,,23,2273,10919,25106,39994,51046,49516,35497,20023,13470,9398,257242
2021-06-26,1210,5616,12269,19451,23882,23136,17493,10321,5746,2327,121451,1063,5303,12832,20539,27165,26384,18003,9703,7724,7071,135787,,,8,8,3,2,2,,,,23,2273,10919,25109,39998,51050,49522,35498,20024,13470,9398,257261
2021-06-27,1210,5616,12273,19453,23883,23136,17494,10321,5746,2327,121459,1063,5303,12832,20540,27166,26384,18004,9703,7724,7071,135790,,,8,8,3,2,2,,,,23,2273,10919,25113,40001,51052,49522,35500,20024,13470,9398,257272
2021-06-28,1211,5617,12273,19457,23886,23139,17498,10321,5746,2327,121475,1063,5305,12834,20543,27173,26389,18004,9704,7724,7071,135810,,,8,8,3,2,2,,,,23,2274,10922,25115,40008,51062,49530,35504,20025,13470,9398,257308
2021-06-29,1211,5619,12276,19460,23888,23143,17501,10322,5746,2327,121493,1063,5306,12840,20546,27183,26392,18007,9706,7724,7071,135838,,,9,8,3,2,2,,,,24,2274,10925,25125,40014,51074,49537,35510,20028,13470,9398,257355
2021-06-30,1211,5620,12280,19461,23891,23143,17504,10322,5746,2327,121505,1063,5309,12842,20546,27186,26393,18008,9706,7724,7072,135849,,,9,8,3,2,2,,,,24,2274,10929,25131,40015,51080,49538,35514,20028,13470,9399,257378
2021-07-01,1211,5620,12285,19464,23892,23144,17506,10322,5746,2327,121517,1063,5310,12842,20547,27188,26397,18009,9707,7724,7073,135860,,,9,8,4,2,2,,,,25,2274,10930,25136,40019,51084,49543,35517,20029,13470,9400,257402
2021-07-02,1211,5622,12287,19464,23895,23146,17507,10322,5746,2327,121527,1064,5312,12845,20550,27193,26399,18010,9708,7726,7073,135880,,,9,8,4,2,2,,,,25,2275,10934,25141,40022,51092,49547,35519,20030,13472,9400,257432
2021-07-03,1211,5622,12288,19465,23895,23147,17507,10323,5747,2327,121532,1064,5312,12846,20551,27193,26399,18011,9709,7726,7073,135884,,,9,8,4,2,2,,,,25,2275,10934,25143,40024,51092,49548,35520,20032,13473,9400,257441
2021-07-04,1211,5623,12289,19467,23896,23147,17507,10323,5747,2327,121537,1064,5312,12847,20552,27193,26399,18011,9709,7727,7073,135887,,,9,8,4,2,2,,,,25,2275,10935,25145,40027,51093,49548,35520,20032,13474,9400,257449
2021-07-05,1211,5624,12299,19467,23898,23150,17507,10324,5748,2327,121555,1064,5312,12861,20557,27197,26402,18015,9709,7727,7073,135917,,,9,8,4,2,2,,,,25,2275,10936,25169,40032,51099,49554,35524,20033,13475,9400,257497
2021-07-06,1212,5624,12314,19472,23900,23152,17507,10324,5748,2327,121580,1065,5313,12897,20558,27199,26406,18017,9710,7727,7073,135965,,,9,8,4,2,2,,,,25,2277,10937,25220,40038,51103,49560,35526,20034,13475,9400,257570
2021-07-07,1213,5625,12333,19475,23903,23156,17507,10326,5748,2327,121613,1065,5315,12925,20558,27200,26408,18018,9710,7728,7073,136000,,,9,8,4,2,2,,,,25,2278,10940,25267,40041,51107,49566,35527,20036,13476,9400,257638
2021-07-08,1213,5627,12361,19481,23909,23158,17508,10327,5749,2328,121661,1065,5315,12943,20560,27204,26414,18020,9710,7729,7073,136033,,,9,8,4,2,2,,,,25,2278,10942,25313,40049,51117,49574,35530,20037,13478,9401,257719
2021-07-09,1213,5627,12380,19485,23914,23161,17510,10327,5749,2328,121694,1065,5317,12970,20561,27209,26423,18022,9712,7729,7073,136081,,,9,8,4,2,2,,,,25,2278,10944,25359,40054,51127,49586,35534,20039,13478,9401,257800
2021-07-10,1213,5627,12385,19486,23914,23162,17511,10327,5749,2328,121702,1065,5317,12983,20561,27211,26424,18022,9712,7729,7073,136097,,,9,8,4,2,2,,,,25,2278,10944,25377,40055,51129,49588,35535,20039,13478,9401,257824
2021-07-11,1213,5627,12389,19486,23914,23163,17511,10328,5749,2328,121708,1065,5317,12988,20561,27211,26424,18022,9712,7729,7073,136102,,,9,8,4,2,2,,,,25,2278,10944,25386,40055,51129,49589,35535,20040,13478,9401,257835
2021-07-12,1213,5631,12407,19490,23922,23169,17513,10328,5749,2328,121750,1065,5321,13008,20565,27215,26432,18022,9713,7730,7073,136144,,,9,8,4,2,2,,,,25,2278,10952,25424,40063,51141,49603,35537,20041,13479,9401,257919
2021-07-13,1213,5634,12432,19494,23924,23176,17513,10329,5750,2328,121793,1065,5325,13028,20569,27220,26434,18024,9716,7730,7073,136184,,,9,8,4,2,2,,,,25,2278,10959,25469,40071,51148,49612,35539,20045,13480,9401,258002
2021-07-14,1213,5636,12441,19500,23925,23178,17513,10330,5750,2328,121814,1067,5326,13045,20573,27225,26438,18024,9717,7730,7073,136218,,,10,8,4,2,2,,,,26,2280,10962,25496,40081,51154,49618,35539,20047,13480,9401,258058
2021-07-15,1213,5638,12456,19502,23929,23181,17514,10330,5752,2328,121843,1067,5327,13064,20577,27227,26442,18027,9718,7730,7073,136252,,,10,8,4,2,2,,,,26,2280,10965,25530,40087,51160,49625,35543,20048,13482,9401,258121
2021-07-16,1213,5640,12469,19504,23934,23189,17514,10330,5752,2328,121873,1067,5327,13079,20582,27230,26446,18029,9720,7730,7073,136283,,,10,8,4,2,2,,,,26,2280,10967,25558,40094,51168,49637,35545,20050,13482,9401,258182
2021-07-17,1213,5640,12473,19507,23934,23190,17514,10330,5752,2328,121881,1067,5327,13085,20586,27231,26448,18029,9720,7730,7073,136296,,,10,8,4,2,2,,,,26,2280,10967,25568,40101,51169,49640,35545,20050,13482,9401,258203
2021-07-18,1213,5640,12474,19508,23935,23190,17514,10331,5752,2328,121885,1067,5327,13087,20587,27232,26449,18029,9720,7730,7073,136301,,,10,8,4,2,2,,,,26,2280,10967,25571,40103,51171,49641,35545,20051,13482,9401,258212
2021-07-19,1214,5642,12487,19516,23939,23197,17516,10331,5753,2328,121923,1068,5330,13106,20595,27238,26460,18031,9720,7730,7074,136352,,,10,8,4,2,2,,,,26,2282,10972,25603,40119,51181,49659,35549,20051,13483,9402,258301
2021-07-20,1214,5645,12513,19527,23947,23207,17522,10332,5753,2328,121988,1069,5332,13117,20605,27243,26470,18034,9721,7731,7075,136397,,,10,8,4,2,2,,,,26,2283,10977,25640,40140,51194,49679,35558,20053,13484,9403,258411
2021-07-21,1214,5647,12525,19544,23950,23210,17526,10332,5753,2328,122029,1069,5335,13130,20611,27244,26473,18035,9722,7732,7075,136426,,,10,8,4,2,2,,,,26,2283,10982,25665,40163,51198,49685,35563,20054,13485,9403,258481
2021-07-22,1216,5647,12534,19551,23953,23212,17528,10332,5755,2328,122056,1069,5338,13141,20619,27246,26475,18039,9722,7732,7076,136457,,,10,8,4,2,2,,,,26,2285,10985,25685,40178,51203,49689,35569,20054,13487,9404,258539
2021-07-23,1216,5650,12550,19563,23957,23216,17531,10335,5756,2328,122102,1071,5340,13161,20625,27251,26481,18042,9724,7733,7076,136504,,,10,8,4,2,2,,,,26,2287,10990,25721,40196,51212,49699,35575,20059,13489,9404,258632
2021-07-24,1216,5651,12554,19568,23958,23217,17531,10335,5756,2328,122114,1071,5342,13171,20629,27253,26482,18042,9725,7733,7076,136524,,,10,8,4,2,2,,,,26,2287,10993,25735,40205,51215,49701,35575,20060,13489,9404,258664
2021-07-25,1216,5651,12561,19569,23961,23220,17531,10335,5756,2328,122128,1072,5342,13175,20631,27253,26482,18042,9725,7733,7076,136531,,,10,8,4,2,2,,,,26,2288,10993,25746,40208,51218,49704,35575,20060,13489,9404,258685
2021-07-26,1217,5651,12583,19577,23968,23225,17532,10337,5756,2329,122175,1072,5344,13191,20645,27265,26493,18042,9725,7737,7076,136590,,,10,8,4,2,2,,,,26,2289,10995,25784,40230,51237,49720,35576,20062,13493,9405,258791
2021-07-27,1217,5654,12600,19587,23971,23229,17534,10338,5756,2329,122215,1072,5345,13206,20657,27270,26500,18046,9726,7737,7076,136635,,,10,8,4,2,2,,,,26,2289,10999,25816,40252,51245,49731,35582,20064,13493,9405,258876
2021-07-28,1218,5657,12615,19600,23975,23235,17536,10339,5758,2329,122262,1074,5345,13217,20666,27281,26508,18051,9729,7738,7077,136686,,,11,8,4,2,2,,,,27,2292,11002,25843,40274,51260,49745,35589,20068,13496,9406,258975
2021-07-29,1219,5659,12636,19608,23982,23240,17538,10343,5758,2329,122312,1075,5348,13237,20680,27296,26510,18056,9731,7739,7078,136750,1,2,11,8,4,2,2,,,,30,2295,11009,25884,40296,51282,49752,35596,20074,13497,9407,259092
2021-07-30,1219,5667,12661,19620,23988,23246,17543,10346,5759,2329,122378,1076,5351,13262,20696,27305,26517,18060,9734,7739,7079,136819,1,2,11,8,4,2,2,,,,30,2296,11020,25934,40324,51297,49765,35605,20080,13498,9408,259227
2021-07-31,1219,5670,12680,19623,23993,23248,17543,10346,5759,2329,122410,1077,5351,13273,20700,27310,26519,18061,9735,7740,7079,136845,1,2,11,8,4,2,2,,,,30,2297,11023,25964,40331,51307,49769,35606,20081,13499,9408,259285
2021-08-01,1219,5672,12689,19627,23993,23250,17544,10346,5759,2329,122428,1077,5353,13279,20701,27311,26522,18061,9735,7740,7079,136858,1,2,11,8,4,2,2,,,,30,2297,11027,25979,40336,51308,49774,35607,20081,13499,9408,259316
2021-08-02,1220,5674,12724,19645,24011,23261,17547,10349,5760,2329,122520,1079,5356,13294,20722,27325,26536,18070,9742,7741,7079,136944,1,3,12,8,4,3,2,,,,33,2300,11033,26030,40375,51340,49800,35619,20091,13501,9408,259497
2021-08-03,1223,5677,12741,19660,24020,23267,17551,10350,5760,2330,122579,1079,5362,13317,20739,27337,26545,18078,9746,7742,7079,137024,1,3,12,8,4,3,2,,,,33,2303,11042,26070,40407,51361,49815,35631,20096,13502,9409,259636
2021-08-04,1223,5683,12759,19674,24032,23275,17554,10351,5760,2330,122641,1080,5370,13342,20753,27351,26553,18083,9747,7742,7080,137101,1,3,12,8,4,3,2,,,,33,2304,11056,26113,40435,51387,49831,35639,20098,13502,9410,259775
2021-08-05,1223,5685,12784,19689,24041,23281,17556,10356,5762,2330,122707,1080,5373,13373,20770,27360,26558,18091,9751,7742,7080,137178,1,3,12,8,4,3,2,,,,33,2304,11061,26169,40467,51405,49842,35649,20107,13504,9410,259918
2021-08-06,1225,5691,12798,19702,24050,23297,17562,10360,5762,2330,122777,1081,5379,13389,20779,27370,26565,18094,9755,7743,7082,137237,1,3,14,10,4,3,2,,,,37,2307,11073,26201,40491,51424,49865,35658,20115,13505,9412,260051
2021-08-07,1225,5691,12808,19712,24054,23298,17566,10361,5762,2332,122809,1081,5381,13399,20787,27375,26569,18097,9756,7744,7083,137272,1,3,14,10,4,3,2,,,,37,2307,11075,26221,40509,51433,49870,35665,20117,13506,9415,260118
2021-08-08,1225,5691,12812,19716,24058,23300,17570,10361,5762,2332,122827,1081,5383,13404,20795,27377,26575,18099,9758,7745,7083,137300,1,3,14,10,4,3,2,,,,37,2307,11077,26230,40521,51439,49878,35671,20119,13507,9415,260164
2021-08-09,1227,5699,12844,19736,24083,23311,17577,10362,5763,2332,122934,1082,5396,13434,20819,27396,26588,18104,9758,7749,7084,137410,1,3,14,11,4,3,2,,,,38,2310,11098,26292,40566,51483,49902,35683,20120,13512,9416,260382
2021-08-10,1228,5706,12888,19759,24098,23324,17589,10365,5764,2332,123053,1083,5403,13471,20841,27415,26603,18119,9766,7750,7087,137538,1,3,14,11,4,3,2,,,,38,2312,11112,26373,40611,51517,49930,35710,20131,13514,9419,260629
2021-08-11,1230,5718,12922,19788,24115,23336,17596,10368,5764,2333,123170,1084,5413,13517,20873,27427,26613,18133,9769,7751,7089,137669,1,3,14,12,5,3,2,,,,40,2315,11134,26453,40673,51547,49952,35731,20137,13515,9422,260879
2021-08-12,1231,5727,12959,19812,24127,23343,17602,10371,5765,2334,123271,1085,5419,13547,20894,27442,26623,18140,9774,7754,7089,137767,1,3,14,12,5,3,2,,,,40,2317,11149,26520,40718,51574,49969,35744,20145,13519,9423,261078
2021-08-13,1235,5730,13003,19846,24137,23352,17611,10375,5767,2334,123390,1087,5425,13594,20921,27467,26638,18149,9780,7756,7095,137912,1,3,14,12,5,3,2,,,,40,2323,11158,26611,40779,51609,49993,35762,20155,13523,9429,261342
2021-08-14,1235,5731,13020,19856,24145,23360,17613,10376,5768,2334,123438,1088,5426,13614,20930,27473,26643,18152,9782,7757,7095,137960,1,3,14,13,5,3,2,,,,41,2324,11160,26648,40799,51623,50006,35767,20158,13525,9429,261439
2021-08-15,1235,5735,13031,19862,24147,23363,17614,10376,5769,2334,123466,1089,5426,13625,20934,27479,26648,18152,9782,7759,7095,137989,1,3,14,13,5,3,2,,,,41,2325,11164,26670,40809,51631,50014,35768,20158,13528,9429,261496
2021-08-16,1237,5745,13081,19887,24166,23389,17623,10382,5769,2334,123613,1090,5436,13672,20964,27511,26671,18165,9789,7763,7097,138158,1,3,14,14,5,3,2,1,,,43,2328,11184,26767,40865,51682,50063,35790,20172,13532,9431,261814
2021-08-17,1237,5764,13133,19910,24195,23415,17642,10386,5772,2337,123791,1090,5453,13722,21001,27551,26700,18187,9796,7767,7098,138365,1,3,14,14,5,3,2,1,,,43,2328,11220,26869,40925,51751,50118,35831,20183,13539,9435,262199
2021-08-18,1239,5775,13189,19946,24214,23435,17661,10388,5778,2338,123963,1090,5470,13774,21033,27591,26732,18207,9808,7769,7099,138573,1,3,14,14,5,3,3,1,,,44,2330,11248,26977,40993,51810,50170,35871,20197,13547,9437,262580
2021-08-19,1243,5784,13238,19973,24234,23460,17675,10393,5779,2340,124119,1095,5478,13816,21068,27627,26753,18222,9817,7772,7099,138747,1,3,16,15,5,3,3,1,,,47,2339,11265,27070,41056,51866,50216,35900,20211,13551,9439,262913
