date,region.ce.active,region.foreign.active,region.kk.active,region.kp.active,region.kr.active,region.lj.active,region.mb.active,region.ms.active,region.ng.active,region.nm.active,region.po.active,region.sg.active,region.unknown.active,region.za.active,region.active
2020-03-04,,,,,,1,,,,,,,,,1
2020-03-05,,,,,,5,,1,,,,,,,6
2020-03-06,,,,,,7,,2,,1,,,,,10
2020-03-07,,,,1,,8,1,2,,3,,,,,15
2020-03-08,,,,1,,10,1,2,,6,,,,,20
2020-03-09,,,,1,,16,1,2,,11,,,,,31
2020-03-10,,,,2,,27,3,2,,12,2,,,,48
2020-03-11,4,,,2,1,44,7,3,1,18,3,,,,83
2020-03-12,13,1,1,4,2,63,9,4,2,30,3,,,1,133
2020-03-13,25,1,1,6,8,73,12,4,3,40,4,,,2,179
2020-03-14,32,1,1,7,11,87,18,5,3,41,6,1,,2,215
2020-03-15,38,1,1,8,16,96,21,5,3,45,11,3,,2,250
2020-03-16,38,2,1,8,18,106,24,5,4,47,11,10,,2,276
2020-03-17,40,2,1,8,18,107,27,5,4,50,12,10,,2,286
2020-03-18,50,2,1,11,20,112,28,9,5,51,13,13,,2,317
2020-03-19,56,2,2,11,23,115,30,8,5,54,13,14,,2,335
2020-03-20,56,3,3,11,24,129,34,7,5,55,13,16,,3,359
2020-03-21,68,3,5,10,28,140,35,7,6,54,14,16,,5,391
2020-03-22,78,3,5,11,29,149,42,7,6,52,16,19,,5,422
2020-03-23,87,3,6,11,31,160,45,8,6,47,16,20,,7,447
2020-03-24,97,3,7,10,34,167,45,13,6,50,16,22,,8,478
2020-03-25,103,3,7,10,39,166,45,12,6,47,18,24,,10,490
2020-03-26,105,2,6,9,40,164,48,13,6,53,19,26,,10,501
2020-03-27,97,2,6,7,42,176,46,15,6,47,22,31,,10,507
2020-03-28,110,3,6,7,42,169,44,14,8,49,20,34,,12,518
2020-03-29,114,3,7,6,38,166,42,18,8,46,15,32,,12,507
2020-03-30,121,3,8,8,36,171,39,32,7,50,16,25,,13,529
2020-03-31,124,3,8,8,40,177,38,44,10,48,15,25,,16,556
2020-04-01,127,3,8,5,41,185,40,55,10,52,14,22,,17,579
2020-04-02,131,3,8,7,40,186,41,64,10,52,15,22,,17,596
2020-04-03,149,2,7,7,39,180,41,67,12,54,15,20,,16,609
2020-04-04,146,2,5,7,35,170,42,71,11,53,14,22,,14,592
2020-04-05,145,4,5,6,35,160,37,71,14,52,12,21,,17,579
2020-04-06,146,4,4,6,36,152,38,77,14,52,12,21,,16,578
2020-04-07,142,4,3,6,34,150,41,75,14,49,10,22,,16,566
2020-04-08,139,4,3,6,33,148,41,75,13,48,7,21,,14,552
2020-04-09,132,4,4,5,31,141,38,85,12,35,6,20,,13,526
2020-04-10,133,4,4,6,24,126,40,89,11,36,3,15,,12,503
2020-04-11,115,3,4,5,21,119,37,99,9,36,3,11,,11,473
2020-04-12,106,3,3,5,21,117,36,95,10,35,3,11,,11,456
2020-04-13,99,3,3,3,21,103,40,81,10,30,2,11,,10,416
2020-04-14,97,3,3,5,17,101,41,80,7,29,3,11,,9,406
2020-04-15,85,3,3,5,14,92,39,74,6,27,3,11,,10,372
2020-04-16,92,3,3,4,12,87,38,70,6,29,2,12,,10,368
2020-04-17,78,4,3,5,12,78,34,70,4,28,2,12,,10,340
2020-04-18,75,4,3,5,13,76,31,71,4,29,2,10,,10,333
2020-04-19,67,2,3,5,12,77,30,71,1,29,2,9,,7,315
2020-04-20,60,2,3,5,9,71,26,64,1,31,2,9,,6,289
2020-04-21,55,2,3,5,8,56,22,64,1,32,2,6,,6,262
2020-04-22,48,2,3,5,5,49,19,65,1,32,2,5,,6,242
2020-04-23,44,2,2,5,6,39,19,56,1,28,2,4,,6,214
2020-04-24,39,2,2,4,8,34,19,54,2,23,1,4,,8,200
2020-04-25,37,2,2,4,8,39,18,47,2,20,1,4,,7,191
2020-04-26,37,2,2,4,8,35,20,48,1,21,1,4,,7,190
2020-04-27,41,1,1,4,9,34,16,49,1,20,1,4,,7,188
2020-04-28,38,1,1,2,9,30,13,44,1,21,,5,,5,170
2020-04-29,39,1,1,2,9,26,15,38,1,19,,5,,4,160
2020-04-30,22,1,,1,9,24,14,36,1,14,,3,,4,129
2020-05-01,19,,,,9,23,15,35,1,12,,3,,4,121
2020-05-02,13,,,,8,23,15,30,1,11,,3,,4,108
2020-05-03,12,,,,8,21,14,30,1,11,,2,,4,103
2020-05-04,10,,,,8,18,14,35,1,9,,1,,4,100
2020-05-05,9,,,,8,17,13,34,1,8,,1,,3,94
2020-05-06,10,,,,6,10,12,33,1,6,,1,,3,82
2020-05-07,10,,,,6,10,10,30,1,5,,1,,3,76
2020-05-08,10,,,,4,9,7,26,,5,,2,,2,65
2020-05-09,11,,,,4,5,7,23,,6,,2,,2,60
2020-05-10,10,,,,3,8,5,22,,5,,2,,2,57
2020-05-11,7,,,,2,8,5,21,,5,,2,,2,52
2020-05-12,7,,,,2,7,6,15,,5,,1,,2,45
2020-05-13,5,,,,2,6,3,12,1,4,,1,,1,35
2020-05-14,5,1,,,2,5,2,9,1,4,,1,,1,31
2020-05-15,4,1,,,2,5,1,7,1,3,,1,,1,26
2020-05-16,5,1,,,2,5,1,7,1,3,,1,,1,27
2020-05-17,5,1,,,2,5,1,7,1,3,,1,,1,27
2020-05-18,4,1,,,2,6,1,2,1,3,,1,,1,22
2020-05-19,4,1,,,2,6,1,,1,3,,1,,1,20
2020-05-20,3,1,,,2,6,1,,1,3,,1,,1,19
2020-05-21,3,1,,,1,6,1,,1,3,,1,,1,18
2020-05-22,3,1,,,,5,1,,1,3,,,,,14
2020-05-23,2,1,,,,4,1,,1,2,,,,,11
2020-05-24,2,2,,,,1,1,,1,2,,,,,9
2020-05-25,1,2,,,,1,1,,1,2,,,,,8
2020-05-26,1,3,,,,2,,,1,1,,,,,8
2020-05-27,1,3,1,,,3,,,,1,,,,,9
2020-05-28,1,2,1,,,3,,,,1,,,,,8
2020-05-29,1,2,1,,,3,,,,1,,,,,8
2020-05-30,,2,1,,,3,,,,1,,,,,7
2020-05-31,,2,1,,,3,,,,1,,,,,7
2020-06-01,,2,1,,,3,1,,,1,,,,,8
2020-06-02,,2,1,,,3,3,,,,,,,,9
2020-06-03,,2,1,,,3,3,,,,,,,,9
2020-06-04,,2,1,,1,4,3,,,,,,,,11
2020-06-05,,2,1,,5,5,3,,,,,,,,16
2020-06-06,,2,1,,6,5,3,,,,,,,,17
2020-06-07,,1,1,,6,5,3,,,,,,,,16
2020-06-08,,1,1,,7,5,3,,,,,,,,17
2020-06-09,,,1,,8,5,3,,,,,,,,17
2020-06-10,,,,,8,4,3,,,,,,,,15
2020-06-11,,,,2,8,4,3,,,,,,,,17
2020-06-12,,,,2,8,4,4,,1,,,,,,19
2020-06-13,,,,2,9,4,4,,3,,,,,,22
2020-06-14,,,,2,10,4,4,,3,,,,,,23
2020-06-15,,,1,3,10,3,3,,3,,1,,,,24
2020-06-16,,,1,3,12,5,1,,3,,1,,,,26
2020-06-17,,3,2,4,12,8,1,,3,,1,,,,34
2020-06-18,,3,2,5,11,8,1,,3,,1,,,,34
2020-06-19,,3,2,8,7,10,1,,3,,1,,,,35
2020-06-20,1,3,2,8,6,10,1,,3,,1,,,,35
2020-06-21,1,3,2,8,6,11,1,,3,,1,,,,36
2020-06-22,2,4,2,9,5,13,1,1,3,1,7,,,,48
2020-06-23,4,5,2,11,4,13,1,1,3,1,7,,,,52
2020-06-24,5,5,2,12,6,14,2,1,3,1,7,,,,58
2020-06-25,6,5,2,10,9,19,2,2,4,1,7,,,,67
2020-06-26,7,5,2,14,9,22,1,2,3,4,9,,,1,79
2020-06-27,7,5,2,17,9,24,2,2,2,4,9,1,,1,85
2020-06-28,7,5,2,17,8,25,2,2,2,4,9,4,,1,88
2020-06-29,7,7,1,16,8,31,8,2,2,5,8,4,,1,100
2020-06-30,7,7,2,17,7,35,10,2,3,5,8,5,,1,109
2020-07-01,7,4,1,17,7,39,12,2,3,5,10,14,,1,122
2020-07-02,7,4,2,17,7,43,15,3,4,5,11,16,,2,136
2020-07-03,10,4,2,15,9,50,18,7,6,5,13,19,,2,160
2020-07-04,9,4,2,16,9,55,23,7,12,5,14,22,,2,180
2020-07-05,9,4,2,16,9,57,25,7,23,5,14,22,,2,195
2020-07-06,8,3,2,15,9,57,31,6,25,5,17,24,,3,205
2020-07-07,7,2,4,17,10,60,35,7,27,8,17,26,,3,223
2020-07-08,7,2,4,17,8,62,35,7,28,9,20,26,,5,230
2020-07-09,8,3,5,18,6,61,36,7,28,9,20,28,,7,236
2020-07-10,16,4,5,16,7,61,37,9,29,7,22,32,,11,256
2020-07-11,16,4,5,13,11,60,36,15,30,8,22,31,,11,262
2020-07-12,18,4,5,13,11,61,37,17,30,8,22,28,,12,266
2020-07-13,19,2,5,13,12,56,31,19,31,8,22,28,,15,261
2020-07-14,27,2,4,13,13,52,30,20,30,9,22,28,,17,267
2020-07-15,28,2,5,12,14,49,29,21,32,9,20,20,,24,265
2020-07-16,30,2,5,12,15,48,27,20,31,10,20,18,,30,268
2020-07-17,30,2,7,11,17,44,24,19,29,11,19,15,,34,262
2020-07-18,30,2,7,10,19,39,19,22,23,11,18,12,,35,247
2020-07-19,30,2,7,10,19,38,17,22,14,11,18,12,1,37,238
2020-07-20,31,2,7,10,22,39,11,24,13,11,11,10,1,47,239
2020-07-21,36,2,5,6,24,43,7,24,11,9,12,10,1,54,244
2020-07-22,38,2,5,5,28,47,6,24,11,9,10,10,1,62,258
2020-07-23,42,1,6,4,27,49,6,23,10,10,11,8,1,62,260
2020-07-24,38,,7,2,29,48,5,21,10,9,9,4,1,57,240
2020-07-25,39,,7,2,24,49,5,15,8,8,9,4,1,70,241
2020-07-26,37,,7,2,25,51,4,13,8,8,9,4,1,69,238
2020-07-27,39,,7,3,26,52,5,11,7,7,13,4,1,67,242
2020-07-28,33,,7,2,26,53,4,11,8,7,14,4,1,67,237
2020-07-29,38,,6,3,25,58,4,10,7,9,17,3,1,61,242
2020-07-30,40,,5,2,25,57,3,11,8,11,19,3,1,55,240
2020-07-31,39,1,3,2,24,56,4,8,8,11,18,4,1,52,231
2020-08-01,42,1,3,2,25,58,4,5,8,11,18,4,1,52,234
2020-08-02,42,1,3,2,25,56,4,5,6,11,18,5,,50,228
2020-08-03,44,1,3,2,23,55,4,3,5,10,16,5,,42,213
2020-08-04,46,2,3,2,23,50,5,2,6,9,16,3,,35,202
2020-08-05,45,2,3,3,20,50,6,2,5,8,16,3,,27,190
2020-08-06,42,2,1,3,20,48,7,2,6,7,15,3,,25,181
2020-08-07,42,3,,3,17,49,8,2,5,8,14,5,,25,181
2020-08-08,41,3,,3,17,47,8,2,5,9,14,6,,12,167
2020-08-09,42,3,,3,16,47,8,2,5,10,14,6,,12,168
2020-08-10,41,3,,3,15,55,8,2,6,11,10,6,,11,171
2020-08-11,44,4,,4,13,65,12,1,7,12,9,7,,10,188
2020-08-12,39,4,1,6,16,66,13,1,7,14,7,9,,10,193
2020-08-13,42,4,2,6,17,80,14,1,7,14,4,11,1,10,213
2020-08-14,49,3,2,7,14,87,14,1,8,16,4,10,4,11,230
2020-08-15,48,3,2,8,14,93,14,1,8,16,4,10,4,11,236
2020-08-16,49,3,2,8,14,99,15,2,8,19,4,10,4,11,248
2020-08-17,50,3,2,8,14,104,19,4,9,23,5,11,6,8,266
2020-08-18,46,5,2,10,19,109,23,5,8,27,4,11,6,10,285
2020-08-19,55,5,3,10,22,116,23,5,9,33,6,11,6,9,313
2020-08-20,60,5,5,11,22,126,22,9,8,39,6,13,6,9,341
2020-08-21,61,5,7,13,22,140,27,9,8,44,6,11,8,9,370
2020-08-22,64,7,8,15,23,150,30,12,8,48,6,10,11,10,402
2020-08-23,65,7,8,15,23,150,31,12,8,52,6,10,13,10,410
2020-08-24,67,7,9,14,22,145,30,13,11,53,6,13,14,10,414
2020-08-25,69,9,11,16,24,144,26,17,10,51,6,13,14,9,419
2020-08-26,73,9,10,15,22,143,30,17,11,48,6,15,15,9,423
2020-08-27,76,10,13,17,22,135,37,17,10,47,6,16,14,8,428
2020-08-28,73,11,14,16,24,137,38,22,9,47,7,17,11,7,433
2020-08-29,77,13,14,15,27,139,40,24,9,49,7,18,11,6,449
2020-08-30,76,13,19,16,27,144,40,23,9,46,7,17,11,6,454
2020-08-31,83,13,24,17,27,144,41,27,8,45,8,16,9,6,468
2020-09-01,86,15,28,16,26,149,46,29,9,41,8,18,9,6,486
2020-09-02,80,17,28,17,27,155,50,34,9,38,6,18,11,6,496
2020-09-03,83,17,31,16,30,158,52,33,9,35,6,18,11,6,505
2020-09-04,85,17,31,15,33,154,52,35,9,32,5,21,10,6,505
2020-09-05,95,16,30,13,34,159,56,33,9,30,5,21,8,5,514
2020-09-06,96,17,31,13,36,159,64,35,9,28,5,21,6,5,525
2020-09-07,93,18,32,13,39,168,74,35,6,34,6,19,5,5,547
2020-09-08,104,16,31,11,42,173,93,34,5,38,6,23,5,9,590
2020-09-09,109,17,31,10,48,189,106,37,5,43,7,21,4,8,635
2020-09-10,112,18,29,9,51,218,124,40,7,44,11,22,6,10,701
2020-09-11,127,19,29,11,57,240,136,40,9,47,14,22,6,12,769
2020-09-12,142,18,29,11,60,250,161,42,10,45,26,22,8,13,837
2020-09-13,152,18,24,10,64,258,172,42,10,45,26,23,9,13,866
2020-09-14,151,18,19,11,68,278,186,42,13,44,33,23,9,13,908
2020-09-15,174,14,16,11,73,299,196,43,16,44,41,26,9,14,976
2020-09-16,187,13,16,12,79,318,207,40,17,45,42,29,7,15,1027
2020-09-17,194,14,12,12,91,357,221,43,20,46,50,31,7,19,1117
2020-09-18,201,14,10,13,94,391,236,45,20,45,57,32,6,23,1187
2020-09-19,194,15,13,14,96,414,244,46,25,44,85,35,6,24,1255
2020-09-20,208,14,12,14,94,418,252,45,25,42,85,41,6,24,1280
2020-09-21,220,15,10,17,99,441,254,45,24,35,90,44,6,25,1325
2020-09-22,225,16,12,19,111,456,258,42,26,34,90,56,6,31,1382
2020-09-23,233,16,14,18,113,474,254,44,25,30,94,67,6,37,1425
2020-09-24,251,17,16,23,120,515,244,47,28,30,96,78,4,41,1510
2020-09-25,250,15,18,28,135,544,260,46,28,29,95,93,5,43,1589
2020-09-26,245,15,19,29,142,560,281,48,33,30,83,110,3,50,1648
2020-09-27,239,16,19,29,140,554,274,54,33,33,83,112,2,52,1640
2020-09-28,250,16,22,30,149,545,259,51,37,35,77,127,2,56,1656
2020-09-29,246,15,23,29,172,585,262,54,37,39,69,134,2,68,1735
2020-09-30,249,16,26,28,177,599,279,64,38,46,69,139,2,74,1806
2020-10-01,264,18,28,32,184,632,293,73,39,52,62,148,3,80,1908
2020-10-02,281,18,32,40,211,646,307,83,46,60,55,153,5,86,2023
2020-10-03,293,17,31,40,230,655,314,87,47,71,27,174,4,90,2080
2020-10-04,282,17,34,41,241,666,316,93,53,71,27,170,4,90,2105
2020-10-05,296,16,40,43,272,684,329,100,58,74,22,176,5,92,2207
2020-10-06,319,17,46,45,303,764,350,111,64,101,36,168,5,99,2428
2020-10-07,342,19,51,53,348,874,364,115,80,138,40,168,5,98,2695
2020-10-08,365,19,57,51,387,931,380,124,83,157,37,169,5,100,2865
2020-10-09,376,22,67,54,420,1010,397,132,87,176,37,173,5,105,3061
2020-10-10,386,27,103,55,486,1111,376,145,109,187,40,174,5,110,3314
2020-10-11,393,28,110,55,500,1156,408,143,112,197,41,184,5,112,3444
2020-10-12,426,43,115,55,544,1270,450,154,116,226,46,183,5,111,3744
2020-10-13,454,45,138,66,659,1420,468,185,144,294,60,192,5,119,4249
2020-10-14,528,52,164,78,760,1598,505,199,162,360,67,211,5,133,4822
2020-10-15,571,60,208,85,908,1770,546,207,179,431,75,235,4,140,5419
2020-10-16,659,63,253,92,1036,1952,605,217,210,498,86,262,2,154,6089
2020-10-17,696,72,306,103,1140,2159,642,249,227,522,93,268,2,169,6648
2020-10-18,729,77,313,104,1199,2344,696,274,237,555,94,312,2,174,7110
2020-10-19,772,78,335,117,1328,2499,763,312,250,619,111,343,1,194,7722
2020-10-20,926,78,368,152,1568,2803,872,380,286,709,116,397,1,214,8870
2020-10-21,1087,80,402,198,1785,3181,1015,488,321,761,146,452,1,235,10152
2020-10-22,1318,82,439,254,2019,3498,1168,556,371,827,155,501,1,261,11450
2020-10-23,1579,84,479,260,2366,3944,1359,628,416,907,183,539,,295,13039
2020-10-24,1760,86,483,324,2621,4257,1520,717,443,985,222,574,,338,14330
2020-10-25,1834,87,500,329,2889,4562,1625,785,482,1014,223,597,,352,15279
2020-10-26,1955,78,529,376,3076,4858,1771,862,512,1084,231,656,,394,16382
2020-10-27,2293,81,571,465,3362,5375,1947,1008,556,1233,258,718,,419,18286
2020-10-28,2516,80,577,529,3741,5946,2129,1117,610,1281,284,780,,440,20030
2020-10-29,2726,81,569,539,3886,6285,2240,1177,623,1301,299,808,,460,20994
2020-10-30,2807,82,553,557,4045,6527,2434,1248,727,1306,304,847,,456,21893
2020-10-31,2875,78,513,565,4079,6696,2643,1312,771,1315,320,884,,462,22513
2020-11-01,2882,73,516,564,4060,6637,2724,1364,764,1305,319,863,,462,22533
2020-11-02,2954,81,517,583,4119,6764,2753,1387,765,1327,333,859,,466,22908
2020-11-03,3077,84,519,600,4122,6867,2889,1487,800,1331,345,846,,468,23435
2020-11-04,3051,87,512,593,4097,6779,2978,1552,851,1300,340,839,,477,23456
2020-11-05,2983,87,497,566,4014,6782,3034,1614,845,1318,346,813,,463,23362
2020-11-06,2843,92,484,596,3806,6642,3013,1707,859,1317,344,824,1,478,23006
2020-11-07,2694,89,458,536,3575,6448,3026,1683,827,1259,305,846,1,448,22195
2020-11-08,2660,87,444,535,3332,6151,3015,1708,795,1245,304,829,1,437,21543
2020-11-09,2652,83,439,522,3270,5987,2921,1711,773,1255,312,790,1,414,21130
2020-11-10,2534,83,408,477,3152,5801,3064,1673,840,1181,311,794,1,428,20747
2020-11-11,2470,84,421,450,2883,5457,3104,1730,813,1195,338,782,1,459,20187
2020-11-12,2421,81,411,474,2761,5186,3215,1793,833,1187,340,754,1,446,19903
2020-11-13,2423,77,441,491,2626,5078,3266,1886,736,1210,369,750,3,490,19846
2020-11-14,2426,71,434,477,2553,4848,3215,1882,753,1215,349,731,3,464,19421
2020-11-15,2402,72,434,490,2553,4786,3174,1861,752,1255,354,758,3,470,19364
2020-11-16,2426,68,454,519,2509,4791,3251,1885,782,1260,360,782,3,490,19580
2020-11-17,2375,68,460,540,2438,4675,3314,1881,759,1326,359,845,3,523,19566
2020-11-18,2535,62,488,546,2378,4584,3491,1870,767,1392,366,923,5,536,19943
2020-11-19,2588,61,529,549,2313,4466,3521,1858,784,1386,377,920,5,568,19925
2020-11-20,2682,56,538,553,2290,4321,3643,1825,788,1402,357,977,5,566,20003
2020-11-21,2780,55,545,560,2267,4242,3669,1853,804,1419,406,986,6,545,20137
2020-11-22,2784,55,548,558,2253,4251,3674,1842,799,1426,405,988,6,553,20142
2020-11-23,2825,61,567,564,2224,4311,3720,1876,815,1407,402,1015,6,568,20361
2020-11-24,2932,68,633,587,2088,4120,3776,1892,737,1469,412,1085,6,562,20367
2020-11-25,2968,66,650,600,1984,4103,3761,1826,761,1454,381,1089,6,568,20217
2020-11-26,3027,62,728,625,1912,4012,3723,1804,764,1540,411,1122,6,577,20313
2020-11-27,3092,68,715,658,1851,3998,3673,1730,785,1566,397,1093,4,544,20174
2020-11-28,3101,75,747,673,1836,3957,3798,1742,737,1578,439,1115,4,559,20361
2020-11-29,3109,77,762,662,1800,3951,3795,1746,740,1530,458,1090,4,564,20288
2020-11-30,3130,76,793,653,1745,3899,3775,1732,728,1547,477,1076,4,559,20194
2020-12-01,3198,82,911,703,1707,3945,3916,1703,784,1580,505,1044,5,531,20614
2020-12-02,3139,85,927,730,1685,3958,3737,1647,736,1610,525,995,3,545,20322
2020-12-03,3093,85,947,764,1670,3947,3875,1669,744,1674,563,1008,3,517,20559
2020-12-04,3094,92,978,827,1632,3908,3869,1623,753,1690,615,937,3,494,20515
2020-12-05,3079,92,984,819,1606,3894,3898,1631,777,1724,582,934,2,501,20523
2020-12-06,3084,96,1006,818,1602,3900,3878,1614,777,1711,583,970,2,491,20532
2020-12-07,3063,93,1096,852,1594,3982,3940,1568,809,1777,616,948,2,514,20854
2020-12-08,2954,88,1098,873,1598,4011,3811,1595,861,1858,631,860,2,520,20760
2020-12-09,3061,87,1124,879,1598,3874,3947,1591,810,1875,635,878,3,468,20830
2020-12-10,3042,89,1143,882,1611,3969,3936,1602,834,1910,625,879,5,507,21034
2020-12-11,3074,89,1205,874,1634,3906,3963,1592,848,1944,639,882,5,528,21183
2020-12-12,3075,84,1196,865,1651,3929,3773,1566,843,1958,602,843,5,518,20908
2020-12-13,3061,83,1182,867,1649,3936,3804,1553,836,2000,580,852,5,506,20914
2020-12-14,3113,79,1199,884,1650,3997,3812,1566,888,2027,560,841,7,524,21147
2020-12-15,3165,70,1107,860,1648,3876,3595,1584,850,2095,572,859,8,532,20821
2020-12-16,3121,70,1153,869,1630,3842,3587,1583,840,2099,535,816,10,538,20693
2020-12-17,3117,69,1127,861,1610,3842,3512,1530,804,2079,490,799,18,566,20424
2020-12-18,3073,59,1095,807,1578,3844,3404,1545,786,2134,474,792,24,592,20207
2020-12-19,3028,58,1125,805,1568,3883,3389,1504,734,2130,458,755,28,591,20056
2020-12-20,2995,54,1104,806,1558,3879,3390,1501,738,2145,461,720,28,593,19972
2020-12-21,3042,51,1035,853,1523,3803,3354,1531,711,2176,461,741,34,578,19893
2020-12-22,3091,46,1067,860,1479,3814,3398,1462,686,2193,450,737,47,580,19910
2020-12-23,3044,45,1108,854,1503,3911,3363,1468,738,2263,448,718,49,610,20122
2020-12-24,3004,40,1162,838,1493,3975,3418,1440,729,2219,426,729,52,593,20118
2020-12-25,2723,33,1061,765,1382,3777,3177,1399,658,2078,384,701,55,544,18737
2020-12-26,2670,34,1085,760,1338,3745,3100,1344,668,2063,379,733,55,552,18526
2020-12-27,2675,33,1087,758,1352,3808,3111,1383,672,2038,381,715,56,557,18626
2020-12-28,2693,38,1153,821,1394,3918,3191,1372,645,2104,421,729,59,548,19086
2020-12-29,2576,40,1223,873,1387,4075,3250,1393,659,2087,432,753,64,592,19404
2020-12-30,2753,36,1219,881,1453,4272,3305,1413,736,2179,422,836,70,610,20185
2020-12-31,2773,36,1288,872,1456,4291,3254,1454,805,2222,420,893,70,606,20440
2021-01-01,2622,35,1258,824,1390,4134,3110,1379,755,2049,375,861,64,553,19409
2021-01-02,2631,37,1269,826,1423,4043,2966,1390,806,2041,374,864,63,556,19289
2021-01-03,2660,36,1343,834,1466,4176,2959,1413,825,2071,372,873,66,565,19659
2021-01-04,2797,39,1489,821,1584,4375,3131,1416,924,2199,385,883,69,601,20713
2021-01-05,2968,37,1609,882,1729,4765,3161,1516,983,2244,390,981,76,643,21984
2021-01-06,3092,34,1629,962,1782,4933,3103,1563,1066,2233,425,1034,81,680,22617
2021-01-07,3099,32,1564,1003,1825,4981,3146,1585,1173,2217,447,1050,89,678,22889
2021-01-08,3350,33,1677,1082,1944,5332,3317,1604,1294,2341,494,1094,94,726,24382
2021-01-09,3352,31,1664,1082,1967,5336,3372,1636,1368,2348,494,1057,99,717,24523
2021-01-10,3353,33,1666,1081,1962,5282,3335,1594,1387,2335,490,1072,104,722,24416
2021-01-11,3400,31,1608,1038,1960,5146,3372,1621,1457,2276,476,1075,136,738,24334
2021-01-12,3428,29,1556,984,1994,5145,3280,1571,1543,2198,429,1027,138,687,24009
2021-01-13,3243,40,1530,969,1946,5097,3255,1552,1506,2069,454,947,139,641,23388
2021-01-14,3208,40,1474,985,1977,5123,3190,1467,1510,1992,478,901,139,633,23117
2021-01-15,3333,42,1540,1045,2082,5321,3322,1510,1576,2107,528,939,265,658,24268
2021-01-16,3278,40,1495,1047,2045,5370,3326,1470,1583,2086,526,898,266,651,24081
2021-01-17,3231,40,1418,1046,2020,5232,3295,1408,1573,2043,525,879,264,641,23615
2021-01-18,3120,37,1311,1039,1938,5109,3133,1382,1535,1864,508,852,258,631,22717
2021-01-19,2827,41,1138,990,1824,4699,3001,1265,1527,1636,506,729,240,584,21007
2021-01-20,2534,43,1078,931,1743,4480,2870,1200,1479,1571,464,615,233,527,19768
2021-01-21,2452,47,1016,946,1685,4327,2728,1144,1455,1558,464,553,221,549,19145
2021-01-22,2357,50,967,968,1683,4217,2691,1148,1439,1545,462,513,219,545,18804
2021-01-23,2317,51,941,972,1667,4201,2675,1145,1366,1517,460,507,214,548,18581
2021-01-24,2314,48,928,978,1672,4203,2626,1113,1357,1516,462,486,209,540,18452
2021-01-25,2274,49,922,1014,1670,4198,2559,1073,1354,1497,437,474,173,530,18224
2021-01-26,2183,48,923,1033,1658,4216,2482,1050,1319,1464,442,436,195,547,17996
2021-01-27,2128,42,896,1047,1628,4101,2442,1026,1357,1474,439,417,189,543,17729
2021-01-28,2068,42,862,1066,1609,4038,2428,1050,1333,1476,425,411,182,543,17533
2021-01-29,2012,41,860,1087,1603,4043,2379,1073,1315,1467,417,389,57,542,17285
2021-01-30,2008,38,859,1086,1604,4031,2475,1039,1295,1440,419,409,58,536,17297
2021-01-31,2023,38,863,1077,1599,4041,2511,1047,1290,1434,420,411,57,534,17345
2021-02-01,1962,38,845,1069,1609,4050,2475,1011,1255,1423,422,435,56,504,17154
2021-02-02,1945,40,837,1066,1619,4049,2449,981,1205,1434,410,437,60,471,17003
2021-02-03,1873,38,778,1063,1638,4034,2434,951,1191,1398,426,464,61,463,16812
2021-02-04,1807,36,761,1015,1639,3993,2386,909,1081,1335,412,458,66,413,16311
2021-02-05,1756,35,733,977,1595,3896,2286,881,1029,1272,401,457,67,389,15774
2021-02-06,1738,36,728,989,1603,3912,2288,865,1001,1264,402,453,68,384,15731
2021-02-07,1742,41,733,986,1596,3905,2294,878,992,1261,401,460,68,385,15742
2021-02-08,1495,36,677,863,1459,3658,2130,837,878,1154,373,437,70,331,14398
2021-02-09,1461,36,634,803,1409,3529,2118,816,804,1107,374,442,44,313,13890
2021-02-10,1438,30,629,846,1390,3501,2065,777,755,1090,386,430,48,302,13687
2021-02-11,1406,31,611,840,1389,3491,1984,754,708,1054,387,436,53,285,13429
2021-02-12,1387,30,567,858,1349,3428,1976,676,711,995,383,431,52,277,13120
2021-02-13,1365,30,546,855,1369,3406,1845,702,678,1001,383,412,49,279,12920
2021-02-14,1346,30,533,857,1363,3419,1792,679,670,991,382,416,51,287,12816
2021-02-15,1231,29,458,831,1298,3188,1721,683,645,918,366,373,52,253,12046
2021-02-16,1181,24,404,832,1244,3111,1634,664,595,872,365,357,50,246,11579
2021-02-17,1147,24,386,836,1225,3014,1597,623,536,829,352,339,52,227,11187
2021-02-18,1136,22,369,883,1231,2987,1557,661,535,811,352,329,50,215,11138
2021-02-19,1135,23,347,902,1228,3024,1553,664,502,797,337,342,47,213,11114
2021-02-20,1151,20,339,882,1215,3040,1509,629,521,788,336,341,52,212,11035
2021-02-21,1145,17,335,878,1218,3037,1487,633,513,791,335,324,51,213,10977
2021-02-22,1236,18,310,958,1287,3195,1541,673,535,812,357,337,52,231,11542
2021-02-23,1205,16,287,1045,1260,3105,1518,625,532,749,348,313,52,213,11268
2021-02-24,1168,21,247,984,1239,3003,1427,604,504,683,325,322,45,217,10789
2021-02-25,1200,19,222,1005,1215,2960,1433,592,490,650,317,310,41,208,10662
2021-02-26,1226,22,197,977,1227,2968,1410,609,496,634,304,308,41,199,10618
2021-02-27,1244,23,198,977,1220,3003,1425,588,503,629,302,320,40,214,10686
2021-02-28,1248,24,197,978,1229,2982,1423,601,505,632,303,317,38,211,10688
2021-03-01,1254,25,188,1002,1238,2962,1426,575,508,604,284,341,40,225,10672
2021-03-02,1258,25,180,1025,1246,3015,1467,562,513,570,281,354,38,250,10784
2021-03-03,1309,29,179,1041,1252,3052,1466,565,543,563,269,376,35,252,10931
2021-03-04,1354,32,170,1014,1246,3039,1456,532,541,568,256,399,31,267,10905
2021-03-05,1340,29,160,985,1237,2993,1481,505,595,572,264,406,30,274,10871
2021-03-06,1329,30,164,982,1236,2969,1476,526,582,571,263,407,26,275,10836
2021-03-07,1316,28,159,981,1238,2923,1517,510,586,565,263,415,27,269,10797
2021-03-08,1325,27,163,956,1228,2857,1467,478,589,573,258,433,24,259,10637
2021-03-09,1307,27,157,886,1240,2821,1470,472,578,578,242,435,20,269,10502
2021-03-10,1312,26,146,859,1245,2791,1473,498,617,571,239,449,21,258,10505
2021-03-11,1242,27,166,823,1240,2712,1447,484,626,595,229,457,19,290,10357
2021-03-12,1228,25,168,796,1231,2656,1441,488,617,593,224,472,20,301,10260
2021-03-13,1228,29,176,797,1223,2671,1448,485,641,585,225,461,22,296,10287
2021-03-14,1230,30,176,794,1210,2629,1472,478,641,579,223,464,23,297,10246
2021-03-15,1297,29,185,771,1188,2687,1508,488,668,620,233,449,20,294,10437
2021-03-16,1314,32,185,735,1162,2594,1484,495,675,626,222,479,22,314,10339
2021-03-17,1342,30,189,731,1144,2569,1454,495,675,641,224,453,25,321,10293
2021-03-18,1317,30,187,733,1125,2595,1501,491,710,620,223,463,27,330,10352
2021-03-19,1344,33,185,738,1114,2669,1519,503,682,625,210,472,28,338,10460
2021-03-20,1368,33,201,742,1115,2683,1535,501,717,620,219,484,26,350,10594
2021-03-21,1373,33,201,745,1117,2717,1527,512,722,624,220,501,26,355,10673
2021-03-22,1431,36,204,758,1104,2768,1603,517,757,633,220,488,27,372,10918
2021-03-23,1508,39,209,792,1094,2841,1601,544,796,667,239,506,29,382,11247
2021-03-24,1544,42,212,808,1103,2971,1631,531,824,702,243,512,31,394,11548
2021-03-25,1622,43,209,797,1087,3078,1709,531,870,696,264,494,32,381,11813
2021-03-26,1701,46,220,823,1092,3219,1754,504,927,736,284,499,33,375,12213
2021-03-27,1710,43,217,824,1088,3290,1780,519,941,758,283,506,31,382,12372
2021-03-28,1709,41,223,825,1096,3339,1787,516,945,775,284,501,33,382,12456
2021-03-29,1773,43,232,842,1115,3341,1812,502,956,782,292,515,32,382,12619
2021-03-30,1871,41,250,867,1119,3480,1892,507,1021,830,314,480,36,369,13077
2021-03-31,1956,40,261,837,1138,3605,1955,508,1039,862,318,515,36,371,13441
2021-04-01,2035,39,273,833,1135,3657,1981,534,1054,905,334,498,37,354,13669
2021-04-02,2132,45,294,846,1156,3642,2000,527,1110,945,347,509,38,344,13935
2021-04-03,2141,45,285,850,1180,3750,2054,512,1133,958,342,498,44,346,14138
2021-04-04,2135,46,290,847,1179,3774,2049,496,1132,967,341,481,43,351,14131
2021-04-05,1973,44,270,773,1123,3664,1959,479,1063,924,318,461,41,324,13416
2021-04-06,1992,42,291,714,1101,3599,1998,455,1038,920,340,476,41,313,13320
2021-04-07,2091,39,308,734,1125,3710,2041,493,1010,963,360,454,40,320,13688
2021-04-08,2162,38,327,713,1175,3769,2034,503,971,996,391,479,46,331,13935
2021-04-09,2179,35,340,679,1191,3732,2048,550,923,998,396,470,48,351,13940
2021-04-10,2188,34,339,677,1203,3657,2066,553,882,999,400,466,50,334,13848
2021-04-11,2184,35,343,677,1223,3653,2065,560,874,990,399,460,50,337,13850
2021-04-12,2171,33,357,623,1228,3708,2065,570,824,988,409,451,50,339,13816
2021-04-13,2108,33,368,555,1226,3612,1993,579,793,977,419,446,43,328,13480
2021-04-14,2047,32,368,514,1212,3419,1943,576,755,949,433,414,40,332,13034
2021-04-15,1991,37,368,467,1208,3371,1901,564,690,918,423,399,38,349,12724
2021-04-16,1867,30,371,415,1167,3287,1851,552,612,860,418,376,35,355,12196
2021-04-17,1845,30,378,409,1149,3165,1805,565,568,849,420,381,31,356,11951
2021-04-18,1852,30,383,411,1141,3136,1786,572,562,842,420,384,31,351,11901
2021-04-19,1977,32,412,440,1193,3193,1786,565,584,910,464,378,35,385,12354
2021-04-20,1917,47,398,426,1159,3210,1775,564,584,899,430,368,36,388,12201
2021-04-21,1803,50,390,368,1112,2926,1698,523,524,841,406,351,35,387,11414
2021-04-22,1697,58,388,354,1079,2774,1689,522,523,822,379,338,35,373,11031
2021-04-23,1584,62,392,340,1045,2685,1620,489,490,802,359,326,35,376,10605
2021-04-24,1578,63,407,337,1013,2623,1563,476,505,802,367,323,32,384,10473
2021-04-25,1582,62,399,336,1000,2621,1509,460,508,797,367,327,29,377,10374
2021-04-26,1508,62,394,327,990,2520,1471,450,516,797,366,315,30,388,10134
2021-04-27,1342,62,369,268,911,2337,1414,431,447,740,306,295,29,351,9302
2021-04-28,1335,61,366,277,886,2335,1457,410,457,752,304,290,31,368,9329
2021-04-29,1331,56,374,269,926,2327,1423,434,483,775,321,307,35,355,9416
2021-04-30,1369,54,371,275,964,2384,1491,428,514,782,348,293,38,352,9663
2021-05-01,1351,54,365,275,954,2383,1445,435,501,789,343,280,42,337,9554
2021-05-02,1363,53,356,274,963,2380,1428,423,509,780,344,273,45,340,9531
2021-05-03,1359,53,350,273,994,2441,1495,439,508,745,344,303,45,349,9698
2021-05-04,1331,39,334,281,1036,2440,1463,429,479,738,359,272,46,341,9588
2021-05-05,1297,33,324,283,1031,2492,1506,419,486,721,370,286,46,327,9621
2021-05-06,1264,24,306,283,1023,2438,1435,395,484,681,360,273,39,324,9329
2021-05-07,1244,20,274,280,1032,2393,1401,378,472,652,360,273,44,309,9132
2021-05-08,1216,20,261,280,1023,2394,1385,376,452,628,350,271,48,302,9006
2021-05-09,1211,20,262,281,1016,2355,1381,395,450,625,350,265,48,301,8960
2021-05-10,1154,21,239,278,972,2287,1344,376,443,591,324,264,47,301,8641
2021-05-11,1227,22,253,320,1031,2344,1366,368,460,596,357,266,50,307,8967
2021-05-12,1119,23,243,323,996,2324,1300,380,439,564,340,262,49,283,8645
2021-05-13,1065,21,231,308,910,2192,1251,323,411,527,319,234,109,267,8168
2021-05-14,961,21,209,312,865,2062,1143,323,373,509,290,215,104,258,7645
2021-05-15,966,20,204,313,843,2045,1139,307,372,497,291,214,101,259,7571
2021-05-16,950,21,205,312,836,2013,1128,303,366,488,292,210,99,253,7476
2021-05-17,880,20,190,306,798,1944,1052,285,357,477,262,176,99,234,7080
2021-05-18,795,18,191,295,743,1837,994,282,354,446,248,172,95,218,6688
2021-05-19,733,17,189,278,695,1721,922,273,324,436,231,151,96,203,6269
2021-05-20,675,15,179,277,658,1683,864,269,301,426,217,135,99,196,5994
2021-05-21,631,14,173,280,600,1633,832,265,294,416,213,114,93,184,5742
2021-05-22,615,12,170,282,593,1596,793,251,293,405,211,112,89,187,5609
2021-05-23,613,12,167,281,574,1596,780,237,290,401,211,112,90,183,5547
2021-05-24,577,10,169,279,549,1570,761,237,272,385,216,101,91,162,5379
2021-05-25,533,8,157,259,491,1532,702,217,245,354,192,92,91,167,5040
2021-05-26,495,6,152,234,475,1501,664,200,232,325,200,80,92,152,4808
2021-05-27,451,8,146,237,466,1499,658,199,215,301,191,75,31,148,4625
2021-05-28,440,11,141,217,455,1494,630,192,195,293,180,74,32,131,4485
2021-05-29,424,11,147,216,443,1427,607,189,177,285,178,68,29,128,4329
2021-05-30,421,10,146,217,428,1429,600,192,172,284,176,70,31,130,4306
2021-05-31,397,9,160,212,386,1385,590,183,157,266,171,71,29,116,4132
2021-06-01,373,10,156,195,371,1372,566,179,131,249,163,63,30,109,3967
2021-06-02,366,10,162,203,356,1357,546,170,129,228,154,63,29,109,3882
2021-06-03,371,10,167,192,354,1345,553,165,118,217,145,68,27,96,3828
2021-06-04,354,9,178,180,340,1301,537,170,109,197,135,69,24,90,3693
2021-06-05,354,9,187,179,341,1281,568,166,98,197,135,65,26,86,3692
2021-06-06,351,9,189,180,345,1266,562,162,98,196,136,62,25,85,3666
2021-06-07,326,9,191,178,346,1257,548,166,87,183,122,48,23,79,3563
2021-06-08,294,8,183,166,344,1203,548,157,83,187,119,47,20,67,3426
2021-06-09,284,8,184,170,321,1144,529,152,64,173,97,44,17,67,3254
2021-06-10,271,6,178,161,312,1089,498,141,60,160,93,40,13,66,3088
2021-06-11,252,2,177,160,284,999,461,130,58,135,85,37,13,65,2858
2021-06-12,244,2,165,159,280,977,465,128,59,134,85,35,14,65,2812
2021-06-13,242,2,163,158,280,948,446,121,60,137,85,31,12,59,2744
2021-06-14,220,2,144,151,267,868,414,124,62,122,74,25,11,50,2534
2021-06-15,196,1,132,136,246,756,393,102,63,104,64,24,14,47,2278
2021-06-16,174,2,119,126,236,701,349,90,60,92,63,22,13,42,2089
2021-06-17,153,2,108,121,200,639,319,86,54,86,63,18,12,37,1898
2021-06-18,142,3,97,105,184,583,304,71,51,82,53,14,16,30,1735
2021-06-19,133,3,83,104,176,536,260,69,50,78,53,14,18,27,1604
2021-06-20,134,3,81,103,170,519,250,65,49,79,52,13,19,28,1565
2021-06-21,122,3,64,91,152,467,228,54,48,73,47,13,23,27,1412
2021-06-22,109,4,54,83,127,387,188,51,44,60,41,12,25,27,1212
2021-06-23,98,4,44,69,117,329,153,46,44,56,39,9,26,26,1060
2021-06-24,88,5,42,68,103,295,144,45,44,53,32,8,28,28,983
2021-06-25,76,5,36,56,84,255,134,43,40,49,28,8,28,26,868
2021-06-26,70,9,32,55,80,227,116,34,38,43,28,9,28,27,796
2021-06-27,70,13,32,55,76,222,111,32,37,41,28,9,29,28,783
2021-06-28,54,12,24,46,69,201,102,24,34,45,28,8,28,31,706
2021-06-29,53,13,21,47,58,179,80,28,29,43,23,8,26,28,636
2021-06-30,42,12,17,35,52,157,82,28,30,44,16,8,26,26,575
2021-07-01,31,12,14,33,49,140,71,23,31,40,11,3,27,25,510
2021-07-02,26,12,9,35,50,125,54,21,29,35,10,3,22,25,456
2021-07-03,25,13,8,35,49,124,47,20,28,35,10,2,18,25,439
2021-07-04,24,13,7,35,48,121,46,17,28,34,10,3,18,24,428
2021-07-05,23,13,12,33,43,108,42,17,27,46,6,3,15,21,409
2021-07-06,20,13,21,34,38,107,38,14,27,73,4,3,15,21,428
2021-07-07,17,13,24,39,42,103,36,11,26,102,3,3,17,18,454
2021-07-08,14,12,37,37,37,106,37,12,27,135,3,3,15,14,489
2021-07-09,13,12,47,41,52,109,41,13,27,165,5,6,14,14,559
2021-07-10,13,9,48,41,60,111,38,14,27,167,5,5,13,13,564
2021-07-11,12,6,49,41,64,111,39,14,27,168,5,5,11,12,564
2021-07-12,11,7,54,40,75,122,41,19,29,186,4,5,11,8,612
2021-07-13,9,7,64,36,95,117,42,17,32,204,4,6,8,7,648
2021-07-14,14,7,66,44,103,127,40,16,27,208,6,7,9,7,681
2021-07-15,18,7,70,45,111,147,39,15,28,209,7,9,9,6,720
2021-07-16,20,6,75,45,117,153,40,16,29,219,8,10,9,4,751
2021-07-17,21,5,76,45,117,158,41,18,30,221,8,10,9,4,763
2021-07-18,21,6,76,45,115,160,43,18,30,222,8,8,8,4,764
2021-07-19,21,6,79,45,125,177,45,22,33,218,10,8,7,9,805
2021-07-20,24,5,77,42,142,203,46,30,40,200,11,8,5,9,842
2021-07-21,26,5,72,42,143,213,51,31,47,180,12,8,2,11,843
2021-07-22,32,6,60,39,149,224,51,32,45,149,12,8,3,10,820
2021-07-23,33,8,58,41,147,244,54,37,50,128,13,5,3,11,832
2021-07-24,33,7,57,44,142,250,59,37,50,129,13,5,3,11,840
2021-07-25,33,7,56,44,139,256,63,37,50,132,13,5,3,12,850
2021-07-26,36,6,59,52,139,268,72,35,52,113,14,5,5,16,872
2021-07-27,39,6,50,51,133,286,85,35,48,100,14,5,6,16,874
2021-07-28,38,9,56,58,133,298,92,38,48,104,12,4,9,18,917
2021-07-29,40,9,56,62,139,305,108,41,50,113,12,4,13,19,971
2021-07-30,48,9,56,62,140,335,126,47,56,115,13,3,14,21,1045
2021-07-31,50,10,57,63,147,345,135,46,59,118,14,3,14,21,1082
2021-08-01,50,9,58,63,148,357,140,50,59,118,14,3,14,21,1104
2021-08-02,60,16,55,76,153,392,149,54,62,115,23,5,15,21,1196
2021-08-03,68,16,50,92,146,406,169,49,53,111,24,5,15,21,1225
2021-08-04,80,17,55,106,148,427,181,55,49,108,27,5,15,21,1294
2021-08-05,88,21,57,117,158,441,194,58,56,114,27,6,14,28,1379
2021-08-06,101,22,52,136,157,448,202,56,51,114,26,6,19,30,1420
2021-08-07,106,22,54,134,158,450,218,57,57,114,26,7,20,32,1455
2021-08-08,106,21,54,136,161,464,221,61,57,112,26,8,20,33,1480
2021-08-09,127,21,57,144,172,496,234,59,73,113,30,11,21,35,1593
2021-08-10,148,21,67,162,181,564,245,59,78,124,30,16,21,39,1755
2021-08-11,161,24,67,179,195,607,283,66,83,125,34,20,19,43,1906
2021-08-12,170,26,69,185,194,632,304,70,86,123,38,24,22,45,1988
2021-08-13,195,29,73,217,207,660,318,70,81,124,41,29,22,51,2117
2021-08-14,197,33,80,216,203,664,334,70,89,122,42,31,23,52,2156
2021-08-15,203,33,80,216,209,669,339,68,90,124,43,33,23,52,2182
2021-08-16,230,31,88,232,222,669,383,62,99,142,48,34,28,51,2319
2021-08-17,252,31,105,251,271,725,407,62,123,155,51,44,30,60,2567
2021-08-18,279,33,116,284,291,756,447,64,150,173,59,55,32,71,2810
2021-08-19,296,33,125,302,299,809,482,64,164,190,66,67,33,72,3002
2021-08-20,337,31,132,313,321,893,532,62,166,195,78,84,32,80,3256
2021-08-21,343,32,132,319,322,946,570,65,220,207,80,85,34,80,3435
2021-08-22,351,33,135,320,323,957,606,69,222,206,80,89,37,78,3506
2021-08-23,380,35,140,346,341,990,660,86,246,230,87,100,38,84,3763
2021-08-24,411,34,146,381,376,1055,695,94,252,241,104,102,40,94,4025
2021-08-25,434,29,142,407,395,1114,726,107,305,268,115,99,44,101,4286
2021-08-26,475,32,145,444,431,1204,767,111,341,286,125,115,40,115,4631
2021-08-27,488,30,149,474,456,1275,798,129,388,308,136,114,44,118,4907
2021-08-28,500,25,143,478,472,1334,810,145,455,312,134,113,45,121,5087
2021-08-29,498,26,142,478,480,1366,838,159,456,313,134,112,51,121,5174
2021-08-30,528,22,146,524,528,1437,838,168,457,320,129,122,48,130,5397
2021-08-31,580,22,140,605,529,1538,878,181,529,342,136,119,49,134,5782
2021-09-01,594,20,139,628,577,1631,898,192,566,365,152,115,54,137,6068
2021-09-02,637,17,138,657,616,1720,936,197,545,389,175,120,57,140,6344
2021-09-03,656,16,137,704,647,1793,978,208,615,439,185,118,57,146,6699
2021-09-04,665,15,137,701,669,1818,987,219,599,435,197,122,58,149,6771
2021-09-05,671,14,135,701,687,1848,1000,231,635,436,199,128,55,150,6890
2021-09-06,746,12,141,746,744,1992,1002,231,606,494,248,134,53,146,7295
2021-09-07,803,12,142,807,827,2027,1055,248,759,558,248,159,55,181,7881
2021-09-08,900,11,152,838,889,2157,1108,248,763,604,303,180,51,185,8389
2021-09-09,981,6,174,860,946,2283,1173,270,758,660,316,180,53,184,8844
2021-09-10,1074,5,208,878,1022,2436,1239,261,750,736,345,189,58,191,9392
2021-09-11,1098,6,211,884,1037,2561,1286,269,761,755,356,200,59,192,9675
2021-09-12,1112,5,215,887,1032,2595,1349,258,797,755,358,208,53,192,9816
2021-09-13,1241,5,261,930,1085,2794,1467,281,839,859,414,223,53,217,10669
2021-09-14,1328,6,289,938,1174,2976,1509,301,850,924,434,238,53,242,11262
2021-09-15,1480,5,306,990,1207,3118,1592,322,940,973,441,254,50,243,11921
2021-09-16,1556,3,315,1028,1266,3188,1683,345,1060,996,439,264,56,256,12455
2021-09-17,1629,3,343,1069,1343,3354,1760,361,1031,1017,443,274,61,277,12965
2021-09-18,1641,4,352,1072,1382,3433,1786,372,1061,1041,430,280,60,278,13192
2021-09-19,1633,6,354,1069,1378,3493,1836,367,1025,1043,429,276,62,277,13248
2021-09-20,1704,7,374,1104,1419,3550,1958,368,1079,1074,405,275,62,296,13675
2021-09-21,1763,7,383,1104,1382,3626,1998,381,1041,1060,411,271,65,277,13769
2021-09-22,1758,8,393,1092,1354,3622,2034,390,1087,1041,359,271,73,280,13762
2021-09-23,1730,8,404,1088,1326,3601,2068,380,1087,1035,350,273,70,284,13704
2021-09-24,1724,8,387,1081,1283,3533,2123,402,1130,1008,322,275,64,283,13623
2021-09-25,1718,7,392,1078,1286,3444,2145,407,1084,1024,312,265,66,282,13510
2021-09-26,1712,7,393,1078,1286,3449,2165,422,1049,1023,309,265,68,285,13511
2021-09-27,1669,6,365,1070,1244,3393,2143,419,1011,958,263,267,69,281,13158
2021-09-28,1704,5,365,1048,1193,3326,2148,423,1072,958,266,290,72,265,13135
2021-09-29,1627,8,373,983,1195,3292,2184,418,943,933,247,296,74,263,12836
2021-09-30,1617,8,374,957,1166,3263,2164,415,928,931,232,295,67,247,12664
2021-10-01,1621,8,363,921,1109,3191,2150,421,909,904,227,289,65,226,12404
2021-10-02,1614,7,357,921,1079,3139,2182,435,939,904,226,296,68,225,12392
2021-10-03,1617,5,360,921,1071,3081,2177,435,938,902,226,299,67,226,12325
2021-10-04,1607,4,349,878,1032,3001,2083,451,907,860,219,318,66,222,11997
2021-10-05,1643,4,368,863,1001,2990,2097,457,889,881,222,321,64,217,12017
2021-10-06,1654,3,374,833,1014,3017,2078,458,831,881,228,314,60,229,11974
2021-10-07,1651,3,363,826,1012,2991,2051,464,825,856,226,301,64,242,11875
2021-10-08,1628,3,358,804,977,3001,2030,458,793,844,233,309,65,248,11751
2021-10-09,1636,4,354,803,976,2993,2058,451,819,816,240,319,65,259,11793
2021-10-10,1634,4,356,801,975,2953,2004,449,816,816,243,322,66,256,11695
2021-10-11,1595,4,363,765,989,2950,1989,451,814,813,267,331,67,261,11659
2021-10-12,1539,5,359,779,1028,2946,1966,480,750,791,266,303,68,266,11546
2021-10-13,1531,2,348,804,1006,2947,2019,473,768,787,274,298,69,274,11600
2021-10-14,1501,2,356,830,1019,3041,1996,511,739,787,295,291,71,293,11732
2021-10-15,1497,2,390,868,1030,3105,2106,531,799,814,301,328,75,331,12177
2021-10-16,1530,2,392,872,1037,3179,2131,523,759,817,303,327,75,329,12276
2021-10-17,1535,2,394,874,1038,3232,2156,555,768,817,302,336,77,329,12415
2021-10-18,1573,2,438,984,1086,3468,2220,570,765,885,336,341,84,356,13108
2021-10-19,1659,3,450,1117,1195,3699,2366,617,823,952,354,361,88,370,14054
2021-10-20,1697,3,502,1272,1260,3902,2442,675,887,979,373,432,93,421,14938
2021-10-21,1847,3,512,1386,1379,4181,2603,708,924,1104,392,489,99,438,16065
2021-10-22,2001,3,570,1546,1513,4484,2863,763,994,1171,444,540,104,458,17454
2021-10-23,2085,2,577,1575,1626,4952,2980,804,1057,1219,448,565,107,466,18463
2021-10-24,2099,2,593,1581,1646,5095,3129,854,1140,1222,450,590,106,476,18983
2021-10-25,2333,2,608,1730,1792,5385,3236,870,1302,1338,465,619,112,482,20274
2021-10-26,2603,2,714,1897,1918,5925,3505,920,1231,1488,586,701,125,568,22183
2021-10-27,2764,2,745,1993,2058,6358,3685,1011,1443,1589,643,712,130,600,23733
2021-10-28,3036,4,790,2084,2153,6783,3837,1064,1391,1704,700,752,146,701,25145
2021-10-29,3280,4,846,2166,2311,7187,4066,1104,1513,1831,734,794,145,717,26698
2021-10-30,3390,4,859,2182,2405,7491,4203,1201,1561,1945,786,783,147,773,27730
2021-10-31,3414,5,884,2188,2484,7705,4486,1199,1676,1999,787,864,150,783,28624
2021-11-01,3254,5,833,2006,2426,7567,4573,1332,1696,1913,723,854,146,759,28087
2021-11-02,3476,5,922,2065,2552,7912,4536,1317,1749,2040,861,913,153,893,29394
2021-11-03,3801,5,991,2233,2792,8465,4969,1413,1965,2397,971,909,159,989,32059
2021-11-04,4158,6,1098,2300,2923,8882,5067,1541,2150,2492,1117,940,170,1025,33869
2021-11-05,4409,6,1145,2283,3134,9184,5163,1640,2306,2601,1167,944,184,1095,35261
2021-11-06,4545,7,1203,2271,3159,9325,5381,1794,2257,2685,1161,945,188,1168,36089
2021-11-07,4567,8,1210,2265,3228,9512,5576,1840,2256,2716,1158,959,190,1184,36669
2021-11-08,4648,9,1336,2226,3274,9775,5764,1889,2204,2851,1320,1019,192,1214,37721
2021-11-09,4843,10,1312,2227,3436,9931,5970,2009,2489,3012,1297,1019,197,1314,39066
2021-11-10,5033,10,1427,2203,3529,10196,6124,2060,2383,3157,1293,1021,200,1371,40007
2021-11-11,5050,10,1546,2167,3722,10270,6308,2177,2565,3246,1284,1051,198,1331,40925
2021-11-12,5103,10,1571,2126,3820,10385,6515,2255,2595,3306,1255,1063,204,1393,41601
2021-11-13,5138,10,1660,2122,3890,10642,6706,2271,2605,3291,1265,1108,203,1395,42306
2021-11-14,5158,9,1685,2119,3981,10934,6820,2379,2564,3295,1270,1043,205,1406,42868
2021-11-15,5593,13,1917,2363,4176,11586,7141,2284,2639,3641,1395,1077,216,1462,45503
2021-11-16,5584,13,1979,2281,4330,11764,7544,2391,2637,3677,1374,1081,216,1453,46324
2021-11-17,5501,13,1954,2048,4355,11662,7527,2338,2490,3579,1317,1126,214,1349,45473
2021-11-18,5273,13,2070,1939,4328,11699,7700,2290,2384,3607,1230,1093,205,1381,45212
2021-11-19,5109,13,2059,1875,4271,11672,7824,2249,2303,3606,1194,1072,192,1348,44787
2021-11-20,5002,14,2141,1874,4232,11600,7889,2186,2301,3676,1191,1104,192,1307,44709
2021-11-21,4998,13,2203,1897,4246,11554,7975,2114,2232,3744,1237,1084,193,1321,44811
2021-11-22,5072,12,2155,1888,4296,11630,7976,2184,2201,3712,1157,1047,198,1335,44863
2021-11-23,4795,11,2243,1760,4202,11332,7808,2122,2066,3649,1095,1040,186,1214,43523
2021-11-24,4574,11,2276,1692,4181,11001,7751,2078,1994,3556,1086,1083,184,1153,42620
2021-11-25,4385,9,2194,1634,4033,10725,7747,1989,1882,3522,1088,1019,181,1144,41552
2021-11-26,4225,9,2197,1581,3921,10356,7392,1922,1746,3441,1090,992,172,1069,40113
2021-11-27,4141,11,2145,1588,3840,9956,7215,1916,1712,3452,1058,985,174,1032,39225
2021-11-28,4114,11,2153,1601,3761,9563,6992,1847,1650,3476,1083,983,171,1039,38444
2021-11-29,4021,7,2022,1475,3768,9236,6664,1828,1592,3340,1032,996,167,1009,37157
2021-11-30,3734,7,1931,1374,3478,8753,6341,1812,1527,3235,912,942,163,923,35132
2021-12-01,3543,8,1992,1333,3267,8314,6077,1766,1450,3060,857,878,153,895,33593
2021-12-02,3347,9,1804,1287,3136,7742,5761,1740,1356,2995,803,880,145,809,31814
2021-12-03,3186,9,1786,1244,2973,7392,5454,1704,1249,2943,754,862,151,776,30483
2021-12-04,3137,7,1665,1252,2923,7002,5165,1646,1246,2823,753,858,145,729,29351
2021-12-05,3114,7,1617,1245,2866,6886,4830,1691,1243,2783,735,863,143,713,28736
2021-12-06,2874,7,1548,1191,2712,6480,4648,1563,1237,2702,662,857,136,674,27291
2021-12-07,2685,7,1469,1127,2539,6142,4562,1501,1207,2541,647,798,135,640,26000
2021-12-08,2571,7,1337,1114,2415,5898,4334,1467,1220,2515,610,773,128,629,25018
2021-12-09,2469,7,1279,1113,2268,5663,4059,1398,1223,2417,556,821,121,581,23975
2021-12-10,2326,7,1226,1076,2175,5517,3908,1406,1187,2358,552,812,122,555,23227
2021-12-11,2264,5,1202,1079,2121,5365,3731,1332,1166,2298,527,787,120,535,22532
2021-12-12,2252,5,1171,1084,2051,5300,3619,1321,1155,2274,511,782,115,530,22170
2021-12-13,2016,5,1127,1053,1939,5044,3618,1302,1199,2177,496,786,114,526,21402
2021-12-14,1919,5,1073,1021,1902,4942,3458,1258,1140,2118,481,776,104,477,20674
2021-12-15,1806,4,943,999,1835,4746,3329,1286,1092,2055,463,778,106,451,19893
2021-12-16,1723,2,938,964,1812,4681,3243,1242,1118,1966,449,753,104,440,19435
2021-12-17,1627,2,891,940,1763,4562,3110,1247,1092,1883,438,743,99,418,18815
2021-12-18,1585,4,883,931,1767,4467,3008,1215,1076,1856,438,722,100,416,18468
2021-12-19,1586,4,871,927,1753,4424,2982,1186,1074,1829,421,720,99,403,18279
2021-12-20,1470,4,871,913,1722,4350,2914,1202,1099,1744,402,706,97,388,17882
2021-12-21,1428,5,816,898,1700,4217,2801,1159,1020,1720,372,707,100,342,17285
2021-12-22,1376,6,792,877,1642,4097,2668,1157,991,1626,365,700,100,324,16721
2021-12-23,1368,8,797,862,1657,4124,2679,1134,951,1576,357,685,102,304,16604
2021-12-24,1322,10,733,883,1632,4015,2621,1117,925,1578,335,660,100,284,16215
2021-12-25,1310,11,737,876,1607,4004,2575,1107,948,1527,338,664,99,292,16095
2021-12-26,1320,12,733,865,1630,4061,2519,1099,986,1520,324,668,104,278,16119
2021-12-27,1335,13,717,928,1596,4220,2465,1127,964,1486,335,646,106,284,16222
2021-12-28,1395,16,725,983,1613,4337,2462,1133,1044,1445,334,653,122,301,16563
2021-12-29,1440,16,725,1028,1618,4519,2443,1107,1089,1461,349,653,135,324,16907
2021-12-30,1545,16,731,1089,1652,4779,2481,1140,1163,1426,363,638,155,346,17524
2021-12-31,1655,16,740,1140,1698,4860,2507,1129,1148,1456,373,667,158,357,17904
2022-01-01,1692,15,733,1142,1687,4990,2477,1114,1145,1427,382,634,166,366,17970
2022-01-02,1765,16,731,1136,1729,5152,2507,1158,1171,1473,374,642,169,372,18395
2022-01-03,2099,16,807,1285,1920,5631,2681,1187,1275,1623,472,617,205,421,20239
2022-01-04,2533,14,835,1462,2329,6576,2745,1264,1570,1757,553,726,231,473,23068
2022-01-05,2888,16,934,1627,2640,7495,2979,1308,1782,1957,640,746,264,516,25792
2022-01-06,3275,15,1044,1812,3035,8397,3142,1380,2032,2144,728,750,307,609,28670
2022-01-07,3834,14,1134,2022,3426,9586,3435,1419,2252,2375,796,780,349,649,32071
2022-01-08,4184,13,1197,2094,3628,10701,3727,1495,2348,2573,831,882,399,693,34765
2022-01-09,4283,19,1228,2137,3833,11641,3937,1491,2433,2662,844,936,417,733,36594
2022-01-10,4588,20,1345,2251,4309,12832,4191,1479,2724,2925,959,1029,444,853,39949
2022-01-11,5667,18,1416,2509,4992,14664,4741,1532,3103,3272,1083,1151,467,899,45514
2022-01-12,6476,18,1610,2802,5635,16570,5108,1585,3296,3585,1231,1234,506,1047,50703
2022-01-13,7079,18,1707,3042,6340,18114,5699,1626,3834,3917,1356,1391,529,1094,55746
2022-01-14,7938,18,1934,3222,7067,20258,6278,1708,4071,4231,1532,1538,563,1324,61682
2022-01-15,8776,18,2070,3510,7586,21886,6918,1852,4459,4510,1627,1663,586,1408,66869
2022-01-16,9103,18,2194,3602,8057,23218,7677,1907,4705,4694,1640,1889,605,1528,70837
2022-01-17,9393,19,2287,3802,8728,25464,8355,2114,4920,5066,1660,2069,606,1647,76130
2022-01-18,10345,19,2587,4134,9650,27625,9785,2283,5516,5646,1930,2315,618,1895,84348
2022-01-19,11246,16,2796,4427,10414,29006,10636,2389,6125,6205,2226,2634,620,2066,90806
2022-01-20,11846,15,3044,4540,11005,30956,11424,2573,6440,6709,2454,2823,596,2162,96587
2022-01-21,12720,15,3372,4979,11289,31740,12431,2818,7101,7094,2573,2906,607,2411,102056
2022-01-22,14601,15,3612,5629,12559,34102,14675,3308,7374,7543,2896,3396,613,2565,112888
2022-01-23,15722,8,3710,5901,13629,35113,15469,3611,7608,7924,3079,3579,620,2800,118773
2022-01-24,16860,6,3971,6154,14468,37100,16697,3951,8111,8390,3260,3960,634,2875,126437
2022-01-25,18343,4,4430,6655,15224,39074,18285,4631,8507,9472,3622,4446,643,3177,136513
2022-01-26,19649,4,4748,6905,15895,40138,19759,5162,9020,10199,3807,4575,633,3367,143861
2022-01-27,21221,5,5244,7364,16977,42153,21768,5833,9013,10809,4054,4931,650,3796,153818
2022-01-28,22563,5,5455,7741,17624,43003,23205,6492,9584,11416,4301,5240,655,3833,161117
2022-01-29,23580,4,5723,7973,18374,44448,25224,7028,9771,11919,4615,5577,672,4055,168963
2022-01-30,24248,3,5875,8133,18710,44634,26074,7539,9790,12296,4832,5619,667,4148,172568
2022-01-31,24369,2,6346,8400,18780,44701,26803,7798,9872,12812,5110,5752,667,4192,175604
2022-02-01,26891,2,6726,9012,19568,46110,29153,9077,10510,13380,5300,6451,717,4663,187560
2022-02-02,27820,2,6911,9094,20229,47059,31267,9756,10604,13641,5405,6698,762,4808,194056
2022-02-03,28208,2,6940,9274,20189,46628,32051,10201,10688,13797,5370,6873,783,4975,195979
2022-02-04,28289,1,6955,9109,20461,47064,32517,10488,10431,13989,5470,7191,783,5014,197762
2022-02-05,26980,1,6913,8793,19550,45119,31117,10319,10396,13958,5274,6883,769,5041,191113
2022-02-06,26430,1,6937,8831,18765,44129,30839,10349,10336,13827,5261,6872,765,4929,188271
2022-02-07,26186,1,6956,8844,18234,43054,31051,10618,10157,13820,5125,6777,769,5084,186676
2022-02-08,24128,1,6457,8222,17175,39973,29507,10054,9477,12640,4781,6312,738,4837,174302
2022-02-09,23284,1,6404,8198,16781,39392,29407,10155,9487,12335,4722,6546,740,4847,172299
2022-02-10,21761,,6071,7779,15491,37053,27780,9813,9317,11762,4479,6347,715,4612,162980
2022-02-11,20209,1,5873,7466,14579,35392,26736,9472,8949,11225,4205,6098,700,4576,155481
2022-02-12,18794,1,5611,7149,13627,33077,24644,9004,8555,10706,3886,5799,672,4401,145926
2022-02-13,18149,1,5402,7103,13098,32032,23447,8596,8477,10344,3740,5639,672,4292,140992
2022-02-14,18102,2,5036,6721,12617,30485,22844,8499,8432,9662,3488,5581,670,4298,136437
2022-02-15,14611,10,4433,5755,10811,26821,19554,7223,7173,8569,3053,4655,601,3660,116929
2022-02-16,12908,10,4081,5393,9315,24315,16914,6651,6542,7748,2664,4192,533,3443,104709
2022-02-17,11836,14,3773,5030,8617,22415,15601,6196,6124,7072,2475,3922,496,3191,96762
2022-02-18,10674,14,3476,4646,7871,20626,14237,5789,5744,6404,2278,3594,464,2966,88783
2022-02-19,9991,14,3256,4352,7450,19422,13368,5481,5501,5920,2172,3375,427,2808,83537
2022-02-20,9495,14,3145,4097,7076,18673,12817,5297,5364,5665,2040,3209,407,2702,80001
2022-02-21,8347,14,2823,3668,6297,16540,11251,4880,4844,4976,1858,2857,364,2376,71095
2022-02-22,7929,14,2823,3528,5956,15825,10829,4743,4788,4765,1737,2762,363,2298,68360
2022-02-23,6734,14,2409,3038,5102,13493,9186,4148,4209,4074,1481,2325,324,1970,58507
2022-02-24,6077,14,2161,2734,4601,12100,8266,3825,3899,3727,1358,2052,298,1753,52865
2022-02-25,5410,13,1938,2471,4119,10718,7338,3457,3598,3335,1220,1849,272,1551,47289
2022-02-26,4962,13,1814,2288,3797,9929,6794,3275,3430,3092,1122,1712,253,1424,43905
2022-02-27,4552,13,1739,2112,3496,9317,6306,3109,3255,2856,1042,1593,239,1306,40935
2022-02-28,3975,12,1517,1907,3080,8251,5482,2845,3039,2553,932,1363,207,1155,36318
2022-03-01,3648,4,1404,1760,2781,7606,4959,2670,2845,2369,865,1275,187,1064,33437
2022-03-02,3281,4,1284,1613,2578,7041,4455,2466,2645,2206,828,1178,181,958,30718
2022-03-03,3073,,1211,1517,2368,6610,4064,2325,2544,2108,784,1104,178,891,28777
2022-03-04,2808,,1112,1438,2198,6167,3756,2217,2408,1964,774,1038,169,835,26884
2022-03-05,2619,,1065,1361,2062,5904,3573,2151,2305,1867,715,998,166,764,25550
2022-03-06,2468,,1022,1295,1926,5677,3404,2048,2170,1777,684,933,169,709,24282
2022-03-07,2574,,1003,1381,2028,5884,3511,2003,2246,1889,777,944,175,732,25147
2022-03-08,2521,,966,1383,2014,5866,3478,2000,2193,1900,797,916,176,743,24953
2022-03-09,2483,,934,1368,1997,5928,3513,1968,2160,1889,830,917,186,742,24915
2022-03-10,2490,,907,1404,2010,6071,3558,1959,2124,1907,849,908,303,747,25237
2022-03-11,2533,,899,1463,2035,6268,3593,1970,2153,1943,886,923,305,742,25713
2022-03-12,2519,,886,1504,2037,6342,3640,1974,2178,1985,884,928,308,740,25925
2022-03-13,2523,,888,1540,2020,6398,3741,2007,2173,1997,902,931,308,751,26179
2022-03-14,2614,,915,1687,2216,6869,3981,2067,2300,2131,964,1001,314,799,27858
2022-03-15,2677,,921,1794,2290,7214,4161,2116,2438,2211,1000,1020,314,829,28985
2022-03-16,2751,,945,1961,2358,7548,4330,2173,2582,2337,1031,1046,321,876,30259
2022-03-17,2867,,975,2101,2435,7933,4523,2194,2627,2418,1041,1085,324,903,31426
2022-03-18,3031,,1020,2211,2554,8358,4699,2253,2783,2493,1077,1124,319,936,32858
2022-03-19,3061,,1018,2287,2593,8569,4756,2287,2819,2535,1093,1128,317,952,33415
2022-03-20,3067,,1001,2339,2605,8663,4839,2332,2827,2551,1103,1159,319,954,33759
2022-03-21,3223,,1060,2490,2739,9235,5068,2403,3023,2688,1135,1251,323,1010,35648
2022-03-22,3374,,1114,2570,2868,9543,5211,2441,3161,2765,1159,1278,324,1022,36830
2022-03-23,3516,,1154,2651,2955,9765,5280,2517,3252,2867,1165,1340,325,1041,37828
2022-03-24,3616,,1200,2705,2993,9904,5395,2590,3306,2921,1190,1404,207,1048,38479
2022-03-25,3729,,1216,2757,3087,10001,5466,2624,3342,3009,1181,1450,213,1052,39127
2022-03-26,3785,,1228,2757,3090,10078,5466,2638,3347,3001,1185,1487,212,1058,39332
2022-03-27,3806,,1230,2748,3080,10074,5485,2614,3341,3016,1182,1494,222,1059,39351
2022-03-28,3911,,1284,2700,3096,10116,5509,2593,3345,3116,1166,1515,227,1065,39643
2022-03-29,3982,,1315,2667,3143,10165,5499,2574,3298,3118,1134,1538,229,1057,39719
2022-03-30,4019,,1333,2572,3147,10103,5495,2540,3218,3087,1074,1561,223,1027,39399
2022-03-31,3943,,1327,2479,3136,9943,5406,2491,3164,3030,1067,1534,219,1011,38750
2022-04-01,3870,,1306,2404,3095,9706,5324,2407,3069,3008,993,1496,215,986,37879
2022-04-02,3854,,1305,2340,3068,9522,5204,2355,3029,2965,974,1486,220,978,37300
2022-04-03,3842,,1322,2286,3063,9458,5133,2286,3026,2961,961,1475,213,972,36998
2022-04-04,3719,,1298,2101,3054,8995,4889,2177,2844,2846,876,1413,209,919,35340
2022-04-05,3648,,1270,1996,3002,8725,4713,2082,2705,2781,827,1417,199,883,34248
2022-04-06,3550,,1260,1892,2930,8438,4571,1960,2565,2687,785,1366,189,856,33049
2022-04-07,3450,,1246,1805,2884,8237,4396,1857,2474,2623,736,1314,189,834,32045
2022-04-08,3301,,1249,1696,2782,8017,4218,1775,2388,2539,706,1275,184,819,30949
2022-04-09,3240,,1245,1648,2769,7850,4119,1717,2350,2523,704,1240,181,816,30402
2022-04-10,3218,,1234,1608,2757,7764,4004,1682,2336,2487,696,1227,172,809,29994
2022-04-11,3057,,1198,1475,2648,7245,3710,1571,2203,2321,634,1146,172,755,28135
2022-04-12,2893,,1189,1382,2549,6832,3492,1449,2093,2201,603,1107,171,726,26687
2022-04-13,2757,,1164,1280,2466,6486,3278,1357,2008,2104,570,1067,174,706,25417
2022-04-14,2673,,1161,1187,2375,6165,3104,1290,1937,2032,527,1046,176,682,24355
2022-04-15,2553,,1154,1081,2291,5895,2916,1211,1850,1948,502,1002,182,653,23238
2022-04-16,2497,,1153,1043,2261,5768,2898,1173,1818,1930,509,997,178,643,22868
2022-04-17,2472,,1142,1022,2253,5667,2822,1119,1792,1887,496,965,177,642,22456
2022-04-18,2136,,1013,899,1896,4973,2467,977,1539,1609,410,861,172,547,19499
2022-04-19,2096,,1007,890,1892,4863,2421,935,1550,1614,473,867,185,568,19361
2022-04-20,2005,,993,848,1827,4609,2303,862,1497,1537,458,842,179,538,18498
2022-04-21,1912,,956,833,1741,4408,2207,810,1442,1484,442,830,178,512,17755
2022-04-22,1836,,914,787,1679,4199,2147,748,1354,1386,426,808,172,497,16953
2022-04-23,1802,,901,797,1650,4101,2132,729,1324,1351,426,798,171,480,16662
2022-04-24,1798,,893,795,1648,4023,2097,688,1321,1325,433,801,166,476,16464
2022-04-25,1665,,772,807,1494,3807,1986,623,1167,1239,426,803,149,413,15351
2022-04-26,1630,,725,806,1431,3676,1947,614,1114,1192,427,771,146,395,14874
2022-04-27,1480,,638,764,1302,3386,1833,558,996,1073,407,708,133,343,13621
2022-04-28,1457,,588,788,1299,3384,1835,537,993,1052,419,709,132,338,13531
2022-04-29,1419,,530,798,1236,3312,1793,528,962,1023,432,710,122,326,13191
2022-04-30,1405,,523,805,1231,3310,1779,520,958,1009,435,688,120,326,13109
2022-05-01,1407,,512,808,1220,3227,1751,514,951,1000,435,683,120,326,12954
2022-05-02,1393,,502,804,1218,3272,1753,515,945,1001,438,666,110,322,12939
2022-05-03,1325,,464,820,1159,3231,1658,509,913,948,402,609,97,302,12437
2022-05-04,1278,,417,819,1108,3247,1613,519,896,910,390,578,101,304,12180
2022-05-05,1241,,397,787,1080,3151,1538,490,887,869,385,546,96,292,11759
2022-05-06,1192,,375,795,1045,3095,1458,498,872,869,391,500,92,279,11461
2022-05-07,1191,,364,763,1031,3075,1420,489,858,846,391,485,90,276,11279
2022-05-08,1167,,362,756,1026,3047,1387,485,846,844,378,467,93,274,11132
2022-05-09,1110,,366,700,979,2943,1284,479,819,767,352,416,94,260,10569
2022-05-10,1049,,352,678,940,2820,1195,456,809,743,332,390,86,246,10096
2022-05-11,1093,,373,686,972,2926,1203,475,844,762,343,386,89,263,10415
2022-05-12,1024,,356,648,902,2779,1100,451,781,709,317,333,83,254,9737
2022-05-13,971,,357,623,876,2663,1050,431,739,663,297,310,86,254,9320
2022-05-14,950,,346,599,863,2589,1009,426,716,641,288,307,85,249,9068
2022-05-15,939,,342,586,851,2572,989,412,713,636,287,303,85,244,8959
2022-05-16,987,,348,595,917,2610,1004,417,747,656,302,318,87,252,9240
2022-05-17,849,,323,514,787,2331,912,387,651,568,243,275,79,205,8124
2022-05-18,786,,303,477,733,2128,834,373,594,533,231,263,71,193,7519
2022-05-19,753,,281,458,706,2044,792,365,556,519,217,248,71,183,7193
2022-05-20,717,,267,415,672,1960,766,338,541,475,195,242,68,172,6828
2022-05-21,692,,265,410,655,1902,748,330,539,465,194,228,65,173,6666
2022-05-22,689,,264,404,649,1866,734,315,533,461,188,218,63,171,6555
2022-05-23,651,,242,365,619,1770,681,294,512,428,166,193,59,160,6140
2022-05-24,623,,227,339,594,1725,641,291,465,410,151,183,58,157,5864
2022-05-25,583,,216,330,572,1649,599,267,444,403,144,176,54,148,5585
2022-05-26,563,,211,309,559,1553,555,259,422,384,132,157,52,135,5291
2022-05-27,519,,194,283,534,1484,518,254,396,377,118,146,51,121,4995
2022-05-28,508,,188,265,528,1431,508,250,388,363,114,135,51,122,4851
2022-05-29,502,,185,258,516,1407,492,249,384,363,113,136,51,121,4777
2022-05-30,460,,172,231,472,1311,441,237,358,351,97,121,47,120,4418
2022-05-31,442,,161,214,437,1281,412,224,337,328,90,112,49,121,4208
2022-06-01,414,,152,197,424,1291,384,218,324,330,79,105,56,114,4088
2022-06-02,378,,147,178,402,1292,358,207,306,316,75,101,57,113,3930
2022-06-03,372,,144,180,389,1299,354,199,264,303,72,100,57,109,3842
2022-06-04,360,,140,173,386,1276,347,199,248,297,70,96,64,109,3765
2022-06-05,358,,137,168,381,1275,352,203,250,293,66,95,69,109,3756
2022-06-06,316,,128,179,363,1264,347,199,213,288,63,96,68,112,3636
2022-06-07,304,,119,181,349,1273,332,204,207,286,65,90,67,116,3593
2022-06-08,296,,110,185,356,1273,330,211,207,276,68,91,76,115,3594
2022-06-09,285,,102,187,339,1282,340,216,211,267,77,93,78,115,3592
2022-06-10,293,,99,200,332,1324,341,237,216,262,77,97,75,119,3672
2022-06-11,294,,99,203,327,1361,345,248,214,259,78,100,72,121,3721
2022-06-12,294,,102,202,330,1379,340,251,216,258,75,95,69,123,3734
2022-06-13,318,,104,225,326,1426,360,269,235,266,91,103,71,121,3915
2022-06-14,323,,104,248,353,1477,364,288,238,256,104,103,75,127,4060
2022-06-15,354,,104,273,374,1519,381,304,246,250,122,99,70,146,4242
2022-06-16,379,,111,306,393,1577,388,312,279,260,130,101,70,150,4456
2022-06-17,401,,117,321,419,1627,396,333,324,264,139,98,73,163,4675
2022-06-18,410,,119,331,427,1669,409,341,327,270,142,104,65,162,4776
2022-06-19,415,,122,337,432,1695,412,357,332,275,142,106,60,163,4848
2022-06-20,480,,125,366,461,1753,440,372,400,312,168,109,66,181,5233
2022-06-21,514,,138,397,510,1818,472,382,444,327,185,123,68,177,5555
2022-06-22,579,,146,433,553,1914,519,421,484,343,194,132,69,200,5987
2022-06-23,632,,153,451,598,2025,543,456,498,364,199,136,71,216,6342
2022-06-24,676,,169,511,632,2093,594,475,537,411,223,138,73,242,6774
2022-06-25,688,,174,521,636,2143,605,469,539,420,221,138,84,240,6878
2022-06-26,701,,173,540,645,2176,630,494,540,428,226,137,89,240,7019
