date,region.ce.todate,region.foreign.todate,region.kk.todate,region.kp.todate,region.kr.todate,region.lj.todate,region.mb.todate,region.ms.todate,region.ng.todate,region.nm.todate,region.po.todate,region.sg.todate,region.unknown.todate,region.za.todate,region.todate
2020-03-04,,,,,,1,,,,,,,,,1
2020-03-05,,,,,,5,,1,,,,,,,6
2020-03-06,,,,,,7,,2,,1,,,,,10
2020-03-07,,,,1,,8,1,2,,3,,,,,15
2020-03-08,,,,1,,10,1,2,,6,,,,,20
2020-03-09,,,,1,,16,1,2,,11,,,,,31
2020-03-10,,,,2,,27,3,2,,12,2,,,,48
2020-03-11,4,,,2,1,44,7,3,1,18,3,,,,83
2020-03-12,13,1,1,4,2,63,9,4,2,30,3,,,1,133
2020-03-13,25,1,1,6,8,73,12,4,3,40,4,,,2,179
2020-03-14,32,1,1,7,11,87,18,5,3,41,6,1,,2,215
2020-03-15,38,1,1,8,16,96,21,5,3,45,11,3,,2,250
2020-03-16,38,2,1,8,18,106,24,5,4,47,11,10,,2,276
2020-03-17,40,2,1,8,18,107,27,5,4,50,12,10,,2,286
2020-03-18,50,2,1,11,20,113,28,9,5,51,13,13,,2,318
2020-03-19,56,2,2,11,23,120,30,9,5,54,13,14,,2,341
2020-03-20,56,3,3,11,24,136,34,9,5,56,13,16,,3,369
2020-03-21,68,3,5,11,28,148,36,9,6,57,14,16,,5,406
2020-03-22,78,3,5,12,29,159,43,9,6,58,16,19,,5,442
2020-03-23,87,3,6,12,31,176,46,10,6,58,16,20,,7,478
2020-03-24,97,3,7,12,34,194,48,15,6,62,18,22,,8,526
2020-03-25,107,3,7,12,40,210,52,15,7,65,21,24,,10,573
2020-03-26,118,3,7,13,42,227,57,17,8,83,22,26,,11,634
2020-03-27,122,3,7,13,50,249,58,19,9,87,26,31,,12,686
2020-03-28,142,4,7,14,53,256,62,19,11,90,26,35,,14,733
2020-03-29,152,4,8,14,54,262,63,23,11,91,26,35,,14,757
2020-03-30,159,5,9,16,54,277,63,37,11,97,27,35,,15,805
2020-03-31,164,5,9,16,58,284,65,49,14,98,27,35,,18,842
2020-04-01,177,5,9,16,61,298,68,64,15,103,27,35,,19,897
2020-04-02,187,5,10,18,63,306,71,73,15,106,28,36,,19,937
2020-04-03,205,5,10,18,63,316,75,76,17,110,28,36,,19,978
2020-04-04,214,5,10,18,63,318,78,80,17,110,28,38,,19,998
2020-04-05,223,7,10,18,64,319,80,80,20,110,28,40,,22,1021
2020-04-06,233,7,10,18,67,328,84,87,20,110,28,41,,23,1056
2020-04-07,239,7,10,18,68,344,89,90,20,111,28,44,,24,1092
2020-04-08,246,7,10,18,73,358,93,90,20,113,28,45,,24,1125
2020-04-09,250,7,11,18,73,368,95,102,20,118,28,46,,24,1160
2020-04-10,255,7,11,19,74,375,98,108,20,123,29,46,,24,1189
2020-04-11,257,7,11,19,74,375,99,118,20,126,29,46,,25,1206
2020-04-12,258,7,11,19,75,379,99,118,21,126,29,46,,25,1213
2020-04-13,258,8,12,19,75,380,103,118,21,127,29,46,,25,1221
2020-04-14,261,8,12,21,75,385,106,129,21,127,30,46,,27,1248
2020-04-15,262,8,12,21,75,390,107,138,21,130,30,46,,29,1269
2020-04-16,279,8,13,22,75,393,109,143,21,135,30,48,,29,1305
2020-04-17,283,9,13,23,75,394,109,146,21,138,30,48,,29,1318
2020-04-18,289,9,13,23,76,394,109,151,21,139,30,48,,29,1331
2020-04-19,290,9,13,23,76,396,110,151,21,139,30,49,,29,1336
2020-04-20,293,9,13,23,76,399,110,151,21,141,30,50,,29,1345
2020-04-21,294,9,13,23,76,400,111,154,21,143,30,50,,30,1354
2020-04-22,294,9,13,23,78,407,112,155,21,145,30,50,,30,1367
2020-04-23,294,9,13,23,79,407,114,158,21,146,30,50,,30,1374
2020-04-24,294,9,13,23,82,409,117,162,22,146,30,50,,32,1389
2020-04-25,294,9,13,23,82,414,117,165,22,146,30,50,,32,1397
2020-04-26,295,9,13,23,83,414,119,166,22,147,30,50,,32,1403
2020-04-27,299,9,13,23,84,414,119,167,22,147,30,50,,32,1409
2020-04-28,299,9,13,23,84,415,119,173,22,148,30,51,,32,1418
2020-04-29,301,9,13,23,84,416,122,176,22,149,30,51,,33,1429
2020-04-30,301,9,13,23,84,417,123,179,22,149,30,51,,33,1434
2020-05-01,302,9,13,23,84,417,124,181,22,150,30,51,,33,1439
2020-05-02,302,9,13,23,84,417,124,181,22,150,30,51,,33,1439
2020-05-03,302,9,13,23,84,417,124,181,22,150,30,51,,33,1439
2020-05-04,303,9,13,23,84,417,124,186,22,150,30,51,,33,1445
2020-05-05,303,9,13,23,84,417,124,188,22,151,30,51,,33,1448
2020-05-06,304,9,13,23,84,417,124,188,22,151,30,51,,33,1449
2020-05-07,304,9,13,23,85,417,124,188,22,151,30,51,,33,1450
2020-05-08,304,9,13,23,86,418,124,188,22,151,30,52,,34,1454
2020-05-09,305,9,13,23,86,419,124,188,22,152,30,52,,34,1457
2020-05-10,305,9,13,23,86,422,124,188,22,152,30,52,,34,1460
2020-05-11,306,9,13,23,86,422,124,188,22,152,30,52,,34,1461
2020-05-12,306,9,13,23,86,422,125,188,22,153,30,52,,34,1463
2020-05-13,306,9,13,23,86,422,125,188,23,153,30,52,,34,1464
2020-05-14,306,10,13,23,86,422,125,188,23,153,30,52,,34,1465
2020-05-15,306,10,13,23,86,422,125,188,23,153,30,52,,34,1465
2020-05-16,307,10,13,23,86,422,125,188,23,153,30,52,,34,1466
2020-05-17,307,10,13,23,86,422,125,188,23,153,30,52,,34,1466
2020-05-18,307,10,13,23,86,423,125,188,23,153,30,52,,34,1467
2020-05-19,307,10,13,23,86,423,125,188,23,154,30,52,,34,1468
2020-05-20,307,10,13,23,86,423,125,188,23,154,30,52,,34,1468
2020-05-21,307,10,13,23,86,423,125,188,23,154,30,52,,34,1468
2020-05-22,307,10,13,23,86,423,125,188,23,154,30,52,,34,1468
2020-05-23,307,10,13,23,86,423,125,188,23,154,30,52,,34,1468
2020-05-24,307,11,13,23,86,423,125,188,23,154,30,52,,34,1469
2020-05-25,307,11,13,23,86,423,125,188,23,154,30,52,,34,1469
2020-05-26,307,12,13,23,86,424,125,188,23,154,30,52,,34,1471
2020-05-27,307,12,14,23,86,425,125,188,23,154,30,52,,34,1473
2020-05-28,307,12,14,23,86,425,125,188,23,154,30,52,,34,1473
2020-05-29,307,12,14,23,86,425,125,188,23,154,30,52,,34,1473
2020-05-30,307,12,14,23,86,425,125,188,23,154,30,52,,34,1473
2020-05-31,307,12,14,23,86,425,125,188,23,154,30,52,,34,1473
2020-06-01,307,12,14,23,86,426,126,188,23,154,30,52,,34,1475
2020-06-02,307,12,14,23,86,426,128,188,23,154,30,52,,34,1477
2020-06-03,307,12,14,23,86,426,128,188,23,154,30,52,,34,1477
2020-06-04,307,12,14,23,87,427,128,188,23,154,30,52,,34,1479
2020-06-05,307,12,14,23,91,428,128,188,23,154,30,52,,34,1484
2020-06-06,307,12,14,23,92,428,128,188,23,154,30,52,,34,1485
2020-06-07,307,12,14,23,92,428,128,188,23,154,30,52,,34,1485
2020-06-08,307,12,14,23,93,428,128,188,23,154,30,52,,34,1486
2020-06-09,307,12,14,23,94,429,128,188,23,154,30,52,,34,1488
2020-06-10,307,12,14,23,94,429,128,188,23,154,30,52,,34,1488
2020-06-11,307,12,14,25,94,429,128,188,23,154,30,52,,34,1490
2020-06-12,307,12,14,25,94,429,129,188,24,154,30,52,,34,1492
2020-06-13,307,12,14,25,95,429,129,188,26,154,30,52,,34,1495
2020-06-14,307,12,14,25,96,429,129,188,26,154,30,52,,34,1496
2020-06-15,307,12,15,26,96,429,129,188,26,154,31,52,,34,1499
2020-06-16,307,12,15,26,98,431,129,188,26,154,31,52,,34,1503
2020-06-17,307,15,16,27,98,434,129,188,26,154,31,52,,34,1511
2020-06-18,307,15,16,28,98,435,129,188,26,154,31,52,,34,1513
2020-06-19,307,15,16,31,98,438,129,188,26,154,31,52,,34,1519
2020-06-20,308,15,16,31,98,438,129,188,26,154,31,52,,34,1520
2020-06-21,308,15,16,31,98,439,129,188,26,154,31,52,,34,1521
2020-06-22,309,16,16,32,98,441,129,189,26,155,37,52,,34,1534
2020-06-23,311,17,16,34,98,442,129,189,26,155,37,52,,34,1540
2020-06-24,312,17,16,35,100,443,130,189,26,155,37,52,,34,1546
2020-06-25,313,17,16,35,103,448,130,190,27,155,37,52,,34,1557
2020-06-26,314,17,16,39,103,451,130,190,27,158,39,52,,35,1571
2020-06-27,314,17,16,42,104,453,131,190,28,158,39,53,,35,1580
2020-06-28,314,17,16,42,104,454,131,190,28,158,39,56,,35,1584
2020-06-29,314,19,16,42,104,460,137,190,28,159,39,56,,35,1599
2020-06-30,314,19,17,43,105,466,139,190,29,159,39,57,,35,1612
2020-07-01,314,19,17,44,105,473,141,190,29,159,41,66,,35,1633
2020-07-02,314,19,18,45,105,478,144,191,30,159,42,68,,36,1649
2020-07-03,317,19,18,46,107,488,147,195,32,159,44,71,,36,1679
2020-07-04,317,19,18,47,107,493,152,195,38,159,45,74,,36,1700
2020-07-05,317,19,18,47,107,496,154,195,49,159,45,74,,36,1716
2020-07-06,317,19,18,47,107,498,160,195,51,160,54,76,,37,1739
2020-07-07,318,19,20,51,108,502,164,196,53,163,54,78,,37,1763
2020-07-08,319,19,20,52,108,505,165,196,54,164,57,78,,39,1776
2020-07-09,321,20,21,53,109,509,166,197,55,164,57,80,,41,1793
2020-07-10,330,21,21,55,110,512,167,199,56,165,61,84,,46,1827
2020-07-11,330,21,21,55,115,513,167,205,58,166,61,84,,46,1842
2020-07-12,332,21,21,55,115,515,168,207,58,166,61,84,,47,1850
2020-07-13,333,21,21,55,116,516,168,209,59,167,61,84,,50,1860
2020-07-14,341,21,21,56,118,518,169,210,59,168,61,85,,52,1879
2020-07-15,342,21,22,56,119,522,170,211,61,168,61,86,,59,1898
2020-07-16,344,21,23,57,120,526,171,211,61,169,62,86,,66,1917
2020-07-17,347,21,25,57,124,532,171,214,61,170,63,86,,70,1941
2020-07-18,347,21,25,57,126,532,171,217,61,170,63,86,,71,1947
2020-07-19,347,21,25,57,126,534,171,217,63,170,63,86,1,73,1954
2020-07-20,348,21,25,57,129,537,171,219,64,171,65,86,1,84,1978
2020-07-21,354,21,25,57,132,545,171,220,64,172,66,88,1,91,2007
2020-07-22,357,21,25,57,136,552,171,220,65,173,67,88,1,101,2034
2020-07-23,363,21,27,57,136,558,172,220,65,174,68,88,1,103,2053
2020-07-24,368,21,28,57,139,560,172,220,66,174,70,88,1,103,2067
2020-07-25,369,21,28,57,139,562,172,220,66,174,70,88,1,116,2083
2020-07-26,369,21,28,57,140,566,172,220,66,174,70,88,1,116,2088
2020-07-27,372,21,28,58,142,568,173,220,66,174,74,88,1,117,2102
2020-07-28,374,21,28,58,144,571,173,221,67,175,75,89,1,119,2116
2020-07-29,380,21,28,59,144,580,174,221,68,177,78,89,1,120,2140
2020-07-30,384,21,28,59,145,583,174,222,69,180,81,89,1,121,2157
2020-07-31,386,22,28,59,148,588,175,222,69,181,81,90,1,122,2172
2020-08-01,389,22,28,59,151,590,175,222,69,181,81,90,1,123,2181
2020-08-02,389,22,28,59,151,590,175,222,69,181,81,91,1,123,2182
2020-08-03,392,22,28,59,152,592,175,222,69,181,81,91,1,126,2191
2020-08-04,400,23,28,59,155,595,176,222,70,181,82,91,1,126,2209
2020-08-05,402,23,28,60,156,602,177,222,70,181,83,91,1,128,2224
2020-08-06,405,23,28,60,156,606,179,222,71,181,83,91,1,128,2234
2020-08-07,410,24,28,60,156,609,180,222,71,182,84,93,1,128,2248
2020-08-08,410,24,28,60,156,609,180,222,71,183,84,94,1,128,2250
2020-08-09,411,24,28,60,156,613,180,222,71,184,84,94,1,128,2256
2020-08-10,413,24,28,61,157,623,181,222,72,185,84,94,1,128,2273
2020-08-11,418,25,28,62,157,636,185,222,74,187,84,96,1,129,2304
2020-08-12,419,25,29,65,160,646,187,222,75,191,85,98,1,130,2333
2020-08-13,426,25,30,65,162,663,188,223,76,194,85,100,2,131,2370
2020-08-14,435,25,30,66,162,675,189,223,77,197,85,100,5,133,2402
2020-08-15,437,25,30,67,165,683,189,223,77,197,85,100,5,134,2417
2020-08-16,438,25,30,67,165,689,190,224,77,200,85,101,5,134,2430
2020-08-17,442,25,30,67,166,696,194,226,78,204,86,102,7,134,2457
2020-08-18,446,28,30,69,174,704,199,227,78,208,86,102,7,136,2494
2020-08-19,457,28,31,70,178,718,200,227,79,214,89,102,7,137,2537
2020-08-20,465,28,33,71,178,732,201,231,79,220,89,104,7,137,2575
2020-08-21,471,29,35,73,178,749,207,231,79,226,90,104,9,137,2618
2020-08-22,474,31,36,75,179,759,210,234,79,231,90,104,12,138,2652
2020-08-23,476,31,36,75,179,763,211,234,79,236,90,104,14,138,2666
2020-08-24,480,31,37,75,179,768,211,235,83,238,90,107,15,138,2687
2020-08-25,487,34,39,78,181,780,211,239,84,238,90,109,15,138,2723
2020-08-26,492,34,39,80,182,789,217,239,86,239,91,113,16,139,2756
2020-08-27,502,35,43,82,184,798,225,240,86,241,91,116,16,139,2798
2020-08-28,508,36,44,82,186,812,227,245,86,244,92,117,16,140,2835
2020-08-29,514,38,44,82,192,822,229,247,86,246,92,118,16,140,2866
2020-08-30,514,38,49,83,192,833,230,247,86,246,92,118,16,140,2884
2020-08-31,525,38,54,84,193,840,235,253,86,249,94,118,16,140,2925
2020-09-01,532,43,58,85,200,853,245,256,87,249,94,120,16,142,2980
2020-09-02,537,45,59,87,205,873,250,261,88,252,95,120,18,143,3033
2020-09-03,548,45,64,87,208,890,253,264,88,255,95,122,18,143,3080
2020-09-04,556,46,66,88,211,903,259,266,88,258,95,125,19,143,3123
2020-09-05,569,47,66,88,213,918,266,267,88,261,95,125,20,143,3166
2020-09-06,572,48,67,88,215,922,275,269,88,264,95,125,20,143,3191
2020-09-07,573,49,69,88,218,936,285,270,89,272,96,126,20,143,3234
2020-09-08,591,50,70,89,223,953,304,273,89,276,96,132,20,147,3313
2020-09-09,601,51,70,90,230,978,323,276,91,282,98,134,20,147,3391
2020-09-10,614,53,72,91,235,1016,349,280,93,285,102,138,22,149,3499
2020-09-11,635,55,73,93,243,1052,363,285,95,291,106,139,22,152,3604
2020-09-12,656,56,73,93,252,1072,390,289,96,291,118,140,24,153,3703
2020-09-13,666,56,73,93,256,1091,402,289,96,291,118,141,25,153,3750
2020-09-14,676,56,73,95,261,1118,421,295,99,293,127,141,25,153,3833
2020-09-15,706,57,74,96,273,1152,441,299,103,293,135,146,25,156,3956
2020-09-16,724,58,75,99,284,1191,457,301,105,297,137,149,25,158,4060
2020-09-17,742,59,76,99,299,1247,474,307,108,301,145,153,25,162,4197
2020-09-18,757,60,76,101,305,1294,495,311,108,303,152,157,25,166,4310
2020-09-19,763,62,79,102,309,1332,510,313,113,305,180,160,26,167,4421
2020-09-20,780,62,79,102,309,1340,527,314,113,306,180,166,26,167,4471
2020-09-21,793,64,79,105,317,1377,539,315,113,307,186,170,26,168,4559
2020-09-22,816,66,82,108,334,1409,562,315,115,310,186,188,26,178,4695
2020-09-23,834,67,84,108,343,1452,577,320,116,312,192,201,26,184,4816
2020-09-24,865,70,88,114,355,1531,593,327,121,315,198,216,26,190,5009
2020-09-25,885,70,91,121,378,1596,623,331,123,320,201,232,27,195,5193
2020-09-26,901,71,92,122,394,1632,671,337,129,321,201,250,27,203,5351
2020-09-27,905,72,92,122,396,1645,676,343,129,324,201,253,27,205,5390
2020-09-28,926,72,95,125,410,1663,680,346,136,328,204,268,27,209,5489
2020-09-29,952,72,97,125,445,1737,703,353,140,332,204,280,27,224,5691
2020-09-30,973,74,101,127,461,1790,736,365,143,343,206,288,27,232,5866
2020-10-01,1006,77,104,131,483,1879,767,380,147,353,207,301,28,242,6105
2020-10-02,1038,78,108,141,516,1940,802,394,154,363,207,310,30,252,6333
2020-10-03,1056,79,110,142,539,1987,824,400,160,376,207,334,30,257,6501
2020-10-04,1062,79,113,143,550,2006,843,407,166,377,207,336,30,257,6576
2020-10-05,1089,80,119,148,589,2061,868,415,171,381,208,346,31,260,6766
2020-10-06,1135,83,128,153,637,2173,912,426,179,411,222,356,31,277,7123
2020-10-07,1176,86,135,161,691,2326,941,435,196,450,232,369,31,282,7511
2020-10-08,1230,89,145,165,742,2462,973,451,204,472,235,385,31,290,7874
2020-10-09,1261,92,158,175,798,2606,1020,463,210,496,238,405,32,300,8254
2020-10-10,1287,98,195,177,881,2742,1047,482,238,508,241,424,32,313,8665
2020-10-11,1298,100,202,177,897,2800,1084,486,241,521,242,437,32,317,8834
2020-10-12,1352,115,210,180,955,2932,1130,500,252,554,250,451,32,320,9233
2020-10-13,1406,117,235,191,1105,3156,1171,538,284,626,264,472,32,343,9940
2020-10-14,1501,126,265,205,1222,3387,1241,564,305,703,273,499,32,365,10688
2020-10-15,1577,137,312,216,1392,3648,1313,587,326,784,282,536,32,382,11524
2020-10-16,1697,141,361,233,1553,3891,1407,611,364,861,293,572,32,406,12422
2020-10-17,1752,151,416,245,1680,4145,1466,649,387,898,300,602,32,426,13149
2020-10-18,1791,156,426,247,1750,4349,1539,681,403,932,301,648,32,431,13686
2020-10-19,1861,158,454,265,1918,4559,1631,727,421,1000,319,689,32,454,14488
2020-10-20,2061,161,496,305,2206,4975,1784,806,465,1120,338,753,32,491,15993
2020-10-21,2263,166,537,359,2477,5506,1956,923,517,1211,378,821,32,517,17663
2020-10-22,2548,171,584,419,2762,5959,2141,1007,575,1299,390,886,32,551,19324
2020-10-23,2840,176,637,435,3165,6549,2379,1091,626,1403,421,944,32,595,21293
2020-10-24,3047,184,678,501,3502,6999,2567,1199,681,1493,463,998,32,651,22995
2020-10-25,3132,187,702,506,3786,7362,2709,1271,723,1535,465,1034,32,669,24113
2020-10-26,3307,193,739,556,4031,7790,2901,1362,764,1638,481,1107,32,714,25615
2020-10-27,3699,198,806,656,4467,8531,3118,1546,840,1859,522,1190,32,762,28226
2020-10-28,4017,206,842,734,4963,9333,3370,1681,915,1984,557,1279,32,805,30718
2020-10-29,4303,218,881,755,5278,9933,3553,1764,949,2085,581,1344,32,842,32518
2020-10-30,4504,223,914,790,5598,10418,3841,1859,1091,2167,597,1419,32,862,34315
2020-10-31,4627,229,929,810,5759,10841,4109,1961,1158,2213,620,1486,32,888,35662
2020-11-01,4673,229,942,811,5810,10986,4263,2045,1167,2237,620,1511,32,893,36219
2020-11-02,4815,239,971,848,6037,11323,4384,2114,1186,2327,652,1548,32,920,37396
2020-11-03,5138,245,1015,905,6328,11842,4673,2293,1265,2451,683,1599,32,959,39428
2020-11-04,5314,253,1049,952,6574,12285,4934,2475,1368,2511,718,1660,32,994,41119
2020-11-05,5531,258,1081,985,6776,12741,5175,2621,1420,2617,736,1699,32,1014,42686
2020-11-06,5683,268,1121,1031,6971,13191,5392,2798,1485,2720,765,1768,33,1073,44299
2020-11-07,5741,273,1136,1037,7077,13447,5593,2882,1508,2752,768,1844,33,1099,45190
2020-11-08,5792,274,1146,1041,7118,13513,5724,2979,1518,2780,769,1863,33,1106,45656
2020-11-09,5959,276,1178,1078,7301,13777,5822,3073,1537,2893,793,1897,33,1128,46745
2020-11-10,6233,281,1214,1133,7619,14332,6182,3219,1680,3040,833,1984,33,1190,48973
2020-11-11,6487,290,1263,1184,7846,14790,6474,3411,1728,3179,895,2061,33,1264,50905
2020-11-12,6724,299,1292,1229,8039,15119,6768,3557,1782,3272,921,2098,33,1288,52421
2020-11-13,6927,300,1355,1281,8224,15496,7107,3745,1827,3377,966,2169,35,1352,54161
2020-11-14,7053,300,1363,1287,8312,15689,7324,3843,1911,3428,969,2217,35,1352,55083
2020-11-15,7075,301,1376,1301,8363,15772,7437,3906,1919,3492,974,2269,35,1363,55583
2020-11-16,7241,307,1425,1367,8546,16114,7635,3999,1968,3587,1012,2330,35,1410,56976
2020-11-17,7513,313,1475,1445,8766,16517,7987,4174,2024,3777,1042,2444,35,1482,58994
2020-11-18,7849,315,1537,1498,8952,16869,8425,4345,2135,3903,1084,2583,37,1530,61062
2020-11-19,8119,319,1610,1534,9089,17207,8696,4479,2204,4003,1113,2619,37,1582,62611
2020-11-20,8365,324,1659,1584,9261,17512,9035,4623,2273,4122,1122,2745,38,1639,64302
2020-11-21,8521,328,1681,1597,9344,17689,9262,4735,2312,4171,1174,2830,39,1644,65327
2020-11-22,8576,329,1694,1599,9371,17764,9398,4821,2317,4206,1174,2851,39,1659,65798
2020-11-23,8784,337,1745,1642,9525,18088,9542,4949,2352,4300,1195,2912,39,1696,67106
2020-11-24,9165,349,1847,1720,9707,18452,9958,5111,2417,4509,1245,3069,39,1752,69340
2020-11-25,9455,356,1913,1784,9830,18893,10235,5237,2489,4633,1276,3150,39,1832,71122
2020-11-26,9751,361,2020,1854,9951,19131,10491,5361,2546,4812,1332,3220,39,1865,72734
2020-11-27,10019,368,2070,1939,10075,19494,10780,5475,2612,4943,1363,3262,39,1896,74335
2020-11-28,10154,375,2110,1960,10148,19646,11122,5585,2648,5006,1408,3332,39,1911,75444
2020-11-29,10184,378,2138,1963,10163,19723,11232,5652,2659,5022,1432,3359,39,1927,75871
2020-11-30,10371,383,2218,2020,10291,20013,11410,5731,2696,5134,1489,3406,39,1969,77170
2020-12-01,10711,395,2386,2148,10473,20462,11903,5877,2808,5357,1547,3488,40,2013,79608
2020-12-02,10988,400,2464,2228,10637,20827,12162,5992,2871,5513,1609,3578,40,2075,81384
2020-12-03,11212,404,2557,2298,10759,21154,12571,6148,2948,5677,1676,3627,40,2099,83170
2020-12-04,11459,416,2637,2411,10893,21420,12904,6246,3026,5812,1737,3682,41,2133,84817
2020-12-05,11600,420,2665,2416,10950,21583,13160,6366,3089,5895,1756,3764,41,2145,85850
2020-12-06,11660,425,2700,2417,10973,21664,13276,6435,3094,5917,1757,3821,41,2150,86330
2020-12-07,11847,430,2841,2494,11119,22070,13482,6517,3161,6077,1811,3860,41,2210,87960
2020-12-08,12119,437,2945,2593,11305,22463,13769,6706,3278,6367,1876,3929,41,2272,90100
2020-12-09,12516,443,3037,2663,11428,22767,14182,6828,3299,6508,1911,4028,42,2300,91952
2020-12-10,12793,450,3163,2736,11562,23100,14427,6963,3380,6722,1957,4099,44,2372,93768
2020-12-11,13093,457,3275,2813,11709,23400,14743,7067,3460,6887,2002,4144,44,2424,95518
2020-12-12,13229,459,3306,2825,11799,23575,14895,7151,3491,6964,2010,4175,44,2429,96352
2020-12-13,13245,461,3320,2830,11812,23659,15036,7205,3495,7022,2012,4211,44,2433,96785
2020-12-14,13484,462,3417,2904,11941,24010,15222,7297,3584,7161,2049,4247,46,2493,98317
2020-12-15,13876,465,3493,3008,12121,24338,15498,7461,3658,7452,2119,4347,48,2545,100429
2020-12-16,14109,470,3617,3097,12267,24669,15749,7575,3711,7612,2144,4394,50,2613,102077
2020-12-17,14329,473,3684,3159,12369,24996,16083,7678,3752,7756,2166,4426,58,2665,103594
2020-12-18,14532,475,3732,3218,12471,25264,16308,7791,3812,7946,2211,4474,65,2725,105024
2020-12-19,14628,478,3790,3221,12518,25466,16549,7870,3823,8025,2214,4519,69,2736,105906
2020-12-20,14655,479,3804,3223,12531,25543,16666,7936,3832,8062,2218,4541,69,2743,106302
2020-12-21,14889,481,3876,3347,12642,25873,16836,8048,3872,8253,2272,4601,75,2788,107853
2020-12-22,15210,483,4012,3453,12784,26277,17167,8168,3964,8560,2326,4666,88,2852,110010
2020-12-23,15560,488,4145,3517,12931,26678,17545,8296,4037,8771,2359,4746,91,2910,112074
2020-12-24,15797,490,4325,3574,13055,27075,17845,8403,4109,8941,2383,4828,96,2965,113886
2020-12-25,15816,490,4336,3578,13091,27177,17920,8466,4118,8965,2386,4845,99,2968,114255
2020-12-26,15899,493,4391,3585,13137,27320,17995,8495,4159,9027,2389,4908,99,2981,114878
2020-12-27,15920,494,4407,3588,13164,27467,18147,8588,4167,9060,2393,4926,100,2990,115411
2020-12-28,16177,500,4570,3725,13335,27928,18413,8669,4229,9265,2470,4976,105,3041,117403
2020-12-29,16452,505,4716,3881,13508,28413,18748,8854,4317,9539,2551,5100,112,3137,119833
2020-12-30,16862,506,4836,3978,13720,28941,19054,8988,4447,9791,2566,5230,120,3223,122262
2020-12-31,17102,509,4972,4031,13825,29287,19337,9132,4557,9978,2586,5319,128,3271,124034
2021-01-01,17154,510,4990,4041,13861,29398,19418,9170,4567,9995,2586,5335,129,3278,124432
2021-01-02,17259,515,5059,4045,13941,29509,19515,9260,4629,10066,2588,5383,132,3292,125193
2021-01-03,17315,515,5147,4055,13997,29719,19625,9349,4657,10133,2590,5414,135,3308,125959
2021-01-04,17686,520,5365,4166,14226,30248,19967,9464,4796,10452,2657,5484,144,3389,128564
2021-01-05,18178,520,5621,4333,14513,31042,20328,9684,4947,10804,2716,5647,164,3495,131992
2021-01-06,18652,522,5774,4477,14713,31611,20648,9859,5103,11004,2784,5780,172,3590,134689
2021-01-07,18896,522,5889,4575,14880,32056,20991,9988,5282,11158,2830,5878,185,3643,136773
2021-01-08,19166,523,6013,4658,15035,32509,21237,10070,5412,11306,2880,5939,193,3694,138635
2021-01-09,19251,524,6055,4664,15104,32656,21367,10131,5527,11375,2883,5965,198,3698,139398
2021-01-10,19273,527,6073,4666,15126,32749,21482,10182,5554,11395,2883,5998,204,3712,139824
2021-01-11,19577,531,6178,4760,15295,33074,21785,10290,5686,11541,2946,6051,241,3779,141734
2021-01-12,19880,534,6272,4862,15502,33558,22028,10425,5859,11737,2980,6127,250,3824,143838
2021-01-13,20105,546,6366,4944,15666,34038,22309,10540,5952,11860,3020,6177,259,3864,145646
2021-01-14,20310,549,6446,5013,15802,34410,22527,10599,6066,11970,3064,6220,267,3904,147147
2021-01-15,20487,552,6530,5084,15943,34718,22740,10680,6142,12102,3114,6274,394,3936,148696
2021-01-16,20537,555,6554,5090,15986,34878,22841,10730,6211,12152,3114,6281,398,3943,149270
2021-01-17,20546,555,6565,5099,16017,34950,22920,10757,6229,12176,3115,6293,399,3949,149570
2021-01-18,20806,557,6676,5203,16164,35356,23100,10846,6330,12316,3165,6336,402,4020,151277
2021-01-19,21005,561,6759,5320,16337,35740,23329,10949,6473,12440,3222,6376,404,4079,152994
2021-01-20,21186,565,6852,5405,16456,36090,23518,11059,6581,12575,3248,6395,405,4117,154452
2021-01-21,21348,569,6905,5517,16565,36382,23719,11132,6736,12716,3294,6431,406,4192,155912
2021-01-22,21523,573,6980,5621,16718,36725,23928,11218,6850,12851,3342,6452,412,4239,157432
2021-01-23,21568,575,6996,5632,16771,36856,24042,11276,6892,12892,3343,6472,412,4246,157973
2021-01-24,21587,575,7001,5640,16798,36951,24108,11295,6910,12911,3345,6484,413,4252,158270
2021-01-25,21851,580,7100,5770,16965,37271,24344,11363,7039,13038,3383,6525,414,4309,159952
2021-01-26,22063,582,7195,5891,17160,37773,24510,11475,7178,13201,3422,6563,445,4371,161829
2021-01-27,22233,588,7262,5987,17294,38138,24751,11566,7309,13334,3459,6594,448,4407,163370
2021-01-28,22378,591,7308,6075,17411,38447,24955,11649,7399,13446,3489,6631,449,4447,164675
2021-01-29,22499,593,7390,6167,17546,38761,25119,11753,7457,13569,3531,6663,451,4478,165977
2021-01-30,22546,593,7413,6173,17590,38909,25316,11769,7506,13592,3533,6690,456,4479,166565
2021-01-31,22570,593,7428,6173,17616,38991,25431,11804,7519,13610,3535,6704,456,4483,166913
2021-02-01,22769,595,7521,6269,17773,39406,25575,11857,7585,13739,3587,6771,458,4524,168429
2021-02-02,22951,601,7596,6383,17956,39789,25778,11930,7678,13874,3632,6813,464,4550,169995
2021-02-03,23060,603,7630,6465,18094,40124,25952,12010,7772,13973,3674,6859,466,4580,171262
2021-02-04,23156,605,7666,6530,18204,40375,26105,12041,7817,14051,3706,6889,472,4605,172222
2021-02-05,23280,608,7713,6597,18313,40621,26214,12099,7879,14123,3743,6909,479,4628,173206
2021-02-06,23307,611,7724,6620,18374,40768,26330,12141,7893,14156,3745,6925,480,4630,173704
2021-02-07,23330,616,7734,6625,18394,40856,26402,12173,7902,14172,3746,6944,481,4637,174012
2021-02-08,23347,616,7777,6632,18424,40929,26474,12200,7917,14192,3756,6962,484,4640,174350
2021-02-09,23525,618,7829,6693,18569,41302,26628,12291,7982,14308,3796,7005,489,4684,175719
2021-02-10,23672,618,7891,6832,18684,41639,26816,12343,8064,14424,3845,7024,496,4709,177057
2021-02-11,23785,622,7919,6914,18800,41938,26939,12403,8107,14500,3876,7067,502,4732,178104
2021-02-12,23887,623,7957,7024,18895,42189,27095,12429,8168,14564,3914,7094,503,4755,179097
2021-02-13,23911,623,7959,7025,18959,42315,27161,12471,8184,14593,3916,7102,505,4758,179482
2021-02-14,23916,623,7961,7027,18979,42410,27223,12483,8189,14601,3917,7120,507,4770,179726
2021-02-15,24000,624,7979,7096,19071,42594,27296,12540,8230,14657,3952,7144,510,4777,180470
2021-02-16,24132,625,8000,7212,19200,42900,27412,12594,8273,14746,3996,7170,514,4796,181570
2021-02-17,24207,627,8016,7297,19319,43138,27549,12633,8308,14802,4025,7198,518,4807,182444
2021-02-18,24292,627,8035,7408,19435,43362,27662,12702,8352,14862,4057,7218,522,4820,183354
2021-02-19,24415,631,8060,7494,19541,43645,27767,12763,8381,14920,4079,7251,526,4841,184314
2021-02-20,24458,631,8063,7497,19589,43808,27839,12770,8414,14944,4080,7266,532,4842,184733
2021-02-21,24475,633,8069,7497,19612,43893,27889,12806,8415,14963,4080,7268,532,4850,184982
2021-02-22,24583,634,8087,7584,19711,44124,28015,12873,8452,15004,4112,7299,536,4871,185885
2021-02-23,24730,634,8116,7732,19829,44407,28146,12916,8514,15057,4143,7318,541,4897,186980
2021-02-24,24840,639,8138,7810,19923,44642,28243,12947,8568,15107,4169,7346,541,4926,187839
2021-02-25,24985,641,8141,7913,20015,44898,28372,12995,8597,15150,4192,7377,543,4940,188759
2021-02-26,25113,645,8154,7995,20122,45157,28505,13038,8664,15198,4217,7402,544,4954,189708
2021-02-27,25155,646,8157,7997,20179,45318,28586,13059,8687,15222,4217,7422,545,4972,190162
2021-02-28,25164,647,8158,7999,20208,45392,28646,13084,8694,15233,4219,7437,545,4981,190407
2021-03-01,25254,649,8167,8093,20309,45556,28722,13115,8738,15261,4236,7485,550,5002,191137
2021-03-02,25390,650,8180,8231,20446,45915,28879,13156,8786,15316,4277,7524,552,5046,192348
2021-03-03,25516,656,8195,8333,20571,46190,29015,13198,8851,15365,4294,7574,553,5059,193370
2021-03-04,25646,659,8205,8418,20681,46401,29118,13234,8893,15430,4313,7617,553,5087,194255
2021-03-05,25755,660,8220,8475,20778,46638,29248,13268,8976,15492,4343,7657,556,5115,195181
2021-03-06,25787,661,8227,8475,20825,46777,29315,13296,8996,15515,4343,7673,558,5117,195565
2021-03-07,25791,661,8228,8475,20850,46816,29406,13316,9001,15528,4343,7683,558,5119,195775
2021-03-08,25908,661,8250,8537,20939,46981,29482,13351,9041,15577,4370,7732,559,5130,196518
2021-03-09,26036,661,8273,8615,21069,47228,29616,13388,9092,15635,4385,7753,560,5166,197477
2021-03-10,26151,665,8284,8665,21168,47433,29716,13445,9185,15678,4408,7795,561,5184,198338
2021-03-11,26226,668,8307,8732,21255,47610,29819,13479,9223,15745,4421,7834,561,5230,199110
2021-03-12,26340,670,8322,8787,21353,47813,29946,13526,9281,15791,4441,7874,563,5255,199962
2021-03-13,26382,675,8333,8791,21402,47989,30034,13544,9328,15807,4442,7883,566,5268,200444
2021-03-14,26393,677,8334,8791,21418,48021,30118,13562,9335,15812,4442,7901,567,5278,200649
2021-03-15,26550,678,8352,8862,21497,48243,30230,13603,9406,15881,4469,7934,569,5296,201570
2021-03-16,26703,682,8365,8965,21608,48508,30363,13651,9461,15942,4499,8003,573,5360,202683
2021-03-17,26857,686,8384,9063,21715,48758,30469,13693,9526,16006,4518,8027,577,5380,203659
2021-03-18,26962,689,8392,9150,21806,48994,30619,13725,9603,16050,4536,8080,579,5417,204602
2021-03-19,27098,693,8405,9211,21892,49305,30767,13771,9658,16117,4553,8129,583,5453,205635
2021-03-20,27154,694,8428,9215,21940,49458,30850,13797,9713,16135,4562,8157,583,5467,206153
2021-03-21,27163,694,8429,9218,21967,49531,30933,13828,9723,16152,4563,8184,584,5474,206443
2021-03-22,27338,697,8454,9291,22043,49746,31085,13868,9798,16210,4590,8220,586,5502,207428
2021-03-23,27544,700,8482,9403,22163,50066,31217,13932,9888,16302,4624,8259,589,5548,208717
2021-03-24,27695,707,8496,9470,22271,50401,31347,13976,10009,16380,4651,8307,592,5578,209880
2021-03-25,27848,711,8516,9526,22342,50685,31528,14010,10093,16441,4685,8328,593,5611,210917
2021-03-26,28041,716,8542,9607,22445,51029,31700,14030,10208,16527,4725,8373,596,5630,212169
2021-03-27,28092,718,8550,9612,22490,51276,31814,14063,10269,16565,4725,8389,597,5650,212810
2021-03-28,28102,718,8557,9612,22514,51357,31905,14078,10280,16587,4726,8402,600,5660,213098
2021-03-29,28323,721,8584,9700,22612,51581,32042,14105,10362,16663,4761,8449,601,5678,214182
2021-03-30,28574,723,8615,9828,22727,51986,32255,14158,10482,16772,4813,8483,609,5729,215754
2021-03-31,28813,726,8645,9896,22853,52360,32424,14201,10565,16868,4835,8542,613,5751,217092
2021-04-01,28997,728,8665,9978,22941,52649,32600,14259,10657,16955,4869,8578,616,5771,218263
2021-04-02,29230,738,8699,10052,23048,52945,32767,14298,10768,17062,4899,8638,621,5797,219562
2021-04-03,29295,739,8713,10060,23120,53206,32904,14309,10846,17093,4903,8655,627,5813,220283
2021-04-04,29298,740,8719,10060,23146,53303,32982,14324,10855,17119,4903,8665,627,5825,220566
2021-04-05,29311,741,8724,10061,23166,53409,33044,14347,10861,17134,4907,8681,627,5826,220839
2021-04-06,29536,742,8773,10113,23264,53664,33215,14387,10926,17222,4962,8735,630,5861,222030
2021-04-07,29786,746,8804,10199,23396,54109,33388,14469,11019,17343,5009,8761,632,5898,223559
2021-04-08,30010,749,8843,10234,23517,54452,33562,14513,11064,17437,5074,8807,639,5942,224843
2021-04-09,30220,751,8882,10281,23636,54758,33748,14580,11131,17525,5119,8843,644,5981,226099
2021-04-10,30280,752,8889,10284,23693,54930,33880,14616,11151,17564,5123,8855,647,5984,226648
2021-04-11,30286,753,8900,10285,23737,55007,33970,14638,11154,17577,5123,8862,650,5997,226939
2021-04-12,30494,754,8941,10319,23840,55286,34107,14675,11186,17651,5168,8900,651,6017,227989
2021-04-13,30682,756,8983,10379,23953,55595,34248,14737,11275,17749,5230,8929,652,6057,229225
2021-04-14,30860,758,9013,10405,24065,55776,34367,14777,11320,17817,5267,8956,653,6083,230117
2021-04-15,30988,765,9033,10441,24149,56017,34501,14823,11347,17873,5291,8977,654,6120,230979
2021-04-16,31097,768,9070,10464,24215,56229,34618,14850,11380,17922,5316,9014,656,6152,231751
2021-04-17,31140,769,9091,10466,24269,56368,34709,14874,11414,17942,5322,9036,658,6169,232227
2021-04-18,31150,770,9102,10468,24287,56436,34768,14896,11417,17961,5322,9049,658,6176,232460
2021-04-19,31288,773,9136,10497,24359,56598,34830,14912,11445,18044,5370,9059,662,6211,233184
2021-04-20,31453,789,9171,10534,24423,56870,34990,14951,11510,18121,5392,9103,666,6249,234222
2021-04-21,31589,796,9194,10563,24508,57032,35086,14992,11543,18184,5415,9112,667,6285,234966
2021-04-22,31707,807,9231,10584,24596,57223,35251,15035,11587,18259,5452,9145,674,6315,235866
2021-04-23,31804,813,9274,10617,24681,57441,35368,15069,11621,18327,5477,9169,679,6357,236697
2021-04-24,31858,815,9296,10617,24706,57550,35443,15092,11656,18366,5489,9178,679,6368,237113
2021-04-25,31868,815,9299,10617,24737,57624,35479,15098,11662,18374,5489,9189,679,6374,237304
2021-04-26,32002,816,9335,10641,24830,57802,35578,15125,11702,18448,5533,9215,681,6405,238113
2021-04-27,32024,818,9352,10642,24864,57927,35662,15168,11722,18489,5535,9224,681,6408,238516
2021-04-28,32195,819,9379,10678,24951,58107,35824,15187,11777,18569,5570,9246,684,6451,239437
2021-04-29,32319,821,9407,10706,25075,58340,35924,15257,11830,18648,5611,9284,689,6475,240386
2021-04-30,32466,822,9441,10735,25179,58609,36109,15278,11894,18704,5663,9307,694,6504,241405
2021-05-01,32491,823,9456,10737,25223,58747,36154,15309,11915,18731,5664,9316,700,6506,241772
2021-05-02,32513,823,9458,10737,25250,58812,36196,15319,11926,18741,5665,9322,703,6516,241981
2021-05-03,32647,826,9486,10766,25353,59036,36325,15351,11953,18789,5713,9362,707,6560,242874
2021-05-04,32784,828,9505,10813,25459,59307,36453,15380,11989,18859,5750,9375,712,6590,243804
2021-05-05,32886,829,9518,10844,25539,59521,36592,15411,12029,18904,5784,9398,713,6612,244580
2021-05-06,32971,831,9537,10865,25619,59657,36686,15430,12071,18939,5812,9418,713,6639,245188
2021-05-07,33048,833,9548,10895,25713,59830,36769,15447,12093,18978,5837,9442,723,6666,245822
2021-05-08,33074,835,9557,10895,25729,59941,36828,15468,12108,18993,5839,9449,727,6670,246113
2021-05-09,33079,835,9561,10896,25753,59977,36860,15493,12112,18998,5839,9454,727,6675,246259
2021-05-10,33156,837,9574,10918,25802,60087,36922,15501,12145,19038,5857,9479,727,6706,246749
2021-05-11,33251,840,9605,10960,25895,60270,37028,15536,12182,19084,5892,9490,730,6715,247478
2021-05-12,33314,842,9622,10999,25947,60430,37124,15567,12216,19132,5910,9508,732,6734,248077
2021-05-13,33384,842,9638,11012,25985,60531,37175,15580,12241,19174,5930,9518,797,6742,248549
2021-05-14,33427,843,9650,11044,26044,60670,37252,15601,12267,19212,5953,9522,797,6762,249044
2021-05-15,33457,843,9660,11047,26066,60791,37293,15616,12287,19227,5955,9530,800,6765,249337
2021-05-16,33463,844,9663,11047,26086,60823,37324,15622,12292,19228,5957,9532,801,6769,249451
2021-05-17,33527,846,9676,11070,26151,60978,37377,15636,12310,19265,5975,9538,805,6794,249948
2021-05-18,33579,846,9696,11106,26202,61142,37447,15662,12343,19304,5998,9547,806,6808,250486
2021-05-19,33619,846,9707,11120,26234,61240,37514,15684,12353,19340,6014,9549,808,6815,250843
2021-05-20,33646,846,9716,11139,26277,61339,37550,15699,12372,19365,6028,9553,811,6835,251176
2021-05-21,33679,847,9721,11172,26313,61462,37601,15712,12387,19394,6049,9556,815,6850,251558
2021-05-22,33689,847,9727,11173,26322,61536,37621,15719,12401,19398,6049,9561,815,6857,251715
2021-05-23,33692,847,9728,11173,26327,61572,37640,15730,12402,19399,6049,9566,816,6858,251799
2021-05-24,33733,847,9743,11193,26351,61656,37683,15738,12417,19423,6072,9580,818,6868,252122
2021-05-25,33784,848,9762,11216,26386,61801,37730,15753,12427,19438,6083,9582,821,6882,252513
2021-05-26,33809,848,9774,11230,26422,61930,37788,15767,12448,19457,6109,9588,824,6886,252880
2021-05-27,33835,850,9784,11246,26451,62029,37833,15779,12456,19475,6120,9593,828,6890,253169
2021-05-28,33867,854,9791,11259,26499,62163,37882,15793,12462,19505,6132,9596,829,6893,253525
2021-05-29,33881,854,9807,11261,26509,62217,37900,15805,12464,19512,6132,9598,829,6893,253662
2021-05-30,33884,854,9809,11262,26514,62252,37924,15814,12464,19512,6132,9602,832,6899,253754
2021-05-31,33924,855,9836,11280,26537,62363,37967,15819,12467,19531,6145,9609,834,6910,254077
2021-06-01,33952,856,9852,11299,26573,62514,38013,15841,12474,19553,6160,9610,836,6917,254450
2021-06-02,33985,856,9869,11321,26590,62597,38060,15854,12482,19568,6168,9612,837,6924,254723
2021-06-03,34017,856,9883,11330,26631,62684,38103,15864,12490,19582,6173,9621,838,6931,255003
2021-06-04,34033,856,9899,11351,26653,62763,38138,15882,12496,19591,6184,9625,839,6940,255250
2021-06-05,34043,856,9914,11352,26663,62817,38189,15885,12499,19595,6184,9626,841,6943,255407
2021-06-06,34043,856,9917,11352,26672,62838,38202,15892,12500,19595,6185,9628,841,6943,255464
2021-06-07,34059,856,9934,11370,26697,62913,38231,15904,12504,19606,6194,9628,841,6947,255684
2021-06-08,34078,856,9945,11381,26730,63004,38278,15910,12510,19625,6202,9629,841,6949,255938
2021-06-09,34093,856,9958,11399,26743,63074,38317,15919,12512,19630,6206,9632,841,6953,256133
2021-06-10,34106,856,9962,11406,26763,63118,38331,15920,12516,19635,6213,9633,841,6956,256256
2021-06-11,34119,856,9968,11418,26783,63162,38343,15923,12520,19640,6217,9633,842,6958,256382
2021-06-12,34125,856,9972,11419,26789,63194,38365,15933,12523,19646,6217,9633,843,6958,256473
2021-06-13,34126,856,9972,11419,26794,63200,38370,15935,12524,19649,6217,9633,844,6958,256497
2021-06-14,34144,857,9980,11430,26804,63231,38381,15943,12529,19653,6219,9634,845,6960,256610
2021-06-15,34148,857,9984,11434,26819,63270,38406,15943,12537,19657,6224,9634,850,6964,256727
2021-06-16,34159,858,9988,11445,26826,63297,38409,15944,12542,19660,6231,9634,850,6966,256809
2021-06-17,34170,858,9991,11449,26831,63321,38422,15950,12544,19668,6236,9639,850,6968,256897
2021-06-18,34175,859,9996,11454,26837,63344,38442,15953,12547,19673,6237,9639,855,6970,256981
2021-06-19,34176,859,9997,11454,26839,63351,38449,15954,12549,19673,6237,9640,859,6970,257007
2021-06-20,34177,859,9998,11454,26842,63355,38452,15957,12549,19674,6237,9641,860,6971,257026
2021-06-21,34181,859,9998,11460,26849,63378,38459,15958,12552,19679,6241,9641,864,6974,257093
2021-06-22,34187,860,9999,11463,26857,63389,38466,15961,12554,19685,6243,9641,866,6976,257147
2021-06-23,34191,860,10002,11467,26860,63401,38470,15965,12556,19686,6245,9641,867,6979,257190
2021-06-24,34194,861,10004,11473,26866,63411,38475,15965,12560,19688,6245,9641,869,6984,257236
2021-06-25,34195,861,10004,11473,26867,63415,38477,15966,12560,19689,6245,9641,870,6984,257247
2021-06-26,34195,865,10004,11473,26869,63419,38481,15967,12561,19689,6245,9642,871,6985,257266
2021-06-27,34196,869,10004,11473,26870,63420,38481,15967,12561,19690,6245,9642,873,6986,257277
2021-06-28,34198,869,10004,11475,26873,63430,38483,15967,12563,19698,6247,9642,873,6991,257313
2021-06-29,34201,870,10005,11480,26877,63447,38486,15971,12566,19700,6247,9642,876,6992,257360
2021-06-30,34201,870,10005,11480,26878,63453,38491,15972,12572,19704,6247,9642,876,6992,257383
2021-07-01,34201,870,10005,11482,26880,63461,38493,15973,12575,19708,6247,9642,877,6993,257407
2021-07-02,34201,871,10005,11489,26887,63469,38496,15974,12576,19708,6247,9642,877,6995,257437
2021-07-03,34201,872,10005,11489,26888,63475,38496,15974,12577,19708,6247,9642,877,6995,257446
2021-07-04,34201,872,10005,11489,26890,63476,38498,15974,12577,19708,6247,9644,878,6995,257454
2021-07-05,34204,872,10010,11493,26892,63486,38501,15975,12579,19725,6247,9644,879,6995,257502
2021-07-06,34207,873,10020,11497,26895,63496,38504,15975,12581,19758,6247,9644,881,6997,257575
2021-07-07,34208,873,10026,11505,26902,63504,38506,15976,12582,19788,6248,9644,884,6997,257643
2021-07-08,34208,873,10041,11509,26903,63517,38512,15977,12587,19823,6248,9644,884,6998,257724
2021-07-09,34208,873,10051,11513,26919,63524,38518,15979,12587,19854,6250,9647,884,6998,257805
2021-07-10,34208,874,10052,11513,26929,63530,38519,15981,12588,19856,6250,9647,884,6998,257829
2021-07-11,34208,875,10053,11513,26934,63531,38520,15981,12588,19858,6250,9647,884,6998,257840
2021-07-12,34209,876,10058,11514,26948,63552,38524,15986,12592,19884,6251,9647,884,6999,257924
2021-07-13,34210,877,10069,11515,26972,63564,38528,15988,12598,19904,6251,9648,884,6999,258007
2021-07-14,34215,877,10071,11523,26981,63580,38531,15988,12599,19912,6253,9649,885,6999,258063
2021-07-15,34219,877,10075,11526,26991,63608,38532,15988,12603,19917,6254,9651,886,6999,258126
2021-07-16,34221,877,10080,11533,27004,63622,38536,15990,12605,19927,6255,9652,886,6999,258187
2021-07-17,34222,877,10081,11533,27005,63633,38537,15992,12607,19929,6255,9652,886,6999,258208
2021-07-18,34222,878,10081,11533,27005,63636,38541,15992,12607,19930,6255,9652,886,6999,258217
2021-07-19,34225,878,10089,11537,27017,63663,38546,15997,12612,19943,6257,9652,886,7004,258306
2021-07-20,34231,878,10097,11538,27037,63699,38550,16005,12621,19958,6258,9652,886,7006,258416
2021-07-21,34234,878,10098,11547,27045,63717,38557,16007,12629,19968,6260,9652,886,7008,258486
2021-07-22,34240,879,10101,11548,27052,63741,38563,16009,12632,19972,6260,9652,887,7008,258544
2021-07-23,34241,881,10109,11554,27066,63768,38572,16016,12637,19982,6263,9652,887,7009,258637
2021-07-24,34241,881,10109,11557,27071,63780,38578,16018,12638,19985,6263,9652,887,7009,258669
2021-07-25,34241,882,10109,11557,27073,63787,38583,16018,12638,19990,6263,9652,887,7010,258690
2021-07-26,34245,882,10117,11566,27087,63820,38596,16021,12644,19997,6265,9652,889,7015,258796
2021-07-27,34249,883,10119,11566,27105,63850,38613,16023,12646,20004,6265,9653,890,7015,258881
2021-07-28,34253,886,10127,11581,27114,63878,38623,16026,12647,20016,6265,9653,894,7017,258980
2021-07-29,34259,886,10131,11588,27130,63913,38640,16029,12653,20030,6266,9655,899,7018,259097
2021-07-30,34269,886,10136,11595,27144,63957,38662,16037,12661,20042,6268,9655,900,7020,259232
2021-07-31,34272,887,10138,11596,27152,63978,38672,16038,12666,20047,6269,9655,900,7020,259290
2021-08-01,34272,887,10139,11596,27153,63993,38681,16042,12666,20048,6269,9655,900,7020,259321
2021-08-02,34285,894,10144,11613,27170,64055,38695,16051,12674,20058,6280,9657,901,7025,259502
2021-08-03,34299,894,10147,11630,27183,64105,38719,16054,12674,20069,6282,9657,901,7027,259641
2021-08-04,34314,895,10153,11653,27193,64144,38738,16062,12678,20076,6287,9657,901,7029,259780
2021-08-05,34328,900,10158,11665,27210,64182,38757,16067,12688,20086,6287,9658,901,7036,259923
2021-08-06,34342,903,10161,11689,27223,64216,38774,16072,12688,20096,6289,9658,906,7039,260056
2021-08-07,34347,903,10163,11690,27229,64230,38796,16075,12695,20099,6289,9659,907,7041,260123
2021-08-08,34347,903,10163,11692,27234,64251,38804,16079,12695,20102,6289,9660,907,7043,260169
2021-08-09,34372,903,10174,11708,27259,64316,38830,16080,12717,20110,6295,9663,910,7050,260387
2021-08-10,34397,904,10186,11726,27286,64414,38858,16082,12724,20128,6295,9669,911,7054,260634
2021-08-11,34414,910,10194,11758,27309,64485,38906,16092,12730,20141,6299,9673,913,7060,260884
2021-08-12,34429,912,10200,11771,27324,64545,38944,16099,12739,20153,6304,9679,921,7063,261083
2021-08-13,34464,915,10209,11810,27351,64617,38980,16107,12742,20166,6309,9684,922,7071,261347
2021-08-14,34469,920,10218,11810,27355,64642,39006,16108,12755,20169,6311,9686,923,7072,261444
2021-08-15,34475,920,10219,11810,27362,64662,39020,16110,12756,20172,6312,9688,923,7072,261501
2021-08-16,34515,925,10232,11843,27392,64724,39078,16113,12773,20200,6328,9691,929,7076,261819
2021-08-17,34551,925,10252,11877,27454,64830,39126,16116,12797,20224,6333,9701,931,7087,262204
2021-08-18,34593,928,10269,11933,27484,64900,39185,16126,12828,20249,6346,9712,933,7100,262586
2021-08-19,34624,933,10283,11962,27509,64991,39239,16131,12852,20276,6353,9725,934,7108,262920
2021-08-20,34679,934,10293,11998,27544,65109,39306,16134,12854,20291,6366,9742,938,7119,263307
2021-08-21,34690,935,10295,12004,27551,65176,39366,16140,12915,20306,6368,9744,941,7121,263552
2021-08-22,34698,936,10298,12006,27557,65208,39410,16148,12917,20308,6368,9749,944,7121,263668
2021-08-23,34752,938,10314,12049,27600,65306,39490,16166,12963,20340,6381,9763,948,7134,264144
2021-08-24,34808,938,10332,12102,27662,65469,39553,16176,12976,20369,6398,9771,951,7148,264653
2021-08-25,34848,939,10336,12159,27704,65599,39632,16199,13035,20409,6413,9772,957,7161,265163
2021-08-26,34904,944,10345,12208,27755,65749,39711,16210,13080,20439,6428,9794,961,7178,265706
2021-08-27,34952,945,10358,12276,27807,65892,39778,16236,13130,20474,6444,9798,966,7189,266245
2021-08-28,34969,945,10361,12279,27827,65976,39816,16253,13210,20481,6444,9799,968,7193,266521
2021-08-29,34973,946,10361,12279,27842,66028,39858,16269,13212,20485,6445,9800,974,7193,266665
2021-08-30,35043,947,10378,12357,27920,66161,39916,16281,13230,20520,6456,9813,977,7206,267205
2021-08-31,35131,947,10392,12473,27983,66367,40004,16297,13326,20566,6468,9820,980,7221,267975
2021-09-01,35187,948,10408,12552,28061,66530,40083,16318,13394,20614,6497,9827,987,7237,268643
2021-09-02,35261,950,10421,12611,28125,66709,40175,16328,13397,20665,6527,9845,991,7248,269253
2021-09-03,35335,950,10430,12694,28191,66898,40284,16342,13469,20730,6551,9860,995,7265,269994
2021-09-04,35355,950,10432,12698,28220,66990,40353,16359,13514,20741,6564,9866,999,7270,270311
2021-09-05,35369,950,10433,12701,28244,67052,40410,16379,13552,20744,6565,9877,999,7271,270546
2021-09-06,35498,950,10455,12786,28344,67294,40492,16397,13569,20834,6626,9897,1001,7280,271423
2021-09-07,35611,950,10474,12900,28489,67492,40608,16424,13735,20927,6643,9930,1006,7329,272518
2021-09-08,35748,950,10488,12988,28593,67752,40740,16447,13798,21013,6713,9952,1008,7346,273536
2021-09-09,35885,950,10519,13060,28701,68028,40884,16480,13839,21099,6741,9974,1014,7362,274536
2021-09-10,36026,950,10566,13147,28829,68324,41017,16496,13881,21210,6786,9987,1024,7380,275623
2021-09-11,36067,951,10572,13157,28864,68533,41102,16521,13972,21236,6797,9999,1027,7385,276183
2021-09-12,36085,951,10576,13159,28874,68618,41207,16526,14010,21240,6799,10008,1027,7385,276465
2021-09-13,36284,952,10639,13281,29005,68949,41383,16561,14070,21379,6866,10036,1030,7423,277858
2021-09-14,36459,953,10681,13406,29157,69338,41513,16597,14177,21490,6898,10058,1033,7463,279223
2021-09-15,36667,953,10714,13536,29268,69643,41675,16639,14335,21587,6934,10081,1037,7480,280549
2021-09-16,36817,953,10736,13633,29391,69892,41858,16672,14458,21661,6962,10109,1047,7504,281693
2021-09-17,36964,953,10773,13757,29534,70247,42044,16702,14501,21747,6990,10134,1056,7542,282944
2021-09-18,36996,954,10784,13763,29602,70418,42139,16730,14576,21782,6991,10146,1059,7548,283488
2021-09-19,37002,956,10787,13763,29622,70540,42246,16745,14578,21787,6991,10153,1061,7548,283779
2021-09-20,37202,957,10829,13886,29763,70839,42450,16764,14649,21908,7029,10172,1063,7576,285087
2021-09-21,37374,957,10857,13999,29871,71111,42606,16804,14777,21987,7052,10201,1071,7606,286273
2021-09-22,37506,958,10881,14076,29947,71367,42774,16836,14886,22054,7070,10223,1081,7626,287285
2021-09-23,37615,958,10923,14143,30027,71622,42952,16859,14926,22134,7089,10247,1084,7646,288225
2021-09-24,37750,958,10953,14223,30112,71849,43140,16898,15011,22218,7106,10262,1088,7663,289231
2021-09-25,37785,958,10964,14230,30150,71968,43247,16928,15056,22260,7107,10264,1093,7667,289677
2021-09-26,37797,958,10969,14232,30160,72059,43372,16948,15059,22263,7107,10273,1095,7670,289962
2021-09-27,37953,958,11004,14346,30249,72333,43526,16980,15081,22336,7128,10303,1099,7704,291000
2021-09-28,38163,958,11046,14449,30350,72655,43661,17020,15249,22447,7163,10348,1105,7728,292342
2021-09-29,38294,961,11087,14515,30463,72926,43859,17057,15278,22519,7180,10377,1111,7743,293370
2021-09-30,38434,961,11110,14586,30557,73147,44022,17087,15386,22591,7193,10404,1114,7751,294343
2021-10-01,38585,961,11136,14674,30643,73432,44194,17123,15410,22650,7216,10423,1121,7768,295336
2021-10-02,38610,961,11141,14681,30681,73550,44321,17165,15515,22685,7216,10442,1127,7773,295868
2021-10-03,38619,961,11147,14681,30693,73614,44423,17180,15516,22688,7217,10452,1128,7774,296093
2021-10-04,38809,961,11178,14761,30795,73833,44533,17215,15556,22767,7248,10490,1129,7798,297073
2021-10-05,39017,961,11225,14860,30872,74095,44703,17261,15666,22867,7274,10522,1135,7823,298281
2021-10-06,39160,961,11255,14907,30961,74378,44852,17294,15717,22934,7298,10537,1141,7855,299250
2021-10-07,39266,961,11285,14968,31039,74607,45003,17323,15751,22989,7315,10548,1148,7888,300091
2021-10-08,39378,961,11310,15026,31089,74845,45170,17356,15804,23061,7339,10571,1153,7911,300974
2021-10-09,39421,962,11317,15032,31126,74957,45305,17379,15875,23075,7347,10583,1158,7926,301463
2021-10-10,39431,962,11324,15033,31135,75008,45376,17397,15875,23078,7350,10595,1161,7926,301651
2021-10-11,39548,962,11366,15111,31238,75281,45515,17431,15895,23149,7395,10634,1166,7965,302656
2021-10-12,39702,963,11404,15228,31378,75599,45627,17500,15999,23238,7429,10651,1173,7994,303885
2021-10-13,39825,963,11434,15319,31469,75871,45878,17530,16046,23306,7454,10675,1180,8017,304967
2021-10-14,39935,963,11465,15416,31576,76185,46018,17598,16125,23378,7488,10695,1185,8044,306071
2021-10-15,40082,963,11525,15542,31673,76534,46300,17653,16209,23464,7517,10751,1197,8099,307509
2021-10-16,40140,963,11532,15553,31718,76727,46452,17687,16274,23502,7519,10769,1203,8102,308141
2021-10-17,40154,963,11540,15555,31731,76844,46579,17734,16284,23505,7519,10788,1206,8103,308505
2021-10-18,40382,963,11615,15745,31880,77298,46753,17784,16321,23652,7584,10831,1214,8154,310176
2021-10-19,40676,964,11674,15977,32066,77791,47068,17877,16489,23819,7628,10882,1224,8193,312328
2021-10-20,40857,964,11756,16179,32220,78275,47293,17968,16604,23913,7671,10968,1235,8276,314179
2021-10-21,41113,964,11797,16354,32417,78783,47606,18030,16675,24093,7707,11036,1248,8326,316149
2021-10-22,41379,964,11880,16572,32601,79324,48033,18118,16798,24232,7783,11110,1258,8369,318421
2021-10-23,41506,964,11894,16607,32751,79904,48285,18182,16932,24294,7795,11147,1266,8392,319919
2021-10-24,41530,964,11917,16614,32780,80098,48505,18250,17015,24300,7800,11183,1269,8402,320627
2021-10-25,41881,964,11974,16841,33029,80661,48751,18300,17197,24486,7860,11251,1280,8447,322922
2021-10-26,42305,965,12118,17125,33295,81519,49132,18419,17230,24725,8015,11350,1300,8562,326060
2021-10-27,42589,965,12179,17312,33525,82224,49564,18540,17489,24894,8097,11385,1313,8617,328693
2021-10-28,42971,967,12255,17500,33727,82962,49852,18660,17516,25081,8188,11445,1334,8745,331203
2021-10-29,43361,967,12371,17708,33982,83715,50362,18752,17722,25294,8251,11543,1344,8816,334188
2021-10-30,43529,967,12391,17735,34121,84212,50651,18883,17835,25446,8305,11550,1352,8874,335851
2021-10-31,43567,967,12424,17743,34213,84543,51061,18928,17960,25502,8306,11650,1359,8885,337108
