date,region.ms.todate,region.mb.todate,region.sg.todate,region.ce.todate,region.za.todate,region.kk.todate,region.nm.todate,region.lj.todate,region.kr.todate,region.po.todate,region.ng.todate,region.kp.todate,region.foreign.todate,region.unknown.todate,region.todate
2020-03-04,,,,,,,,,,,,,,,
2020-03-05,,,,,,,,,,,,,,,
2020-03-06,,,,,,,,,,,,,,,
2020-03-07,,,,,,,,,,,,,,,
2020-03-08,,,,,,,,,,,,,,,
2020-03-09,,,,,,,,,,,,,,,
2020-03-10,,,,,,,,,,,,,,,
2020-03-11,,,,,,,,,,,,,,,
2020-03-12,,,,,,,,,,,,,,,
2020-03-13,,,,,,,,,,,,,,,
2020-03-14,,,,,,,1,,,,,,,,1
2020-03-15,,,,,,,1,,,,,,,,1
2020-03-16,,,,,,,1,,,,,,,,1
2020-03-17,,,,,,,1,,,,,,,,1
2020-03-18,,,,,,,1,,,,,,,,1
2020-03-19,,,,,,,1,,,,,,,,1
2020-03-20,,,,,,,1,,,,,,,,1
2020-03-21,,,,,,,1,,,,,,,,1
2020-03-22,,,,,,,2,,,,,,,,2
2020-03-23,,,,,,,2,1,,,,,,,3
2020-03-24,,,,2,,,3,1,,,,,,,6
2020-03-25,,,,2,,,3,1,,,,,,,6
2020-03-26,,,,2,,,5,1,,,,,,,8
2020-03-27,,,,3,,,6,1,,,,,,,10
2020-03-28,,,,4,,,6,1,1,,,,,,12
2020-03-29,,,,4,,,6,1,2,,,,,,13
2020-03-30,,,,6,,,6,4,2,,,,,,18
2020-03-31,,,,7,,,6,4,2,,,,,,19
2020-04-01,,,,7,,,6,5,2,,,,,,20
2020-04-02,,1,,9,,,6,5,2,,,,,,23
2020-04-03,1,1,,10,,,7,5,2,,,,,,26
2020-04-04,1,1,,13,,,8,5,2,,,,,,30
2020-04-05,1,1,,13,,,8,8,2,,,,,,33
2020-04-06,1,1,,17,,,10,9,2,,,,,,40
2020-04-07,1,1,,19,,,10,9,2,,,,,,42
2020-04-08,1,1,,20,,,11,9,3,,,1,,,46
2020-04-09,1,1,,20,,,11,11,3,,,1,,,48
2020-04-10,2,1,,21,,,11,14,4,,,1,,,54
2020-04-11,2,1,,22,,,11,16,4,,,1,,,57
2020-04-12,3,1,,24,,,11,17,4,,,1,,,61
2020-04-13,5,1,,24,,,11,18,4,,,1,,,64
2020-04-14,5,1,,25,,,11,18,4,,,1,,,65
2020-04-15,5,1,,25,,,11,18,4,,,1,,,65
2020-04-16,6,1,1,26,,,12,20,4,,,1,,,71
2020-04-17,7,1,1,27,,,14,20,4,,,1,,,75
2020-04-18,8,2,1,27,,,14,21,4,,,1,,,78
2020-04-19,11,3,1,28,,,14,21,4,,,1,,,83
2020-04-20,12,3,1,28,,,14,21,4,,,1,,,84
2020-04-21,12,3,1,30,,,14,22,4,,,1,,,87
2020-04-22,12,3,1,30,,,14,22,4,,,1,,,87
2020-04-23,12,3,1,31,,,14,22,4,,,1,,,88
2020-04-24,12,3,1,31,,,14,22,5,,,1,,,89
2020-04-25,12,3,1,32,,,14,22,5,,,1,,,90
2020-04-26,12,3,1,32,,,14,22,5,,,1,,,90
2020-04-27,13,3,1,33,,,14,23,5,,,1,,,93
2020-04-28,16,3,1,33,,,14,23,5,,,1,,,96
2020-04-29,16,3,1,33,,,15,23,5,,,1,,,97
2020-04-30,17,3,2,34,,,15,23,5,,,1,,,100
2020-05-01,18,3,2,35,,,15,23,5,,,1,,,102
2020-05-02,20,3,2,35,,,15,23,5,,,1,,,104
2020-05-03,21,3,2,35,,,15,23,5,,,1,,,105
2020-05-04,21,3,2,35,,,15,23,5,,,1,,,105
2020-05-05,22,3,2,35,,,16,23,5,,,1,,,107
2020-05-06,22,3,2,35,,,16,23,5,,,1,,,107
2020-05-07,22,3,2,35,,,16,24,5,,,1,,,108
2020-05-08,23,3,2,35,,,16,24,5,,,1,,,109
2020-05-09,24,3,2,35,,,16,24,5,,,1,,,110
2020-05-10,24,3,2,35,,,16,24,5,,,1,,,110
2020-05-11,24,3,2,35,,,16,24,5,,,1,,,110
2020-05-12,25,3,2,35,,,16,24,5,,,1,,,111
2020-05-13,25,3,2,35,,,16,24,5,,,1,,,111
2020-05-14,25,3,2,35,,,16,24,5,,,1,,,111
2020-05-15,25,3,2,35,,,16,24,5,,,1,,,111
2020-05-16,25,3,2,35,,,16,24,5,,,1,,,111
2020-05-17,25,3,2,35,,,16,24,5,,,1,,,111
2020-05-18,25,3,2,35,,,16,24,5,,,1,,,111
2020-05-19,25,3,2,36,,,16,24,5,,,1,,,112
2020-05-20,25,3,2,36,,,17,24,5,,,1,,,113
2020-05-21,25,3,2,36,,,17,24,5,,,1,,,113
2020-05-22,25,3,2,36,,,17,24,5,,,1,,,113
2020-05-23,25,3,2,36,,,17,24,5,,,1,,,113
2020-05-24,25,3,2,36,,,17,24,5,,,1,,,113
2020-05-25,25,3,2,36,,,17,24,5,,,1,,,113
2020-05-26,25,3,2,36,,,17,24,5,,,1,,,113
2020-05-27,25,3,2,36,,,17,24,5,,,1,,,113
2020-05-28,25,3,2,36,,,17,24,5,,,1,,,113
2020-05-29,25,3,2,36,,,17,24,5,,,1,,,113
2020-05-30,25,3,2,36,,,17,24,5,,,1,,,113
2020-05-31,25,3,2,36,,,17,24,5,,,1,,,113
2020-06-01,25,3,2,36,,,17,24,5,,,1,,,113
2020-06-02,25,3,2,36,,,17,24,5,,,1,,,113
2020-06-03,25,3,2,36,,,17,24,5,,,1,,,113
2020-06-04,25,3,2,36,,,17,24,5,,,1,,,113
2020-06-05,25,3,2,36,,,17,24,5,,,1,,,113
2020-06-06,25,3,2,36,,,17,24,5,,,1,,,113
2020-06-07,25,3,2,36,,,17,24,5,,,1,,,113
2020-06-08,25,3,2,36,,,17,24,5,,,1,,,113
2020-06-09,25,3,2,36,,,17,24,5,,,1,,,113
2020-06-10,25,3,2,36,,,17,24,5,,,1,,,113
2020-06-11,25,3,2,36,,,17,24,5,,,1,,,113
2020-06-12,25,3,2,36,,,17,24,5,,,1,,,113
2020-06-13,25,3,2,36,,,17,24,5,,,1,,,113
2020-06-14,25,3,2,36,,,17,24,5,,,1,,,113
2020-06-15,25,3,2,36,,,17,24,5,,,1,,,113
2020-06-16,25,3,2,36,,,17,25,5,,,1,,,114
2020-06-17,25,3,2,36,,,17,25,5,,,1,,,114
2020-06-18,25,3,2,36,,,17,25,5,,,1,,,114
2020-06-19,25,3,2,36,,,17,25,5,,,1,,,114
2020-06-20,25,3,2,36,,,17,25,5,,,1,,,114
2020-06-21,25,3,2,36,,,17,25,5,,,1,,,114
2020-06-22,25,3,2,36,,,17,25,5,,,1,,,114
2020-06-23,25,3,2,36,,,17,25,5,,,1,,,114
2020-06-24,25,3,2,36,,,17,25,5,,,1,,,114
2020-06-25,25,3,2,36,,,17,25,5,,,1,,,114
2020-06-26,25,3,2,36,,,17,25,5,,,1,,,114
2020-06-27,25,3,2,36,,,17,25,5,,,1,,,114
2020-06-28,25,3,2,36,,,17,25,5,,,1,,,114
2020-06-29,25,3,2,36,,,17,25,5,,,1,,,114
2020-06-30,25,3,2,36,,,17,25,5,,,1,,,114
2020-07-01,25,3,2,36,,,17,25,5,,,1,,,114
2020-07-02,25,3,2,36,,,17,25,5,,,1,,,114
2020-07-03,25,3,2,36,,,17,25,5,,,1,,,114
2020-07-04,25,3,2,36,,,17,25,5,,,1,,,114
2020-07-05,25,3,2,36,,,17,25,5,,,1,,,114
2020-07-06,25,3,2,36,,,17,25,5,,,1,,,114
2020-07-07,25,3,2,36,,,17,25,5,,,1,,,114
2020-07-08,25,3,2,36,,,17,25,5,,,1,,,114
2020-07-09,25,3,2,36,,,17,25,5,,,1,,,114
2020-07-10,25,3,2,36,,,17,25,5,,,1,,,114
2020-07-11,25,3,2,36,,,17,25,5,,,1,,,114
2020-07-12,25,3,2,36,,,17,25,5,,,1,,,114
2020-07-13,25,3,2,36,,,17,25,5,,,1,,,114
2020-07-14,25,3,2,36,,,17,25,5,,,1,,,114
2020-07-15,25,3,2,36,,,17,25,5,,,1,,,114
2020-07-16,25,3,2,36,,,17,25,5,,,1,,,114
2020-07-17,25,3,2,36,,,17,25,5,,,1,,,114
2020-07-18,25,3,2,36,,,17,25,5,,,1,,,114
2020-07-19,25,3,2,36,,,17,25,5,,1,1,,,115
2020-07-20,25,3,2,36,,,17,25,5,,2,1,,,116
2020-07-21,25,3,2,36,1,,17,25,5,,2,1,,,117
2020-07-22,25,3,2,36,1,,17,25,5,,2,1,,,117
2020-07-23,25,3,2,36,1,,17,25,5,,2,1,,,117
2020-07-24,25,3,2,36,2,,17,25,5,,2,1,,,118
2020-07-25,25,3,2,36,2,,17,25,5,,2,1,,,118
2020-07-26,25,3,2,36,2,,17,26,5,,2,1,,,119
2020-07-27,25,3,2,36,2,,17,26,5,,2,1,,,119
2020-07-28,25,3,2,36,2,,17,27,5,,2,1,,,120
2020-07-29,25,3,2,36,2,,17,27,5,,2,1,,,120
2020-07-30,25,3,2,36,2,,17,27,5,,3,1,,,121
2020-07-31,25,3,2,36,2,,17,27,5,,3,1,,,121
2020-08-01,25,3,2,36,2,,17,27,5,,4,1,,,122
2020-08-02,25,3,2,36,2,,17,28,5,,5,1,,,124
2020-08-03,25,3,2,36,3,,17,28,5,,5,1,,,125
2020-08-04,25,3,2,36,3,,17,28,5,,6,1,,,126
2020-08-05,25,3,2,36,3,,17,28,5,,6,1,,,126
2020-08-06,25,3,2,36,3,,17,28,5,,6,1,,,126
2020-08-07,25,3,2,36,4,,17,28,5,,6,1,,,127
2020-08-08,25,3,2,36,6,,17,28,5,,6,1,,,129
2020-08-09,25,3,2,36,7,,17,28,5,,6,1,,,130
2020-08-10,25,3,2,36,8,,17,28,5,,6,1,,,131
2020-08-11,25,3,2,36,8,,17,28,5,,6,1,,,131
2020-08-12,25,3,2,36,8,,17,28,5,,6,1,,,131
2020-08-13,25,3,2,36,8,,17,28,5,,6,1,,,131
2020-08-14,25,3,2,36,8,,17,28,5,,6,1,,,131
2020-08-15,25,3,2,36,8,,17,28,5,,6,1,,,131
2020-08-16,25,3,2,36,8,,17,28,5,,6,1,,,131
2020-08-17,25,3,2,36,8,,17,28,5,,6,1,,,131
2020-08-18,25,3,2,36,8,,17,28,5,,6,1,,,131
2020-08-19,25,3,2,36,8,,17,28,5,,6,1,,,131
2020-08-20,25,3,2,36,8,,17,29,5,,6,1,,,132
2020-08-21,25,3,2,36,8,,17,29,5,,6,1,,,132
2020-08-22,25,3,2,36,8,,17,29,5,,6,1,,,132
2020-08-23,25,3,2,36,9,,17,29,5,,6,1,,,133
2020-08-24,25,3,2,36,9,,17,29,5,,6,1,,,133
2020-08-25,25,3,2,36,9,,17,29,5,,6,1,,,133
2020-08-26,25,3,2,36,9,,17,29,5,,6,1,,,133
2020-08-27,25,3,2,36,9,,17,29,5,,6,1,,,133
2020-08-28,25,3,2,36,9,,17,29,5,,6,1,,,133
2020-08-29,25,3,2,36,9,,17,29,5,,6,1,,,133
2020-08-30,25,3,2,36,9,,17,29,5,,6,1,,,133
2020-08-31,25,3,2,36,9,,17,29,5,,6,1,,,133
2020-09-01,25,3,2,36,9,,17,29,5,,6,1,,,133
2020-09-02,25,3,2,36,9,,17,29,5,,6,1,,,133
2020-09-03,25,3,2,36,9,,17,29,5,,6,1,,,133
2020-09-04,25,3,2,37,9,,17,29,5,,6,1,,,134
2020-09-05,25,3,2,37,9,,17,29,5,,6,1,,,134
2020-09-06,25,3,2,37,9,,17,29,5,,6,1,,,134
2020-09-07,25,3,2,37,9,,17,29,5,,6,1,,,134
2020-09-08,25,3,2,38,9,,17,29,5,,6,1,,,135
2020-09-09,25,3,2,38,9,,17,29,5,,6,1,,,135
2020-09-10,25,3,2,38,9,,17,29,5,,6,1,,,135
2020-09-11,25,3,2,39,9,,17,29,5,,6,1,,,136
2020-09-12,25,3,2,40,9,,17,29,5,,6,1,,,137
2020-09-13,25,3,2,40,9,,17,29,5,,6,1,,,137
2020-09-14,25,3,2,40,9,,17,29,5,,6,1,,,137
2020-09-15,25,3,2,40,9,,17,29,5,,6,1,,,137
2020-09-16,25,4,2,40,9,,17,29,5,,6,1,,,138
2020-09-17,25,6,4,40,9,,17,29,5,,6,1,,,142
2020-09-18,25,8,4,40,9,,17,29,5,,6,1,,,144
2020-09-19,25,8,4,40,9,,17,29,6,,6,1,,,145
2020-09-20,25,8,4,40,9,,17,29,6,,6,1,,,145
2020-09-21,25,8,5,40,9,,17,29,6,,6,1,,,146
2020-09-22,25,8,5,41,9,,17,29,6,,6,1,,,147
2020-09-23,25,9,5,42,9,,17,29,6,,6,1,,,149
2020-09-24,25,9,5,42,9,,17,30,6,,6,1,,,150
2020-09-25,25,9,5,43,9,,17,30,6,,6,1,,,151
2020-09-26,25,10,5,43,9,,17,30,6,,6,1,,,152
2020-09-27,25,10,5,44,9,,17,30,6,,7,1,,,154
2020-09-28,25,10,5,44,9,,17,30,6,,7,1,,,154
2020-09-29,25,11,5,44,9,,17,30,6,,7,1,,,155
2020-09-30,25,11,6,44,9,,17,30,7,,7,1,,,157
2020-10-01,25,11,6,45,9,,17,30,8,,7,1,,,159
2020-10-02,25,11,6,45,9,,17,30,8,,7,1,,,159
2020-10-03,25,11,6,45,9,,17,30,8,,7,1,,,159
2020-10-04,25,12,6,45,9,,17,31,8,,7,1,,,161
2020-10-05,28,13,6,46,9,,17,31,8,,7,1,,,166
2020-10-06,28,13,6,46,9,,17,31,8,,7,1,,,166
2020-10-07,29,13,6,46,9,,17,31,8,,7,1,,,167
2020-10-08,29,13,6,46,9,,17,32,9,,7,1,,,169
2020-10-09,29,14,6,48,9,,18,34,10,,7,1,,,176
2020-10-10,29,14,6,48,9,,18,34,10,,7,1,,,176
2020-10-11,29,14,7,48,9,,18,34,11,,7,1,,,178
2020-10-12,29,14,8,48,9,1,19,34,11,,7,1,,,181
2020-10-13,29,14,9,49,9,2,19,36,11,,7,1,,,186
2020-10-14,29,15,9,50,9,2,19,37,11,,7,1,,,189
2020-10-15,29,16,9,52,9,4,19,38,13,,7,1,,,197
2020-10-16,30,17,9,53,9,5,19,38,14,,7,1,,,202
2020-10-17,30,18,9,54,9,5,20,39,16,,7,1,,,208
2020-10-18,30,18,9,54,9,5,20,41,17,,7,2,,,212
2020-10-19,30,19,9,54,9,6,20,42,20,,7,2,,,218
2020-10-20,30,19,9,57,9,10,20,44,22,,7,2,,,229
2020-10-21,31,19,9,58,9,12,20,46,24,,7,2,,,237
2020-10-22,31,20,12,58,9,14,21,47,25,,7,2,,,246
2020-10-23,31,23,12,63,10,16,22,52,27,,7,3,,,266
2020-10-24,31,25,12,64,10,18,22,52,27,,7,3,,,271
2020-10-25,32,27,13,67,10,22,22,55,30,,7,3,,,288
2020-10-26,32,27,15,68,10,26,22,58,35,,7,3,,,303
2020-10-27,33,27,17,71,10,29,23,61,37,1,7,3,,,319
2020-10-28,33,29,19,76,10,35,24,63,39,1,7,3,,,339
2020-10-29,33,32,21,79,10,37,28,68,44,1,8,3,,,364
2020-10-30,35,36,21,84,10,38,31,74,49,2,8,3,,,391
2020-10-31,39,41,23,84,10,43,32,77,55,3,8,3,,,418
2020-11-01,39,47,24,85,10,47,33,81,60,3,9,3,,,441
2020-11-02,42,51,25,90,12,49,35,87,64,3,11,4,,,473
2020-11-03,46,60,26,92,12,51,36,91,72,3,11,4,,,504
2020-11-04,48,67,30,93,13,51,38,97,78,4,12,4,,,535
2020-11-05,49,71,33,94,14,54,41,105,82,4,12,4,,,563
2020-11-06,55,79,33,98,14,55,45,108,89,4,14,4,,,598
2020-11-07,55,84,36,102,14,55,46,113,91,4,15,4,,,619
2020-11-08,60,88,37,106,15,56,48,118,92,4,16,5,,,645
2020-11-09,62,89,39,110,16,56,50,127,95,4,19,5,1,,673
2020-11-10,64,96,43,113,16,57,53,133,105,5,24,6,1,,716
2020-11-11,69,109,46,120,17,57,55,144,110,6,25,6,1,,765
2020-11-12,75,115,48,125,17,58,59,155,117,7,25,6,1,,808
2020-11-13,81,123,51,129,19,60,62,161,121,7,28,6,1,,849
2020-11-14,84,127,53,133,19,60,64,169,128,7,30,7,1,,882
2020-11-15,87,132,54,140,19,61,68,178,131,7,31,7,1,,916
2020-11-16,98,138,57,140,20,61,75,186,136,8,33,7,1,,960
2020-11-17,107,150,58,142,20,61,77,194,142,9,37,7,1,,1005
2020-11-18,113,155,61,146,22,61,83,200,146,11,40,9,1,,1048
2020-11-19,122,162,65,148,22,61,86,204,152,12,42,9,1,,1086
2020-11-20,130,167,67,151,23,62,89,217,154,13,46,9,1,,1129
2020-11-21,133,170,69,153,24,62,93,223,155,14,47,11,1,,1155
2020-11-22,138,177,72,158,24,63,101,235,162,15,51,11,1,,1208
2020-11-23,140,189,76,163,25,65,103,247,172,15,57,11,1,,1264
2020-11-24,149,200,79,166,29,65,107,252,175,15,58,12,1,,1308
2020-11-25,156,213,85,167,33,67,108,260,180,15,62,15,1,,1362
2020-11-26,164,224,87,170,33,68,112,267,186,15,64,18,1,,1409
2020-11-27,171,239,90,174,37,69,118,280,190,16,68,19,1,,1472
2020-11-28,182,241,92,176,38,69,124,292,194,19,69,21,1,,1518
2020-11-29,189,248,93,183,38,70,130,302,198,19,76,22,1,,1569
2020-11-30,198,261,94,189,39,73,135,310,204,20,77,26,1,,1627
2020-12-01,203,275,97,200,40,73,145,320,206,20,82,29,1,,1691
2020-12-02,209,279,101,207,41,74,150,329,209,23,87,30,1,,1740
2020-12-03,223,294,106,212,43,77,157,339,214,24,93,31,1,,1814
2020-12-04,226,307,114,216,43,78,159,353,215,25,94,34,1,,1865
2020-12-05,228,320,116,221,44,78,161,364,220,28,97,36,1,,1914
2020-12-06,235,335,118,229,44,79,163,378,224,29,99,39,1,,1973
2020-12-07,241,352,121,235,44,79,166,393,229,32,100,40,1,,2033
2020-12-08,244,360,121,239,44,81,169,409,230,34,102,42,1,,2076
2020-12-09,247,375,123,244,44,83,170,419,232,36,109,48,1,,2131
2020-12-10,253,387,124,249,44,83,175,433,235,40,112,52,1,,2188
2020-12-11,257,396,126,252,44,84,178,445,240,45,119,54,1,,2241
2020-12-12,257,409,127,256,44,85,179,450,244,49,123,56,1,,2280
2020-12-13,258,423,129,258,46,86,182,459,247,53,126,58,1,,2326
2020-12-14,263,436,130,259,46,87,182,480,252,55,129,61,1,,2381
2020-12-15,267,449,133,262,46,89,186,496,254,55,131,64,1,,2433
2020-12-16,271,458,133,265,46,90,187,511,257,58,133,65,1,,2475
2020-12-17,275,465,133,266,46,92,188,525,259,62,135,67,1,,2514
2020-12-18,279,473,135,270,47,94,192,535,260,62,139,69,1,,2556
2020-12-19,282,483,136,274,47,94,194,546,261,65,142,71,1,,2596
2020-12-20,285,488,136,275,47,97,194,551,264,67,144,74,1,,2623
2020-12-21,287,498,137,280,48,98,199,564,264,68,147,77,1,,2668
2020-12-22,288,506,140,284,49,99,199,569,268,71,152,79,1,,2705
2020-12-23,292,512,141,290,50,99,201,572,270,71,152,86,1,,2737
2020-12-24,294,518,141,298,50,102,203,576,273,72,153,91,1,,2772
2020-12-25,297,529,142,300,50,103,207,584,274,72,154,92,1,,2805
2020-12-26,300,532,142,303,50,105,209,592,275,73,156,94,1,,2832
2020-12-27,305,543,145,307,52,106,213,601,278,74,157,98,1,,2880
2020-12-28,310,550,145,311,52,106,217,613,281,76,160,102,1,,2924
2020-12-29,313,554,146,315,52,108,220,625,281,76,160,104,1,,2955
2020-12-30,319,559,146,320,53,109,223,630,282,76,160,105,1,,2983
2020-12-31,322,561,148,332,56,113,225,639,284,76,161,107,1,,3025
2021-01-01,326,565,148,334,58,113,227,654,287,77,161,109,1,,3060
2021-01-02,327,573,149,339,59,114,233,663,287,79,161,110,1,,3095
2021-01-03,331,576,150,345,60,115,234,675,289,80,163,110,1,,3129
2021-01-04,332,581,151,349,61,117,238,684,289,80,165,111,1,,3159
2021-01-05,334,593,152,352,62,119,243,692,291,81,165,111,1,,3196
2021-01-06,336,599,155,355,64,120,244,694,293,81,166,112,1,,3220
2021-01-07,336,605,156,356,65,122,248,699,295,82,171,113,1,,3249
2021-01-08,336,612,157,362,65,122,250,706,296,82,174,114,1,,3277
2021-01-09,337,622,158,366,65,123,253,715,297,82,176,115,1,,3310
2021-01-10,339,625,159,368,65,125,255,722,297,82,177,115,1,,3330
2021-01-11,342,632,159,375,65,126,256,727,301,83,177,115,1,,3359
2021-01-12,345,634,162,379,65,128,260,731,301,83,178,115,1,,3382
2021-01-13,346,638,164,380,65,129,264,736,301,83,179,115,1,,3401
2021-01-14,347,647,164,383,65,131,265,738,304,84,181,116,1,,3426
2021-01-15,350,648,166,383,66,134,266,746,307,84,188,117,1,,3456
2021-01-16,351,657,168,387,67,136,268,753,309,84,191,118,1,,3490
2021-01-17,352,662,169,394,67,138,270,758,313,84,194,119,1,,3521
2021-01-18,353,667,169,397,71,140,275,764,314,84,195,119,1,,3549
2021-01-19,354,672,169,401,72,144,277,766,316,84,196,122,1,,3574
2021-01-20,357,677,169,407,75,147,279,771,316,85,197,122,1,,3603
2021-01-21,357,681,169,410,76,147,283,776,318,85,202,122,1,,3627
2021-01-22,358,688,170,411,77,150,284,783,318,85,206,123,1,,3654
2021-01-23,360,694,172,414,77,153,285,790,322,85,207,124,1,,3684
2021-01-24,364,695,173,414,78,154,288,792,325,85,213,126,1,,3708
2021-01-25,366,698,173,418,78,154,289,798,327,86,216,127,1,,3731
2021-01-26,368,703,175,418,80,154,289,804,329,86,219,129,1,,3755
2021-01-27,369,705,175,422,80,156,291,805,329,87,221,130,1,,3771
2021-01-28,369,713,175,425,81,158,294,808,331,88,222,132,1,,3797
2021-01-29,373,716,176,427,83,160,294,811,332,88,222,136,1,,3819
2021-01-30,373,719,178,429,83,160,294,817,333,88,224,137,1,,3836
2021-01-31,374,724,178,431,83,162,296,819,336,88,227,138,1,,3857
2021-02-01,378,727,179,433,83,162,296,822,336,88,228,140,1,,3873
2021-02-02,379,732,179,439,85,162,296,826,339,88,229,142,1,,3897
2021-02-03,383,738,180,440,85,164,299,828,342,89,230,143,1,,3922
2021-02-04,383,743,180,442,87,164,300,830,343,90,231,144,1,,3938
2021-02-05,384,747,180,445,89,165,301,830,344,90,231,144,1,,3951
2021-02-06,387,750,180,449,90,166,301,831,344,90,231,148,1,,3968
2021-02-07,387,754,180,449,90,167,301,833,345,90,231,148,1,,3976
2021-02-08,389,755,180,452,91,169,304,835,347,91,232,148,1,,3994
2021-02-09,390,756,180,453,91,169,305,838,349,91,233,150,1,,4006
2021-02-10,392,759,180,454,91,169,305,841,350,91,233,150,1,,4016
2021-02-11,395,764,181,455,92,169,306,842,351,91,234,152,1,,4033
2021-02-12,398,767,182,456,92,170,307,845,352,91,235,152,1,,4048
2021-02-13,400,768,182,456,92,170,308,849,353,91,235,152,1,,4057
2021-02-14,403,770,182,456,94,170,308,849,353,92,235,154,1,,4067
2021-02-15,404,770,183,458,94,170,308,849,355,92,235,154,1,,4073
2021-02-16,405,770,185,459,94,170,308,849,357,92,235,154,1,,4079
2021-02-17,405,771,185,459,95,171,308,851,359,92,236,154,1,,4087
2021-02-18,406,774,185,459,95,171,308,851,359,92,236,155,1,,4092
2021-02-19,406,776,185,460,95,172,308,852,361,92,236,155,1,,4099
2021-02-20,408,777,185,460,95,172,308,852,361,92,236,156,1,,4103
2021-02-21,409,779,185,460,95,172,308,853,361,92,237,156,1,,4108
2021-02-22,409,780,185,462,95,172,308,855,362,92,237,156,1,,4114
2021-02-23,410,782,186,463,95,172,308,859,362,92,238,156,1,,4124
2021-02-24,411,783,186,463,95,172,308,862,362,92,239,157,1,,4131
2021-02-25,412,787,186,465,97,172,308,863,363,92,240,157,1,,4143
2021-02-26,413,789,187,466,97,173,308,865,364,93,240,157,1,,4153
2021-02-27,415,793,187,469,97,173,308,865,364,93,241,157,1,,4163
2021-02-28,416,797,188,469,97,173,308,866,367,93,242,157,1,,4174
2021-03-01,416,799,188,469,97,173,308,866,368,93,244,158,1,,4180
2021-03-02,419,799,188,470,98,173,308,866,368,94,244,159,1,,4187
2021-03-03,420,803,188,472,98,173,308,866,369,94,245,159,1,,4196
2021-03-04,423,803,188,472,98,173,308,868,369,94,247,159,1,,4203
2021-03-05,423,803,188,474,98,173,308,868,369,94,247,159,1,,4205
2021-03-06,424,804,188,474,98,173,308,868,369,95,248,159,1,,4209
2021-03-07,426,805,188,474,98,173,308,868,369,95,248,159,1,,4212
2021-03-08,426,807,188,475,98,173,308,868,370,96,250,159,1,,4219
2021-03-09,427,809,189,477,98,173,308,868,370,96,251,159,1,,4226
2021-03-10,427,813,191,478,98,173,309,870,371,96,252,159,1,,4238
2021-03-11,429,813,192,479,99,173,309,870,372,96,253,159,1,,4245
2021-03-12,429,814,192,481,99,173,310,871,372,96,253,159,1,,4250
2021-03-13,429,815,192,481,99,174,310,871,373,96,253,160,1,,4254
2021-03-14,429,815,192,481,100,174,310,872,373,97,253,161,1,,4258
2021-03-15,429,815,192,484,100,174,310,873,373,97,253,161,1,,4262
2021-03-16,429,816,194,486,100,174,310,874,373,98,253,162,1,,4270
2021-03-17,430,817,194,486,100,174,310,874,374,98,253,162,1,,4273
2021-03-18,430,823,195,487,101,174,310,874,374,98,254,162,1,,4283
2021-03-19,430,829,195,488,101,174,310,877,374,98,254,162,1,,4293
2021-03-20,431,832,195,488,101,174,310,878,374,99,254,162,1,,4299
2021-03-21,432,833,195,489,102,174,310,880,374,100,255,162,1,,4307
2021-03-22,433,836,196,489,102,174,310,881,375,100,256,162,1,,4315
2021-03-23,434,838,197,489,105,174,311,881,375,101,258,163,1,,4327
2021-03-24,435,839,197,489,105,174,311,882,377,101,259,163,1,,4333
2021-03-25,435,843,198,489,106,174,311,882,378,101,260,164,1,,4342
2021-03-26,436,844,199,492,106,174,311,882,378,101,260,164,1,,4348
2021-03-27,438,844,200,493,106,174,311,883,379,101,260,164,1,,4354
2021-03-28,438,845,200,493,107,174,312,885,380,101,260,164,1,,4360
2021-03-29,439,847,200,494,107,174,313,886,382,101,263,164,1,,4371
2021-03-30,439,850,201,499,108,174,313,886,382,102,263,165,1,,4383
2021-03-31,439,853,201,499,108,174,313,889,382,102,264,165,1,,4390
2021-04-01,440,857,202,501,109,174,313,889,382,102,265,166,1,,4401
2021-04-02,440,860,202,502,109,174,313,891,382,102,265,166,1,,4407
2021-04-03,440,863,202,503,109,174,313,892,383,102,266,168,1,,4416
2021-04-04,440,865,203,504,109,174,313,892,383,102,267,168,1,,4421
2021-04-05,440,869,203,505,109,175,313,893,384,102,267,169,1,,4430
2021-04-06,441,871,204,507,109,175,313,893,384,102,267,169,1,,4436
2021-04-07,441,875,204,508,109,175,313,893,384,102,267,169,1,,4441
2021-04-08,441,876,204,508,110,175,313,893,385,102,267,169,1,,4444
2021-04-09,441,881,205,509,110,176,313,895,386,102,268,169,1,,4456
2021-04-10,443,882,205,509,111,176,313,895,386,102,268,169,1,,4460
2021-04-11,443,883,205,511,111,176,313,895,386,102,270,169,1,,4465
2021-04-12,443,883,205,513,111,176,314,895,387,103,272,169,1,,4472
2021-04-13,443,885,205,513,111,176,314,897,388,103,273,169,1,,4478
2021-04-14,443,885,205,515,111,176,315,898,388,103,273,169,1,,4482
2021-04-15,443,885,205,517,112,177,315,899,392,103,273,169,1,,4491
2021-04-16,443,889,205,519,113,177,315,899,392,103,273,169,1,,4498
2021-04-17,443,890,205,519,113,179,315,899,393,103,273,169,1,,4502
2021-04-18,443,890,206,522,114,181,316,900,393,103,273,169,1,,4511
2021-04-19,443,891,206,527,114,181,316,902,393,103,273,169,1,,4519
2021-04-20,443,892,206,527,114,181,316,903,393,103,276,169,1,,4524
2021-04-21,444,894,206,532,114,183,317,904,394,104,276,169,1,,4538
2021-04-22,445,894,206,532,114,184,317,904,394,104,276,169,1,,4540
2021-04-23,445,895,206,535,114,184,318,906,395,105,276,169,1,,4549
2021-04-24,445,896,206,537,114,185,319,907,396,105,276,170,1,,4557
2021-04-25,446,896,206,538,114,185,320,911,397,105,276,171,1,,4566
2021-04-26,446,897,207,538,114,185,320,911,397,105,276,171,1,,4568
2021-04-27,447,898,208,540,114,187,322,914,397,105,276,171,1,,4580
2021-04-28,447,900,208,543,114,187,322,915,399,105,277,171,1,,4589
2021-04-29,447,902,208,544,114,189,322,915,401,105,277,171,1,1,4597
2021-04-30,447,905,208,547,115,190,322,915,401,106,277,171,1,1,4606
2021-05-01,448,905,208,549,116,190,322,915,401,106,277,171,1,1,4610
2021-05-02,448,907,208,551,117,191,323,916,401,106,277,171,1,1,4618
2021-05-03,448,907,208,551,117,191,325,917,401,106,277,171,1,1,4621
2021-05-04,449,908,208,552,117,191,325,923,401,106,277,171,1,1,4630
2021-05-05,449,908,208,552,117,191,325,924,402,106,277,171,1,1,4632
2021-05-06,449,909,208,552,117,191,325,925,402,106,277,172,1,1,4635
2021-05-07,449,909,208,552,117,191,325,925,402,106,277,172,1,1,4635
2021-05-08,449,911,208,555,118,192,325,925,402,106,277,172,1,1,4642
2021-05-09,451,911,208,557,119,192,327,925,402,106,277,172,1,1,4649
2021-05-10,451,911,208,559,119,192,327,925,402,106,277,172,1,1,4651
2021-05-11,451,911,208,561,119,192,328,926,402,106,278,172,1,1,4656
2021-05-12,452,911,209,561,119,193,329,926,403,106,278,172,1,1,4661
2021-05-13,452,911,211,562,119,194,329,926,405,107,278,172,1,1,4668
2021-05-14,452,911,211,562,119,194,330,927,405,107,278,172,1,1,4670
2021-05-15,452,911,211,563,119,195,330,927,405,107,279,172,1,1,4673
2021-05-16,452,914,211,565,119,195,330,927,405,107,279,172,1,1,4678
2021-05-17,453,916,211,565,119,195,331,927,405,107,279,172,1,1,4682
2021-05-18,453,918,212,565,119,195,331,927,406,107,279,172,1,1,4686
2021-05-19,453,920,212,566,119,196,331,928,406,107,279,172,1,1,4691
2021-05-20,453,920,212,567,119,196,331,929,406,107,279,172,1,1,4693
2021-05-21,453,920,212,568,119,197,331,929,406,107,279,172,1,1,4695
2021-05-22,453,920,212,569,119,197,331,929,406,107,279,172,1,1,4696
2021-05-23,453,920,212,571,119,197,331,929,406,107,279,172,1,1,4698
2021-05-24,453,920,212,571,119,197,331,930,406,107,279,172,1,1,4699
2021-05-25,454,920,212,572,119,197,332,930,406,107,279,173,1,1,4703
2021-05-26,454,920,212,572,119,197,332,930,407,107,279,173,1,1,4704
2021-05-27,454,920,213,573,119,197,333,930,407,107,279,173,1,1,4707
2021-05-28,454,921,213,575,119,197,333,930,407,107,279,173,1,1,4710
2021-05-29,454,921,213,577,119,197,333,930,408,107,279,174,1,1,4714
2021-05-30,454,921,213,578,119,197,333,930,409,107,279,174,1,1,4716
2021-05-31,454,922,213,578,119,197,333,930,409,107,279,174,1,1,4717
2021-06-01,454,923,213,579,119,197,333,931,409,107,279,174,1,1,4720
2021-06-02,454,923,213,580,119,197,333,932,409,107,279,174,1,1,4722
2021-06-03,454,923,214,580,119,197,333,934,409,107,279,174,1,1,4725
2021-06-04,454,923,214,581,119,197,333,934,409,107,279,174,1,1,4726
2021-06-05,454,923,214,581,119,197,333,936,409,107,279,174,1,1,4728
2021-06-06,454,923,214,581,119,198,333,937,409,107,279,174,1,1,4730
2021-06-07,454,924,214,581,119,198,333,938,409,107,279,175,1,1,4733
2021-06-08,454,924,214,581,119,198,333,938,409,107,279,175,1,1,4733
2021-06-09,454,924,214,582,119,198,334,939,409,107,279,175,1,1,4736
2021-06-10,455,924,215,582,120,198,334,939,409,107,279,175,1,1,4739
2021-06-11,455,926,215,582,120,199,334,939,409,107,279,175,1,1,4742
2021-06-12,455,929,216,582,120,199,334,940,409,107,279,175,1,1,4747
2021-06-13,455,929,216,582,120,200,334,941,410,107,279,175,1,1,4750
2021-06-14,455,930,216,582,120,200,334,942,410,107,279,176,1,1,4753
2021-06-15,455,931,216,582,120,200,334,942,410,107,279,176,1,1,4754
2021-06-16,455,931,216,582,120,200,334,942,410,107,279,176,1,1,4754
2021-06-17,455,931,216,582,120,200,334,943,410,107,279,176,1,1,4755
2021-06-18,455,931,216,582,120,200,334,943,410,107,279,176,1,1,4755
2021-06-19,455,931,216,582,120,200,334,943,412,107,279,176,1,1,4757
2021-06-20,455,931,216,582,120,202,334,943,412,107,279,176,1,1,4759
2021-06-21,455,932,216,582,120,202,334,944,412,107,279,176,1,1,4761
2021-06-22,455,932,216,582,120,202,334,944,412,107,279,176,1,1,4761
2021-06-23,455,932,216,582,120,203,334,944,412,107,279,176,1,1,4762
2021-06-24,455,933,216,582,120,203,334,944,412,107,279,176,1,1,4763
2021-06-25,455,933,216,582,120,203,334,946,412,107,279,176,1,1,4765
2021-06-26,455,933,216,582,120,203,334,946,412,107,279,176,1,1,4765
2021-06-27,455,933,216,582,120,203,334,946,412,107,279,176,1,1,4765
2021-06-28,455,933,216,582,120,203,334,946,412,107,279,176,1,1,4765
2021-06-29,455,933,216,582,120,203,334,946,412,107,279,176,1,1,4765
2021-06-30,455,933,216,582,120,203,334,946,412,107,279,176,1,1,4765
2021-07-01,455,933,216,582,120,203,334,946,412,107,279,176,1,1,4765
2021-07-02,455,933,216,582,120,203,334,946,412,107,279,176,1,1,4765
2021-07-03,455,933,216,582,120,203,334,946,412,107,279,176,1,1,4765
2021-07-04,456,933,216,582,120,203,334,946,412,107,279,176,1,1,4766
2021-07-05,456,933,216,582,120,203,334,947,412,107,279,176,1,1,4767
2021-07-06,456,933,216,582,121,203,334,949,412,107,279,176,1,1,4770
2021-07-07,456,933,216,582,121,203,334,949,412,107,279,176,1,1,4770
2021-07-08,456,934,216,582,121,203,334,950,412,107,279,176,1,1,4772
2021-07-09,456,934,216,582,121,203,334,950,412,107,279,176,1,1,4772
2021-07-10,456,934,216,582,121,203,334,950,412,107,279,176,1,1,4772
2021-07-11,456,934,216,582,121,203,334,952,412,107,279,176,1,1,4774
2021-07-12,456,934,216,582,121,203,334,952,412,107,279,176,1,1,4774
2021-07-13,456,934,216,582,121,203,334,952,412,107,279,176,1,1,4774
2021-07-14,456,934,216,582,121,203,334,952,412,107,279,176,1,1,4774
2021-07-15,456,934,216,582,121,203,334,952,412,107,279,176,1,1,4774
2021-07-16,456,934,216,582,121,203,334,952,412,107,279,176,1,1,4774
2021-07-17,456,934,216,582,121,203,334,952,412,107,279,176,1,1,4774
2021-07-18,456,934,216,582,121,203,334,952,412,107,279,176,1,1,4774
2021-07-19,456,934,216,582,121,203,334,952,412,107,279,176,1,1,4774
2021-07-20,456,934,216,582,121,203,334,952,412,107,279,176,1,1,4774
2021-07-21,456,934,216,582,121,203,334,952,412,107,279,176,1,1,4774
2021-07-22,456,934,216,582,121,203,334,952,412,107,279,176,1,1,4774
2021-07-23,456,935,216,582,121,203,334,952,412,107,279,176,1,1,4775
2021-07-24,456,935,216,582,121,203,334,952,412,107,279,176,1,1,4775
2021-07-25,456,935,216,582,121,203,334,952,412,107,279,176,1,1,4775
2021-07-26,456,935,216,582,121,203,334,952,412,107,279,176,1,1,4775
2021-07-27,456,935,216,582,121,203,334,952,412,107,279,176,1,1,4775
2021-07-28,456,935,216,582,121,203,334,952,412,107,279,176,1,1,4775
2021-07-29,456,935,216,582,121,203,334,952,412,107,279,176,1,1,4775
2021-07-30,456,935,216,582,121,203,334,953,412,107,279,176,1,1,4776
2021-07-31,456,935,216,582,121,203,334,953,412,107,279,176,1,1,4776
2021-08-01,456,935,216,582,121,203,334,953,412,107,279,176,1,1,4776
2021-08-02,456,935,216,582,121,203,334,953,412,107,279,176,1,1,4776
2021-08-03,456,935,216,582,121,203,334,953,412,107,279,176,1,1,4776
2021-08-04,456,935,216,582,121,203,334,953,412,107,279,176,1,1,4776
2021-08-05,456,936,216,582,121,203,334,953,412,107,279,176,1,1,4777
2021-08-06,456,936,216,582,121,203,334,953,412,107,279,176,1,1,4777
2021-08-07,456,936,216,582,121,203,334,953,412,107,279,176,1,1,4777
2021-08-08,456,936,216,582,121,203,334,953,412,107,279,176,1,1,4777
2021-08-09,456,936,216,582,121,203,334,953,412,107,279,176,1,1,4777
2021-08-10,456,936,216,582,121,203,334,953,412,107,279,176,1,1,4777
2021-08-11,456,936,216,582,121,203,334,953,412,107,279,176,1,1,4777
2021-08-12,456,936,216,582,121,203,334,953,412,107,279,176,1,1,4777
2021-08-13,456,936,216,582,121,203,334,953,412,107,279,176,1,1,4777
2021-08-14,456,936,216,582,121,203,334,953,412,107,279,176,1,1,4777
2021-08-15,456,936,216,582,121,203,334,953,412,107,279,176,1,1,4777
2021-08-16,456,936,216,582,121,203,334,953,412,107,279,176,1,1,4777
2021-08-17,457,936,216,582,121,203,334,954,412,107,279,176,1,1,4779
2021-08-18,457,937,216,583,121,204,334,955,412,107,279,176,1,1,4783
2021-08-19,457,937,216,583,121,204,334,955,412,107,279,176,1,1,4783
2021-08-20,457,937,216,583,121,204,334,955,412,107,279,176,1,1,4783
2021-08-21,457,937,216,584,121,204,334,955,413,107,279,176,1,1,4785
2021-08-22,457,937,216,584,121,204,334,955,413,108,279,176,1,1,4786
2021-08-23,457,937,216,584,121,204,334,958,413,108,279,176,1,1,4789
2021-08-24,457,938,216,584,121,204,334,958,413,108,279,176,1,1,4790
2021-08-25,457,938,216,584,121,204,334,958,414,108,279,176,1,1,4791
2021-08-26,457,938,216,585,121,204,336,958,414,108,279,176,1,1,4794
2021-08-27,457,938,216,586,121,204,337,958,414,108,279,176,1,1,4796
2021-08-28,457,938,216,586,121,204,337,958,414,108,279,176,1,1,4796
2021-08-29,457,938,216,586,121,204,337,958,414,108,279,176,1,1,4796
2021-08-30,457,938,216,586,121,205,337,959,414,108,279,176,1,1,4798
2021-08-31,457,940,216,586,121,205,337,959,414,108,279,176,1,1,4800
2021-09-01,457,940,216,586,121,205,337,960,414,108,279,176,1,1,4801
2021-09-02,457,940,216,586,121,205,337,960,415,108,279,176,1,1,4802
2021-09-03,457,940,216,587,121,205,338,960,415,108,279,176,1,1,4804
2021-09-04,457,940,216,587,121,205,338,960,415,108,279,176,1,1,4804
2021-09-05,457,940,216,587,121,205,338,960,415,108,279,176,1,1,4804
2021-09-06,457,941,216,587,121,205,338,962,415,108,279,176,1,1,4807
2021-09-07,457,941,216,589,122,205,338,962,417,108,279,176,1,1,4812
2021-09-08,457,941,216,590,122,205,338,962,417,108,279,177,1,1,4814
2021-09-09,457,942,216,590,122,205,338,963,417,108,280,177,1,1,4817
2021-09-10,457,944,216,591,122,205,338,963,418,108,281,177,1,1,4822
2021-09-11,457,944,216,591,122,205,338,963,418,108,281,177,1,1,4822
2021-09-12,457,947,216,591,122,205,338,963,418,108,281,177,1,1,4825
2021-09-13,458,948,216,592,122,205,338,963,418,108,281,178,1,1,4829
2021-09-14,458,950,216,593,123,205,338,963,419,108,281,178,1,1,4834
2021-09-15,458,950,216,594,123,205,338,967,421,108,281,179,1,1,4842
2021-09-16,458,952,216,595,123,205,338,967,422,108,281,179,1,1,4846
2021-09-17,458,952,216,596,124,205,339,969,422,109,281,179,1,1,4852
2021-09-18,458,952,216,596,124,205,339,971,422,109,282,179,1,1,4855
2021-09-19,458,953,217,598,125,205,339,972,422,109,282,179,1,1,4861
2021-09-20,458,954,217,599,126,205,339,972,422,110,283,179,1,1,4866
2021-09-21,458,955,217,599,126,205,339,975,423,111,284,179,1,1,4873
2021-09-22,458,955,217,600,126,205,340,977,423,111,284,179,1,1,4877
2021-09-23,458,955,217,603,127,205,341,978,424,111,284,179,1,1,4884
2021-09-24,458,956,218,604,127,206,341,979,424,112,284,181,1,1,4892
2021-09-25,458,959,218,605,127,206,341,982,424,112,284,181,1,1,4899
2021-09-26,458,961,218,606,127,206,341,983,425,112,285,182,1,1,4906
2021-09-27,459,962,218,606,128,207,344,985,426,112,286,184,1,1,4919
2021-09-28,459,962,218,607,128,208,344,985,426,114,286,184,1,1,4923
2021-09-29,459,962,218,610,130,208,344,987,426,114,287,184,1,2,4932
2021-09-30,459,962,218,610,130,208,344,987,428,115,288,185,1,2,4937
2021-10-01,459,963,218,611,132,208,345,989,429,115,289,185,1,2,4946
2021-10-02,459,964,219,612,132,209,345,991,430,115,289,185,1,2,4953
2021-10-03,460,965,219,612,132,209,345,995,431,115,289,185,1,2,4960
2021-10-04,460,967,219,612,134,209,345,997,431,116,289,185,1,2,4967
2021-10-05,460,969,220,612,134,209,347,999,431,116,291,187,1,2,4978
2021-10-06,460,969,220,612,134,209,347,1000,433,116,292,187,1,2,4982
2021-10-07,460,969,220,612,134,209,347,1002,433,116,292,188,1,2,4985
2021-10-08,460,970,221,615,135,209,347,1004,433,117,292,189,1,2,4995
2021-10-09,460,971,221,616,135,209,347,1007,433,117,293,192,1,2,5004
2021-10-10,460,973,221,617,135,209,348,1008,433,117,293,193,1,2,5010
2021-10-11,460,973,221,618,135,209,348,1008,434,117,293,193,1,2,5012
2021-10-12,460,974,221,619,135,210,348,1009,434,117,293,193,1,2,5016
2021-10-13,460,976,221,621,135,210,348,1011,436,117,293,194,1,2,5025
2021-10-14,460,978,221,621,136,210,348,1012,436,117,293,195,1,2,5030
2021-10-15,460,978,221,622,137,211,348,1013,436,117,293,195,1,2,5034
2021-10-16,460,979,222,622,137,211,348,1014,437,117,293,195,1,2,5038
2021-10-17,460,980,222,625,137,211,348,1015,438,117,293,196,1,2,5045
2021-10-18,460,981,222,626,137,211,349,1016,439,117,293,196,1,2,5050
2021-10-19,460,983,222,627,137,211,349,1018,439,117,294,197,1,2,5057
2021-10-20,460,986,223,628,137,213,349,1020,439,117,296,197,1,2,5068
2021-10-21,460,986,223,628,137,213,349,1022,439,117,296,199,1,2,5072
2021-10-22,461,990,223,629,138,213,350,1022,441,117,296,200,1,2,5083
2021-10-23,461,993,223,630,138,213,350,1022,441,117,297,200,1,2,5088
2021-10-24,462,993,223,630,138,213,350,1027,442,118,298,200,1,2,5097
2021-10-25,463,997,223,630,139,213,350,1028,444,118,298,201,1,2,5107
2021-10-26,465,999,223,630,139,213,352,1029,444,119,298,204,1,2,5118
2021-10-27,465,1002,225,630,140,214,352,1030,444,120,299,204,1,3,5129
2021-10-28,466,1002,225,631,140,214,354,1034,446,122,300,206,1,3,5144
2021-10-29,466,1004,225,632,140,215,354,1036,447,122,300,206,1,3,5151
2021-10-30,467,1007,226,632,141,215,354,1036,448,122,301,206,1,3,5159
2021-10-31,467,1008,226,637,141,216,356,1038,448,122,301,207,1,3,5171
2021-11-01,468,1009,226,638,141,216,357,1043,448,123,301,207,1,3,5181
2021-11-02,468,1014,227,639,141,216,357,1050,449,126,302,207,1,3,5200
2021-11-03,470,1015,227,639,141,216,357,1056,451,126,302,208,1,3,5212
2021-11-04,471,1019,227,639,141,216,357,1062,456,126,303,208,1,3,5229
2021-11-05,472,1021,228,640,143,216,360,1063,456,127,303,208,1,3,5241
2021-11-06,474,1023,228,640,143,216,361,1069,457,128,303,210,1,3,5256
2021-11-07,477,1026,228,641,144,217,362,1071,460,130,303,213,1,3,5276
2021-11-08,477,1028,228,644,145,217,362,1074,461,131,304,214,1,3,5289
2021-11-09,477,1032,231,646,145,219,362,1079,461,135,304,214,1,3,5309
2021-11-10,478,1032,232,648,146,219,363,1081,462,136,305,215,1,3,5321
2021-11-11,478,1036,232,648,147,219,365,1081,464,137,307,215,1,3,5333
2021-11-12,479,1043,232,650,149,219,365,1088,466,137,308,217,1,3,5357
2021-11-13,479,1051,232,650,149,220,366,1095,468,139,308,220,1,3,5381
2021-11-14,481,1059,232,653,150,220,366,1098,469,142,309,221,1,3,5404
2021-11-15,482,1062,232,654,150,221,366,1100,469,142,309,222,1,4,5414
2021-11-16,484,1066,232,660,150,221,368,1101,469,142,309,222,1,4,5429
2021-11-17,491,1071,232,660,152,222,371,1106,469,142,310,224,1,4,5455
2021-11-18,495,1074,232,664,155,224,372,1110,470,143,312,224,1,4,5480
2021-11-19,495,1081,234,668,155,225,374,1113,470,144,312,224,1,4,5500
2021-11-20,497,1089,234,669,156,227,376,1117,474,145,312,226,1,4,5527
2021-11-21,498,1091,235,671,159,230,377,1119,474,146,313,227,1,4,5545
2021-11-22,500,1096,235,674,161,231,377,1121,476,146,315,227,1,4,5564
2021-11-23,501,1098,235,678,162,232,378,1125,477,146,317,229,1,4,5583
2021-11-24,502,1099,235,678,162,232,379,1130,478,147,320,230,1,4,5597
2021-11-25,505,1105,235,679,162,233,380,1134,478,147,321,231,1,4,5615
2021-11-26,505,1110,236,686,164,233,383,1137,479,149,321,232,1,4,5640
2021-11-27,507,1118,236,691,165,237,385,1142,481,150,321,233,1,4,5671
2021-11-28,507,1124,236,693,166,238,387,1146,482,151,322,234,1,5,5692
2021-11-29,507,1133,236,694,166,240,388,1150,483,151,323,234,1,5,5711
2021-11-30,508,1139,236,698,167,242,392,1153,484,151,323,235,1,5,5734
2021-12-01,508,1141,236,699,169,245,392,1159,488,152,323,236,1,5,5754
2021-12-02,509,1146,236,702,170,246,392,1164,490,152,324,237,1,5,5774
2021-12-03,509,1151,236,706,170,249,395,1166,491,154,325,238,1,5,5796
2021-12-04,510,1158,236,710,170,249,396,1169,493,154,327,238,1,5,5816
2021-12-05,512,1160,236,712,170,250,398,1171,493,154,327,238,1,5,5827
2021-12-06,512,1165,237,716,170,250,399,1176,494,154,328,238,1,5,5845
2021-12-07,513,1167,237,720,171,251,400,1180,495,154,328,240,1,5,5862
2021-12-08,514,1169,237,723,172,254,400,1182,497,154,328,240,1,5,5876
2021-12-09,518,1174,237,724,172,255,403,1185,498,154,329,240,1,5,5895
2021-12-10,518,1177,238,728,172,258,404,1186,499,154,329,241,1,5,5910
2021-12-11,522,1178,238,728,172,259,408,1186,499,155,329,242,1,5,5922
2021-12-12,525,1186,238,732,172,259,410,1186,500,155,330,242,1,5,5941
2021-12-13,526,1190,238,733,172,262,412,1188,500,155,330,244,2,5,5957
2021-12-14,526,1192,238,733,173,263,413,1193,501,156,332,244,2,5,5971
2021-12-15,527,1195,238,733,173,263,413,1195,501,156,332,245,2,5,5978
2021-12-16,530,1198,239,733,174,263,413,1196,503,156,332,245,2,5,5989
2021-12-17,530,1205,239,734,174,263,413,1201,503,158,333,245,2,5,6005
2021-12-18,530,1207,239,735,175,264,413,1203,504,159,335,246,2,5,6017
2021-12-19,532,1209,239,736,175,265,413,1205,504,159,336,246,2,5,6026
2021-12-20,532,1211,240,737,175,265,413,1208,506,159,337,246,2,5,6036
2021-12-21,533,1213,240,737,175,265,414,1212,507,159,337,246,2,5,6045
2021-12-22,534,1215,241,737,175,265,416,1214,507,159,337,246,2,5,6053
2021-12-23,536,1215,241,737,175,266,417,1218,508,159,337,246,2,5,6062
2021-12-24,536,1216,241,737,175,267,417,1219,509,159,337,246,2,5,6066
2021-12-25,536,1219,243,737,175,267,419,1221,509,160,338,246,2,5,6077
2021-12-26,539,1222,246,737,175,267,419,1221,509,160,338,246,2,5,6086
2021-12-27,541,1224,246,738,175,267,420,1225,509,160,339,246,2,5,6097
2021-12-28,542,1228,246,738,176,269,421,1229,513,160,339,246,2,5,6114
2021-12-29,543,1230,246,739,176,269,422,1230,513,160,339,247,2,5,6121
2021-12-30,543,1231,246,739,177,269,423,1232,513,160,339,247,2,5,6126
2021-12-31,543,1232,247,740,177,269,423,1233,513,163,339,247,2,5,6133
2022-01-01,545,1233,247,741,177,269,424,1235,513,163,339,248,2,5,6141
2022-01-02,546,1235,247,742,178,269,424,1238,514,163,339,248,2,5,6150
2022-01-03,547,1238,247,743,178,269,426,1240,515,163,339,248,2,5,6160
2022-01-04,548,1240,247,743,178,269,427,1243,515,163,339,249,2,5,6168
2022-01-05,549,1242,248,743,178,269,427,1245,516,163,339,249,2,5,6175
2022-01-06,550,1242,248,743,179,270,429,1247,517,164,340,250,2,5,6186
2022-01-07,551,1242,248,743,179,271,431,1248,517,164,340,250,2,5,6191
2022-01-08,552,1244,248,744,179,271,431,1249,518,164,340,250,2,5,6197
2022-01-09,552,1244,248,746,179,272,431,1252,519,164,341,250,2,5,6205
2022-01-10,553,1244,248,746,179,272,431,1253,520,164,341,251,2,5,6209
2022-01-11,554,1248,248,748,179,272,431,1255,520,165,342,251,2,6,6221
2022-01-12,554,1251,249,750,179,272,432,1256,521,165,342,251,2,6,6230
2022-01-13,554,1254,250,751,179,274,433,1256,521,165,342,252,2,6,6239
2022-01-14,554,1256,251,751,179,274,433,1257,522,165,343,252,2,6,6245
2022-01-15,554,1258,251,753,179,274,433,1257,522,165,343,252,2,6,6249
2022-01-16,554,1258,251,754,179,274,434,1262,522,165,343,252,2,6,6256
2022-01-17,554,1258,252,756,179,275,435,1266,522,165,343,253,2,6,6266
2022-01-18,554,1260,252,757,179,276,435,1272,524,165,345,253,2,6,6280
2022-01-19,554,1262,252,758,179,277,435,1273,524,165,345,253,2,6,6285
2022-01-20,555,1265,252,759,179,277,435,1276,527,165,345,253,2,6,6296
2022-01-21,555,1269,252,762,179,278,436,1279,528,165,345,253,2,6,6309
2022-01-22,556,1271,253,765,179,281,438,1284,529,165,345,253,2,6,6327
2022-01-23,556,1275,253,765,179,281,438,1288,529,167,346,255,2,6,6340
2022-01-24,556,1276,253,767,179,281,440,1292,532,168,347,256,2,6,6355
2022-01-25,557,1282,253,767,181,282,440,1299,534,168,348,258,2,6,6377
2022-01-26,557,1286,253,774,181,283,440,1301,534,168,348,260,2,6,6393
2022-01-27,557,1289,253,774,181,286,440,1302,535,169,349,260,2,6,6403
2022-01-28,559,1290,253,776,182,286,441,1309,537,169,349,262,2,6,6421
2022-01-29,559,1294,253,780,182,290,441,1312,538,170,350,264,2,6,6441
2022-01-30,561,1298,254,781,182,291,443,1316,540,170,350,265,2,6,6459
2022-01-31,562,1301,255,782,183,291,447,1319,542,170,352,266,2,6,6478
2022-02-01,563,1303,255,784,183,293,449,1325,543,170,353,269,2,6,6498
2022-02-02,564,1308,255,784,184,293,454,1330,545,170,355,269,2,6,6519
2022-02-03,565,1316,258,789,184,296,457,1331,546,171,357,269,2,6,6547
2022-02-04,565,1325,258,795,185,297,459,1338,549,172,357,270,2,6,6578
2022-02-05,567,1330,260,802,187,299,461,1342,550,172,358,271,2,6,6607
2022-02-06,567,1332,260,807,187,299,461,1355,552,173,360,271,2,6,6632
2022-02-07,568,1340,260,809,187,300,463,1357,555,175,362,272,2,6,6656
2022-02-08,571,1341,262,813,187,302,463,1360,559,176,362,277,2,6,6681
2022-02-09,572,1346,263,814,188,302,463,1365,560,176,363,277,2,6,6697
2022-02-10,572,1360,264,814,188,304,467,1368,560,177,363,278,2,6,6723
2022-02-11,573,1366,266,817,191,305,470,1375,560,179,366,280,2,6,6756
2022-02-12,573,1367,267,818,191,307,473,1380,562,180,366,281,2,6,6773
2022-02-13,574,1373,268,822,191,307,474,1387,565,181,368,281,2,6,6799
2022-02-14,575,1382,268,824,194,311,477,1392,565,181,372,281,2,6,6830
2022-02-15,578,1391,268,829,196,312,479,1397,566,181,372,281,2,6,6858
2022-02-16,578,1393,268,832,198,313,481,1404,570,181,374,282,2,6,6882
2022-02-17,579,1401,268,836,198,314,482,1410,572,182,376,284,2,6,6910
2022-02-18,581,1403,268,841,199,314,483,1415,573,182,381,284,2,6,6932
2022-02-19,582,1408,271,845,202,315,485,1419,573,183,382,284,2,6,6957
2022-02-20,582,1416,272,847,203,317,488,1423,575,183,384,286,2,6,6984
2022-02-21,583,1420,272,854,204,318,490,1425,577,184,386,288,2,6,7009
2022-02-22,585,1423,275,860,205,318,490,1431,578,185,387,289,2,6,7034
2022-02-23,587,1424,275,863,205,319,490,1434,582,185,388,289,2,6,7049
2022-02-24,587,1430,275,864,206,319,492,1437,586,185,389,290,2,6,7068
2022-02-25,592,1436,275,866,206,320,494,1443,587,185,391,290,2,6,7093
2022-02-26,593,1442,276,868,207,323,494,1447,589,187,392,290,2,6,7116
2022-02-27,595,1450,276,869,208,323,494,1449,591,188,393,291,2,6,7135
2022-02-28,596,1452,277,869,210,323,494,1459,592,188,393,291,2,6,7152
2022-03-01,597,1453,277,870,210,324,495,1461,594,188,395,293,2,6,7165
2022-03-02,598,1457,278,872,210,324,497,1461,594,188,396,294,2,6,7177
2022-03-03,599,1458,278,875,211,324,497,1465,596,188,397,294,2,6,7190
2022-03-04,603,1460,278,877,212,324,498,1471,598,188,399,296,2,6,7212
2022-03-05,605,1461,278,879,216,325,498,1475,598,189,399,296,2,6,7227
2022-03-06,606,1461,279,882,216,325,498,1475,598,190,400,297,2,6,7235
2022-03-07,608,1464,279,884,216,325,499,1476,599,191,402,298,2,6,7249
2022-03-08,610,1465,279,888,217,325,499,1477,599,191,403,298,2,6,7259
2022-03-09,611,1467,279,888,217,325,500,1479,599,192,403,300,2,6,7268
2022-03-10,611,1470,279,890,217,325,500,1480,599,193,404,300,2,6,7276
2022-03-11,613,1473,280,890,217,326,501,1482,600,193,405,300,2,6,7288
2022-03-12,616,1473,280,890,218,326,503,1483,602,193,405,300,2,6,7297
2022-03-13,617,1477,280,892,219,326,505,1486,602,193,407,303,2,6,7315
2022-03-14,617,1477,280,893,219,327,506,1493,602,193,407,304,2,6,7326
2022-03-15,617,1480,280,893,219,328,506,1494,603,194,407,304,2,6,7333
2022-03-16,618,1481,280,894,219,329,507,1495,604,195,407,304,2,6,7341
2022-03-17,618,1481,280,894,219,329,507,1496,605,196,409,304,2,6,7346
2022-03-18,619,1483,280,894,219,329,508,1498,606,197,409,307,2,6,7357
2022-03-19,620,1485,280,897,220,329,509,1499,606,198,410,307,2,6,7368
2022-03-20,620,1487,280,899,221,330,510,1499,607,199,410,308,2,6,7378
2022-03-21,621,1490,280,899,221,330,510,1499,607,199,411,309,2,6,7384
2022-03-22,621,1490,281,899,221,330,510,1500,609,199,411,309,2,6,7388
2022-03-23,624,1490,281,900,221,331,510,1502,609,199,412,310,2,6,7397
2022-03-24,627,1493,281,900,221,332,511,1504,611,199,412,311,2,6,7410
2022-03-25,627,1493,282,901,221,332,512,1507,611,199,412,311,2,6,7416
2022-03-26,628,1493,282,901,222,332,512,1508,611,199,413,312,2,6,7421
2022-03-27,628,1493,283,902,223,332,512,1511,611,200,413,312,2,6,7428
2022-03-28,628,1494,283,903,223,332,513,1511,612,200,413,312,2,6,7432
2022-03-29,631,1496,285,903,224,332,513,1511,612,201,413,313,2,6,7442
2022-03-30,632,1498,285,903,224,333,514,1516,613,202,413,313,2,6,7454
2022-03-31,633,1500,285,903,224,334,514,1518,615,202,413,315,2,6,7464
2022-04-01,634,1500,286,904,225,334,514,1518,615,202,413,316,2,6,7469
2022-04-02,635,1503,286,905,225,335,514,1520,615,203,414,318,2,6,7481
2022-04-03,635,1503,286,907,225,336,515,1523,615,203,414,318,2,6,7488
2022-04-04,638,1505,286,907,226,336,515,1526,615,203,415,318,2,6,7498
2022-04-05,640,1506,286,909,226,336,516,1526,616,204,415,318,2,6,7506
2022-04-06,641,1508,286,910,226,338,516,1526,617,204,415,318,2,6,7513
2022-04-07,641,1509,286,912,226,338,516,1529,617,204,416,318,2,6,7520
2022-04-08,641,1510,286,912,227,338,516,1529,618,205,416,321,2,6,7527
2022-04-09,641,1512,286,913,227,338,516,1530,619,205,416,321,2,6,7532
2022-04-10,642,1516,287,913,227,338,516,1532,620,205,417,321,2,6,7542
2022-04-11,642,1517,288,914,228,339,517,1534,621,205,417,321,2,6,7551
2022-04-12,642,1518,288,914,228,339,517,1537,621,205,417,321,2,6,7555
2022-04-13,645,1521,289,915,228,340,517,1537,624,205,417,321,2,6,7567
2022-04-14,646,1524,289,916,228,341,518,1537,624,205,417,321,2,6,7574
2022-04-15,646,1526,289,917,228,341,519,1537,624,206,418,321,2,6,7580
2022-04-16,648,1527,289,917,228,341,519,1537,624,206,418,321,2,6,7583
2022-04-17,649,1527,289,917,228,341,519,1537,624,206,419,321,2,6,7585
2022-04-18,649,1527,290,917,228,341,520,1537,624,206,419,321,2,6,7587
2022-04-19,651,1527,290,917,228,341,520,1537,625,206,419,321,2,6,7590
2022-04-20,651,1527,290,917,228,341,520,1537,625,206,419,321,2,6,7590
2022-04-21,651,1527,290,917,228,342,520,1537,625,206,419,321,2,6,7591
2022-04-22,651,1527,290,918,228,342,520,1537,625,206,419,321,2,6,7592
2022-04-23,651,1527,290,919,228,342,520,1537,625,206,419,321,2,6,7593
2022-04-24,651,1527,290,919,228,342,520,1537,625,206,419,321,2,6,7593
2022-04-25,651,1527,290,919,228,342,520,1537,625,206,419,321,2,6,7593
2022-04-26,651,1527,290,919,228,342,520,1537,625,206,419,321,2,6,7593
2022-04-27,651,1527,290,919,228,342,520,1537,625,206,419,321,2,6,7593
2022-04-28,651,1527,290,919,228,342,520,1537,625,206,419,321,2,6,7593
2022-04-29,651,1527,290,919,228,342,520,1537,625,206,419,321,2,6,7593
2022-04-30,651,1527,290,919,228,342,520,1537,625,206,419,321,2,6,7593
