"date","kindergarten.employees.confirmed","kindergarten.employees.active","kindergarten.attendees.confirmed","kindergarten.attendees.active","kindergarten.attendees.to_quarantine","kindergarten.attendees.quarantined","kindergarten.units.to_quarantine","kindergarten.units.quarantined","kindergarten.units.remote","elementary.employees.confirmed","elementary.employees.active","elementary.attendees.confirmed","elementary.attendees.active","elementary.attendees.to_quarantine","elementary.attendees.quarantined","elementary.units.to_quarantine","elementary.units.quarantined","elementary.units.remote","elementary_special.employees.confirmed","elementary_special.employees.active","elementary_special.attendees.confirmed","elementary_special.attendees.active","elementary_special.attendees.to_quarantine","elementary_special.attendees.quarantined","elementary_special.units.to_quarantine","elementary_special.units.quarantined","elementary_special.units.remote","music.employees.confirmed","music.employees.active","music.attendees.confirmed","music.attendees.active","music.attendees.to_quarantine","music.attendees.quarantined","music.units.to_quarantine","music.units.quarantined","music.units.remote","highschool.employees.confirmed","highschool.employees.active","highschool.attendees.confirmed","highschool.attendees.active","highschool.attendees.to_quarantine","highschool.attendees.quarantined","highschool.units.to_quarantine","highschool.units.quarantined","highschool.units.remote","dormitory.employees.confirmed","dormitory.employees.active","dormitory.attendees.confirmed","dormitory.attendees.active","dormitory.attendees.to_quarantine","dormitory.attendees.quarantined","dormitory.units.to_quarantine","dormitory.units.quarantined","dormitory.units.remote","institutions.employees.confirmed","institutions.employees.active","institutions.attendees.confirmed","institutions.attendees.active","institutions.attendees.to_quarantine","institutions.attendees.quarantined","institutions.units.to_quarantine","institutions.units.quarantined","institutions.units.remote"
"2020-09-01",3,3,0,0,46,46,4,4,4,2,2,9,9,0,0,0,0,1,0,0,0,0,0,0,0,0,0,0,0,0,0,3,3,3,3,1,5,5,0,0,28,28,1,1,2,0,0,0,0,0,0,0,0,0,0,0,0,0,0,0,0,0,0
"2020-09-02",0,3,0,0,13,59,1,5,6,1,3,1,10,25,25,1,1,2,0,0,0,0,0,0,0,0,0,0,0,0,0,0,3,0,3,1,0,5,2,2,0,28,0,1,2,0,0,0,0,0,0,0,0,0,0,0,0,0,0,0,0,0,0
"2020-09-03",0,3,0,0,0,59,0,5,6,4,7,9,19,0,25,0,1,2,0,0,0,0,0,0,0,0,0,0,0,1,1,22,25,6,9,2,0,5,1,3,87,115,3,4,5,0,0,0,0,0,0,0,0,0,0,0,0,0,0,0,0,0,0
"2020-09-04",0,3,0,0,38,97,2,7,8,2,9,3,22,91,116,6,7,4,0,0,0,0,0,0,0,0,0,0,0,0,1,0,25,0,9,2,0,5,0,3,0,115,0,4,5,0,0,0,0,0,0,0,0,0,0,0,0,0,0,0,0,0,0
"2020-09-05",0,3,0,0,0,97,0,7,8,1,10,0,22,0,116,0,7,4,0,0,0,0,0,0,0,0,0,0,0,0,1,0,25,0,9,2,0,5,0,3,0,115,0,4,5,0,0,0,0,0,0,0,0,0,0,0,0,0,0,0,0,0,0
"2020-09-06",0,3,0,0,0,97,0,7,8,3,13,3,25,23,139,1,8,4,0,0,0,0,0,0,0,0,0,0,0,0,1,0,25,0,9,2,0,5,1,4,24,139,1,5,6,0,0,0,0,0,0,0,0,0,0,0,0,0,0,0,0,0,0
"2020-09-07",0,3,0,0,14,108,1,7,7,9,22,4,29,93,232,4,12,8,1,1,0,0,0,0,0,0,0,0,0,0,1,0,25,0,9,2,0,5,2,6,30,145,1,5,6,0,0,0,0,0,0,0,0,0,0,0,0,0,0,0,0,0,0
"2020-09-08",0,3,0,0,0,108,0,7,8,0,22,12,41,184,416,8,20,11,0,1,0,0,0,0,0,0,0,0,0,2,3,31,56,2,11,4,0,5,2,8,50,195,2,7,8,0,0,0,0,0,0,0,0,0,0,0,0,0,0,0,0,0,0
"2020-09-09",1,3,1,1,0,108,0,7,8,5,27,7,47,265,681,12,32,15,0,1,0,0,0,0,0,0,0,0,0,0,3,0,56,0,11,4,1,5,1,9,0,195,0,7,8,0,0,1,1,0,0,0,0,0,0,0,0,0,0,0,0,0,0
"2020-09-10",1,4,0,1,18,126,1,8,9,0,27,10,57,118,799,5,37,20,1,2,0,0,0,0,0,0,1,0,0,0,3,0,56,0,11,4,1,6,6,15,101,296,5,12,11,0,0,0,1,0,0,0,0,0,0,0,0,0,0,0,0,0,0
"2020-09-11",3,7,0,1,14,130,1,8,9,2,29,3,60,72,871,3,40,21,0,2,0,0,0,0,0,0,1,0,0,0,3,33,89,2,13,6,0,6,3,18,149,445,11,23,14,0,0,0,1,0,0,0,0,0,0,0,0,0,0,0,0,0,0
"2020-09-12",3,10,0,1,70,167,6,12,9,1,29,2,59,44,915,2,42,21,0,2,0,0,0,0,0,0,1,0,0,1,4,0,89,0,13,6,0,6,1,19,0,445,0,23,14,0,0,0,1,0,0,0,0,0,0,0,0,0,0,0,0,0,0
"2020-09-13",2,11,0,1,24,191,1,13,8,0,29,0,59,45,960,2,44,23,0,2,0,0,0,0,0,0,1,0,0,0,4,16,105,1,14,6,2,8,1,19,105,550,4,27,16,0,0,0,1,0,0,0,0,0,0,0,0,0,0,0,0,0,0
"2020-09-14",3,13,0,1,0,191,0,13,8,2,31,6,65,109,1069,5,49,27,0,2,0,0,0,0,0,0,1,0,0,1,5,5,110,3,17,8,2,10,6,25,161,683,6,32,18,1,1,0,1,0,0,0,0,0,0,0,0,0,0,0,0,0,0
"2020-09-15",0,13,0,1,0,191,0,13,7,8,39,3,63,76,1073,4,50,26,0,2,0,0,0,0,0,0,1,0,0,0,5,0,107,0,14,7,0,10,2,27,85,768,5,37,21,0,1,0,1,0,0,0,0,0,0,0,0,0,0,0,0,0,0
"2020-09-16",3,16,1,2,44,184,2,12,7,3,42,4,64,197,1222,11,59,31,0,2,0,0,0,0,0,0,1,0,0,0,5,0,107,0,14,7,0,7,4,30,130,841,6,41,22,0,1,1,2,0,0,0,0,0,0,0,0,0,0,0,0,0,0
"2020-09-17",0,16,0,2,12,196,1,13,8,2,42,3,63,154,1290,8,61,37,0,2,0,0,0,0,0,0,1,0,0,0,4,2,71,2,9,7,2,9,4,34,122,933,5,45,24,0,1,0,2,0,0,0,0,0,0,0,0,0,0,0,0,0,0
"2020-09-18",1,17,1,3,24,206,2,14,8,1,39,3,52,48,1242,2,59,35,1,3,0,0,0,0,0,0,1,1,1,2,6,5,76,1,10,7,4,13,5,36,75,962,3,46,24,0,1,0,2,0,0,0,0,0,0,0,0,0,0,0,0,0,0
"2020-09-19",0,14,0,3,0,188,0,13,7,2,37,1,50,61,973,3,47,32,0,3,0,0,0,0,0,0,1,0,1,0,4,0,61,0,9,6,0,12,0,33,0,850,0,42,20,0,1,0,2,0,0,0,0,0,0,0,0,0,0,0,0,0,0
"2020-09-20",1,15,0,3,20,208,1,14,8,2,39,1,49,16,909,1,44,31,1,4,0,0,0,0,0,0,1,0,1,0,4,0,61,0,9,7,0,11,1,32,22,768,1,38,21,0,1,0,2,0,0,0,0,0,0,0,0,0,0,0,0,0,0
"2020-09-21",4,19,0,3,19,191,1,13,8,3,38,5,47,407,980,18,47,28,0,4,0,0,0,0,0,0,1,2,3,1,5,8,69,1,10,8,2,13,3,34,75,735,3,31,21,1,2,0,2,0,0,0,0,0,0,0,0,0,0,0,0,0,0
"2020-09-22",3,20,0,3,0,177,0,12,8,5,35,3,44,44,976,2,47,30,0,4,0,0,0,0,0,0,1,0,3,1,6,0,36,0,8,7,2,15,3,36,68,667,3,29,21,0,2,0,2,0,0,0,0,0,0,0,0,0,0,0,0,0,0
"2020-09-23",2,19,0,2,77,184,4,10,10,2,37,7,44,48,956,2,46,29,0,4,0,0,0,0,0,0,1,0,3,1,7,0,36,0,8,7,1,16,4,39,0,610,0,27,20,0,2,0,2,0,0,0,0,0,0,0,0,0,0,0,0,0,1
"2020-09-24",2,18,2,4,84,238,5,13,12,2,35,6,45,130,843,5,39,22,0,4,0,0,0,0,0,0,1,0,3,0,6,0,28,0,7,6,1,16,1,37,73,506,3,24,18,1,3,0,1,0,0,0,0,0,0,0,0,0,0,0,0,0,1
"2020-09-25",1,18,2,6,22,241,1,13,12,1,34,7,49,161,984,7,45,25,0,4,1,1,0,0,0,0,1,3,6,0,5,26,49,1,5,5,0,15,4,35,98,539,4,23,19,0,2,0,1,0,0,0,0,0,0,0,0,0,0,0,0,0,1
"2020-09-26",2,19,0,6,0,221,0,12,12,4,30,0,44,28,663,1,29,22,0,3,0,1,0,0,0,0,1,0,6,0,4,0,49,0,5,4,0,15,1,30,0,470,0,20,18,0,2,0,1,0,0,0,0,0,0,0,0,0,0,0,0,0,1
"2020-09-27",0,17,0,5,0,221,0,12,12,1,30,1,41,0,466,0,20,17,1,4,0,1,0,0,0,0,1,0,6,0,4,5,54,2,7,5,0,15,1,30,27,417,1,17,15,0,2,0,1,0,0,0,0,0,0,0,0,0,0,0,0,0,1
"2020-09-28",6,23,3,7,118,286,6,15,12,11,39,5,45,183,524,8,23,19,0,4,0,1,0,0,0,0,0,1,7,3,7,10,58,2,7,5,2,17,6,34,73,369,3,15,14,0,2,1,2,0,0,0,0,0,0,0,0,0,0,0,0,0,1
"2020-09-29",3,22,1,8,31,317,2,17,13,3,42,2,42,24,548,1,24,20,0,4,0,1,0,0,0,0,0,0,6,1,8,0,58,0,7,5,1,15,4,34,49,364,2,15,14,0,2,0,2,0,0,0,0,0,0,0,0,0,0,0,0,0,1
"2020-09-30",3,25,1,9,42,359,3,20,15,5,44,7,49,127,647,6,29,21,0,2,0,1,0,0,0,0,0,1,7,0,8,0,58,0,7,5,5,20,5,39,149,513,7,22,18,0,2,1,3,0,0,0,0,0,0,0,0,0,0,0,0,0,1
"2020-10-01",2,25,0,9,0,325,0,18,13,3,46,5,53,72,672,3,30,22,2,4,0,1,0,0,0,0,0,1,8,1,8,0,11,0,3,3,2,22,7,39,159,569,7,25,17,0,2,0,2,0,0,0,0,0,1,1,0,0,0,0,0,0,1
"2020-10-02",1,23,0,9,20,327,1,18,11,2,47,3,55,72,671,3,30,22,0,4,0,1,0,0,0,0,0,0,8,0,7,0,1,0,1,1,0,19,8,46,308,803,11,33,18,0,2,1,3,0,0,0,0,0,0,1,0,0,0,0,0,0,1
"2020-10-03",0,21,0,6,0,250,0,14,8,1,43,4,52,106,725,6,34,22,0,4,0,1,0,0,0,0,0,0,8,1,6,25,26,2,3,2,0,14,3,43,41,802,2,32,16,0,2,0,3,0,0,0,0,0,0,1,0,0,0,0,0,0,0
"2020-10-04",3,24,1,7,0,233,0,13,8,5,42,5,51,82,677,4,32,19,0,4,0,1,0,0,0,0,0,0,8,2,8,0,26,0,3,2,1,15,3,44,24,799,1,32,17,0,2,0,3,0,0,0,0,0,0,1,0,0,0,0,0,0,0
"2020-10-05",6,29,1,8,79,256,4,14,10,17,57,22,65,247,772,12,37,23,1,5,0,1,18,18,4,4,1,0,6,1,9,0,26,0,3,2,4,19,18,59,286,1022,12,41,26,1,2,0,3,0,0,0,0,0,0,1,0,0,0,0,0,0,0
"2020-10-06",0,28,1,7,23,257,1,14,9,11,67,7,63,182,885,9,43,26,2,6,0,0,0,18,0,4,1,0,5,2,10,6,32,1,4,3,2,21,13,71,233,1187,10,48,31,0,2,4,7,0,0,0,0,0,0,1,0,0,0,0,0,0,0
"2020-10-07",2,28,0,7,60,317,4,18,10,11,74,10,72,315,1174,15,57,34,0,6,0,0,0,18,0,4,1,1,6,2,12,55,87,5,9,4,1,20,15,86,323,1510,13,61,33,0,1,1,8,0,0,0,0,0,0,1,0,0,8,8,1,1,1
"2020-10-08",3,28,0,4,159,386,9,22,14,10,81,18,88,402,1550,19,75,42,1,6,0,0,0,18,0,4,1,0,5,2,13,0,87,0,9,4,2,20,17,102,563,2016,21,80,39,0,1,1,9,0,0,0,0,0,0,1,0,0,0,8,0,1,1
"2020-10-09",12,38,3,7,153,494,9,28,20,15,94,9,94,514,1936,30,99,53,1,7,0,0,8,26,1,5,2,0,5,2,13,2,88,1,9,4,3,22,17,115,426,2301,17,92,40,1,2,1,9,0,0,0,0,0,0,1,0,0,0,8,0,1,1
"2020-10-10",1,35,0,6,0,472,0,27,19,5,88,9,97,117,1740,10,94,50,0,7,0,0,10,36,2,7,3,1,5,1,13,0,33,0,4,3,2,22,2,106,263,2352,10,94,39,0,2,0,9,0,0,0,0,0,0,1,0,0,0,8,0,1,1
"2020-10-11",3,37,1,6,0,452,0,26,18,9,94,3,99,107,1685,6,92,49,2,9,0,0,0,36,0,7,3,0,4,0,12,0,33,0,4,3,0,22,11,107,23,2139,1,85,35,0,2,1,9,0,0,0,0,0,1,2,0,0,0,8,0,1,1
"2020-10-12",23,56,9,15,118,524,7,30,20,42,131,20,114,763,2246,38,120,62,2,11,0,0,9,45,1,8,4,4,6,1,13,1,28,1,4,3,12,32,25,130,643,2354,26,95,41,0,2,3,11,0,0,0,0,0,1,3,0,0,6,14,3,4,1
"2020-10-13",17,73,3,18,238,762,13,43,27,29,158,13,122,332,2509,17,133,69,5,15,3,3,35,80,7,15,5,1,7,6,19,2,30,2,6,3,4,34,16,141,377,2701,16,110,46,0,2,0,9,0,0,0,0,0,0,3,2,2,0,14,0,4,1
"2020-10-14",11,81,2,20,125,864,7,49,30,23,180,17,134,475,2964,24,156,81,2,17,1,4,16,96,3,18,6,0,7,2,21,1,6,1,5,2,6,40,13,153,439,3140,16,126,48,0,2,2,11,0,0,0,0,0,0,3,0,2,0,14,0,4,1
"2020-10-15",21,100,3,22,80,888,5,51,30,31,204,19,142,714,3410,40,180,89,1,18,0,4,0,78,0,14,6,1,8,0,21,0,6,0,5,2,7,46,14,164,419,3243,16,130,48,0,2,0,10,0,0,0,0,0,1,4,0,2,0,14,0,4,1
"2020-10-16",23,119,3,24,151,1020,9,59,36,26,220,26,149,548,3566,27,187,93,4,22,1,5,8,78,1,14,6,0,8,1,21,0,6,0,5,2,1,46,13,171,96,3005,4,119,47,0,2,1,11,0,0,0,0,0,1,5,1,3,0,14,0,4,1
"2020-10-17",15,130,1,24,67,976,4,55,33,14,218,15,141,46,2844,3,157,78,1,23,0,5,0,78,0,14,6,0,8,2,21,0,5,0,4,2,3,45,2,154,0,2484,0,97,40,0,2,0,10,0,0,0,0,0,2,7,0,3,0,6,0,3,1
"2020-10-18",21,147,3,27,41,883,2,49,28,30,240,6,139,18,2373,1,134,71,1,24,1,6,0,78,0,14,6,0,7,0,19,0,5,0,4,2,2,44,13,146,0,1882,0,74,35,0,2,0,8,0,0,0,0,0,1,8,2,5,0,6,0,3,1
"2020-10-19",60,199,9,31,647,1324,39,77,41,89,319,18,73,353,1224,27,81,46,8,30,1,7,122,183,19,30,8,3,10,0,17,0,5,0,4,2,7,48,3,10,0,1,0,1,2,1,3,0,7,0,0,0,0,0,0,8,0,5,4,10,1,4,2
"2020-10-20",43,239,1,32,95,1375,7,82,43,82,393,13,83,269,1493,15,96,56,4,33,0,7,0,183,0,30,8,1,11,1,15,0,3,0,3,2,3,45,1,11,0,1,0,1,2,0,2,0,6,0,0,0,0,0,1,9,0,5,0,10,0,4,2
"2020-10-21",43,280,2,34,227,1588,14,95,51,54,442,9,91,528,1981,25,119,69,4,36,0,7,33,159,6,25,9,1,11,0,15,0,3,0,3,2,2,47,1,12,0,1,0,1,2,1,3,0,6,0,0,0,0,0,2,11,0,5,19,29,3,7,4
"2020-10-22",48,320,4,36,406,1888,29,119,61,49,482,10,96,931,2564,49,142,87,2,38,1,7,15,165,2,26,9,0,11,1,15,0,3,0,3,2,2,48,1,13,0,0,0,0,1,1,4,0,5,0,0,0,0,0,4,14,1,6,7,31,1,6,5
"2020-10-23",69,377,2,31,762,2446,46,154,68,68,537,8,102,413,2846,20,154,89,3,41,0,7,8,173,1,27,10,0,10,0,15,0,3,0,3,2,1,41,0,13,0,0,0,0,0,1,5,0,4,0,0,0,0,0,1,14,1,7,16,46,2,7,5
"2020-10-24",32,385,2,25,335,2461,19,155,65,44,517,3,78,44,1728,2,87,52,3,37,0,5,20,101,3,16,6,1,9,0,7,0,1,0,1,1,3,38,0,11,0,0,0,0,0,0,4,0,3,0,0,0,0,0,1,15,1,7,0,20,0,3,4
"2020-10-25",16,395,3,26,12,2321,1,146,63,21,527,3,78,17,1703,1,86,51,1,37,0,4,0,85,0,13,5,0,9,0,6,0,0,0,0,0,3,36,0,10,0,0,0,0,0,0,4,0,2,0,0,0,0,0,2,16,2,9,0,20,0,3,3
"2020-10-26",89,472,3,26,387,2489,22,155,63,121,624,6,73,108,1599,10,84,46,8,44,1,5,0,85,0,13,5,1,10,0,4,0,0,0,0,0,6,38,0,10,0,0,0,0,0,2,6,0,2,0,0,0,0,0,7,23,0,9,0,20,0,3,3
"2020-10-27",40,497,1,27,244,2578,14,159,62,52,658,4,70,17,1536,1,81,44,4,45,0,4,0,85,0,13,5,3,11,0,2,0,0,0,0,0,0,36,1,11,0,0,0,0,0,0,6,0,2,0,0,0,0,0,1,24,0,9,0,20,0,3,3
"2020-10-28",51,533,0,26,106,2626,7,163,62,50,693,6,73,0,1520,0,80,43,2,45,0,4,0,85,0,13,5,0,9,0,2,0,0,0,0,0,5,39,0,11,0,0,0,0,0,0,6,0,2,0,0,0,0,0,2,26,0,8,0,20,0,3,3
"2020-10-29",23,539,3,27,18,2471,1,152,58,38,701,3,75,0,1465,0,77,40,5,49,0,3,0,85,0,13,5,1,10,0,2,0,0,0,0,0,1,39,1,11,0,0,0,0,0,0,6,0,2,0,0,0,0,0,1,27,0,8,0,20,0,3,3
"2020-10-30",32,527,1,23,45,2380,5,148,57,27,692,4,70,0,1377,0,72,35,6,54,0,2,0,68,0,11,4,0,10,0,2,0,0,0,0,0,3,41,0,11,0,0,0,0,0,0,6,0,2,0,0,0,0,0,4,31,0,8,0,13,0,2,2
"2020-10-31",16,476,0,22,6,1998,1,126,50,19,613,0,61,0,1152,0,60,30,1,45,1,3,0,68,0,11,4,0,9,0,2,0,0,0,0,0,1,32,0,6,0,0,0,0,0,0,6,0,0,0,0,0,0,0,1,30,0,7,0,6,0,1,1
"2020-11-01",11,449,0,17,0,1715,0,109,44,23,566,0,51,0,733,0,38,23,2,42,0,3,0,35,0,5,3,0,9,0,2,0,0,0,0,0,0,28,0,5,0,0,0,0,0,0,5,0,0,0,0,0,0,0,1,26,0,6,0,0,0,0,0
"2020-11-02",40,438,1,14,25,1200,2,73,31,65,590,1,45,0,321,0,20,11,1,43,1,3,0,20,0,3,1,0,9,0,0,0,0,0,0,0,3,26,0,3,0,0,0,0,0,0,4,0,0,0,0,0,0,0,3,29,1,4,0,0,0,0,0
"2020-11-03",27,405,0,13,0,622,0,39,24,38,570,1,35,0,102,0,10,4,1,33,0,3,0,20,0,3,1,0,8,0,0,0,0,0,0,0,4,27,0,3,0,0,0,0,0,0,3,0,0,0,0,0,0,0,0,28,1,5,0,0,0,0,0
"2020-11-04",21,398,0,11,14,402,1,26,21,18,551,0,29,0,81,0,9,3,3,28,0,3,0,0,0,0,0,0,8,0,0,0,0,0,0,0,1,24,1,4,0,0,0,0,0,0,3,0,0,0,0,0,0,0,2,29,1,6,0,0,0,0,0
"2020-11-05",12,373,1,9,28,350,4,25,20,15,527,1,26,0,81,0,9,3,0,27,0,3,0,0,0,0,0,0,7,0,0,0,0,0,0,0,4,27,0,4,0,0,0,0,0,0,3,0,0,0,0,0,0,0,0,25,0,6,0,0,0,0,0
"2020-11-06",11,344,0,7,8,292,1,22,18,14,481,0,20,0,37,0,2,2,2,25,0,2,0,0,0,0,0,0,5,0,0,0,0,0,0,0,1,25,0,4,0,0,0,0,0,0,1,0,0,0,0,0,0,0,0,23,0,6,0,0,0,0,0
"2020-11-07",3,270,0,5,0,129,0,12,14,5,348,0,14,0,0,0,0,0,0,22,0,2,0,0,0,0,0,0,4,0,0,0,0,0,0,0,0,24,0,2,0,0,0,0,0,0,1,0,0,0,0,0,0,0,1,17,0,4,0,0,0,0,0
"2020-11-08",3,228,0,3,2,96,1,11,13,10,304,2,14,0,0,0,0,0,1,22,0,2,0,0,0,0,0,0,2,0,0,0,0,0,0,0,0,19,0,2,0,0,0,0,0,0,1,0,0,0,0,0,0,0,0,17,0,4,0,0,0,0,0
"2020-11-09",19,218,0,1,0,57,0,8,11,19,279,1,12,0,0,0,0,0,1,19,0,2,0,0,0,0,0,0,2,3,3,0,0,0,0,0,3,21,0,1,25,25,1,1,1,0,1,0,0,0,0,0,0,0,1,14,0,3,0,0,0,0,0
"2020-11-10",11,191,1,2,20,77,1,9,11,19,263,0,8,0,0,0,0,0,2,15,0,2,0,0,0,0,0,1,3,0,3,0,0,0,0,1,0,18,0,1,0,25,0,1,1,0,0,0,0,0,0,0,0,0,1,13,0,3,0,0,0,0,0
"2020-11-11",11,182,0,2,4,75,1,9,9,10,245,1,9,0,0,0,0,0,1,16,0,1,0,0,0,0,0,0,3,0,3,0,0,0,0,1,0,17,0,1,0,25,0,1,1,0,0,0,0,0,0,0,0,0,1,12,0,3,0,0,0,0,0
"2020-11-12",6,172,0,2,6,75,1,9,8,16,238,1,8,0,0,0,0,0,1,14,0,1,0,0,0,0,0,0,3,0,3,0,0,0,0,1,1,18,0,1,0,25,0,1,1,0,0,0,0,0,0,0,0,0,2,13,1,4,6,6,1,1,1
"2020-11-13",6,150,1,3,5,80,1,10,9,9,206,0,8,0,0,0,0,0,1,15,0,0,0,0,0,0,0,0,2,0,3,0,0,0,0,1,2,20,0,1,0,25,0,1,1,0,0,0,0,0,0,0,0,0,0,11,0,4,0,6,0,1,1
"2020-11-14",6,112,0,3,0,39,0,4,4,4,150,0,7,0,0,0,0,0,0,10,0,0,0,0,0,0,0,0,2,0,3,0,0,0,0,1,0,12,0,1,0,25,0,1,1,0,0,0,0,0,0,0,0,0,1,11,0,4,0,6,0,1,1
"2020-11-15",2,103,0,2,5,36,1,4,4,6,139,1,8,0,0,0,0,0,0,9,0,0,0,0,0,0,0,0,1,0,3,0,0,0,0,1,0,12,1,1,0,25,0,1,1,0,0,0,0,0,0,0,0,0,0,11,0,4,0,6,0,1,1
"2020-11-16",15,104,1,3,0,36,0,4,5,19,139,3,9,0,0,0,0,0,3,12,0,0,0,0,0,0,0,2,3,0,3,0,0,0,0,1,2,12,0,1,0,25,0,1,1,0,0,0,0,0,0,0,0,0,3,12,0,1,0,6,0,1,1
"2020-11-17",12,104,0,3,99,135,6,10,8,12,136,0,9,0,0,0,0,0,1,11,0,0,0,0,0,0,0,0,3,0,3,0,0,0,0,1,0,9,0,1,0,25,0,1,1,0,0,0,0,0,0,0,0,0,1,13,0,1,0,6,0,1,1
"2020-11-18",9,103,1,4,39,154,3,12,9,13,142,0,9,0,0,0,0,0,1,12,0,0,0,0,0,0,0,0,3,0,3,0,0,0,0,1,2,11,1,2,0,25,0,1,1,0,0,0,0,0,0,0,0,0,0,13,0,1,0,6,0,1,1
"2020-11-19",11,102,0,4,14,162,1,12,9,12,145,2,10,0,0,0,0,0,1,12,0,0,0,0,0,0,0,3,5,0,3,0,0,0,0,1,4,13,1,3,0,25,0,1,1,0,0,0,0,0,0,0,0,0,1,13,0,1,0,6,0,1,1
"2020-11-20",6,99,0,3,14,176,2,14,11,16,149,0,8,0,0,0,0,0,0,12,0,0,0,0,0,0,0,1,6,0,0,0,0,0,0,0,0,11,0,3,0,25,0,1,1,0,0,0,0,0,0,0,0,0,1,13,0,1,0,6,0,1,1
"2020-11-21",6,92,0,2,11,173,1,14,10,3,115,0,7,0,0,0,0,0,0,8,0,0,0,0,0,0,0,0,6,0,0,0,0,0,0,0,1,11,0,3,0,25,0,1,1,0,0,0,0,0,0,0,0,0,0,10,0,1,0,6,0,1,1
"2020-11-22",2,86,0,2,0,173,0,14,10,7,116,0,6,0,0,0,0,0,0,8,0,0,0,0,0,0,0,0,6,0,0,0,0,0,0,0,0,11,0,3,0,25,0,1,1,0,0,0,0,0,0,0,0,0,1,11,0,1,0,6,0,1,1
"2020-11-23",9,88,2,3,4,164,1,13,10,11,111,1,7,0,0,0,0,0,0,7,0,0,0,0,0,0,0,0,6,0,0,0,0,0,0,0,1,11,0,3,0,25,0,1,1,0,0,0,0,0,0,0,0,0,1,9,0,1,0,6,0,1,1
"2020-11-24",14,95,0,3,10,159,1,12,9,10,111,4,11,0,0,0,0,0,1,8,0,0,0,0,0,0,0,0,6,0,0,0,0,0,0,0,0,10,0,3,0,0,0,0,0,0,0,0,0,0,0,0,0,0,0,9,0,1,0,0,0,0,0
"2020-11-25",9,99,0,3,22,181,4,16,11,10,117,4,15,0,0,0,0,0,1,8,0,0,0,0,0,0,0,0,6,0,0,0,0,0,0,0,2,12,0,3,0,0,0,0,0,0,0,0,0,0,0,0,0,0,0,9,0,1,0,0,0,0,0
"2020-11-26",16,108,0,3,28,209,5,21,14,8,119,1,15,0,0,0,0,0,2,8,0,0,0,0,0,0,0,1,6,0,0,0,0,0,0,0,2,14,0,2,0,0,0,0,0,0,0,0,0,0,0,0,0,0,0,8,0,1,0,0,0,0,0
"2020-11-27",10,108,3,6,19,137,4,20,14,6,115,0,12,0,0,0,0,0,0,7,0,0,0,0,0,0,0,0,5,0,0,0,0,0,0,0,0,12,0,1,0,0,0,0,0,0,0,0,0,0,0,0,0,0,0,5,0,0,0,0,0,0,0
"2020-11-28",9,104,0,6,28,145,7,25,16,3,99,0,11,0,0,0,0,0,1,6,0,0,0,0,0,0,0,0,4,0,0,0,0,0,0,0,0,11,0,1,0,0,0,0,0,0,0,0,0,0,0,0,0,0,0,5,0,0,0,0,0,0,0
"2020-11-29",3,99,0,5,0,126,0,24,15,3,93,0,11,0,0,0,0,0,1,7,0,0,0,0,0,0,0,0,4,0,0,0,0,0,0,0,0,10,0,1,0,0,0,0,0,0,0,0,0,0,0,0,0,0,0,5,0,0,0,0,0,0,0
"2020-11-30",17,107,0,5,8,108,1,19,14,13,98,2,13,0,0,0,0,0,1,7,0,0,0,0,0,0,0,0,3,0,0,0,0,0,0,0,3,10,0,1,0,0,0,0,0,0,0,0,0,0,0,0,0,0,3,8,0,0,0,0,0,0,0
"2020-12-01",19,116,2,6,44,137,3,20,14,15,90,0,12,0,0,0,0,0,0,7,0,0,0,0,0,0,0,1,3,0,0,0,0,0,0,0,1,9,1,2,0,0,0,0,0,0,0,0,0,0,0,0,0,0,2,6,0,0,0,0,0,0,0
"2020-12-02",8,117,0,6,24,161,1,21,15,12,101,1,13,0,0,0,0,0,0,7,0,0,0,0,0,0,0,1,4,0,0,0,0,0,0,0,1,9,0,1,0,0,0,0,0,0,0,0,0,0,0,0,0,0,2,8,0,0,0,0,0,0,0
"2020-12-03",13,124,0,6,12,173,2,23,17,8,101,0,13,0,0,0,0,0,1,8,0,0,0,0,0,0,0,1,4,0,0,0,0,0,0,0,5,14,2,3,0,0,0,0,0,0,0,0,0,0,0,0,0,0,0,8,0,0,0,0,0,0,0
"2020-12-04",20,136,2,8,47,216,7,29,20,5,96,2,14,0,0,0,0,0,0,8,0,0,0,0,0,0,0,0,4,0,0,0,0,0,0,0,3,16,0,3,0,0,0,0,0,0,0,0,0,0,0,0,0,0,2,10,1,1,0,0,0,0,0
"2020-12-05",4,120,0,7,7,206,1,29,19,8,85,0,12,0,0,0,0,0,0,6,0,0,0,0,0,0,0,0,4,0,0,0,0,0,0,0,2,18,0,3,0,0,0,0,0,0,0,0,0,0,0,0,0,0,1,11,0,1,0,0,0,0,0
"2020-12-06",3,112,0,5,6,167,1,25,17,2,78,1,9,0,0,0,0,0,0,6,0,0,0,0,0,0,0,0,4,0,0,0,0,0,0,0,1,16,0,3,0,0,0,0,0,0,0,0,0,0,0,0,0,0,2,13,0,1,0,0,0,0,0
"2020-12-07",21,125,1,5,32,174,3,25,17,21,93,1,9,0,0,0,0,0,2,6,0,0,0,0,0,0,0,0,4,0,0,0,0,0,0,0,1,16,2,5,0,0,0,0,0,0,0,0,0,0,0,0,0,0,2,14,0,1,0,0,0,0,1
"2020-12-08",8,121,3,8,60,196,6,22,18,17,104,0,7,0,0,0,0,0,1,7,0,0,0,0,0,0,0,1,4,0,0,0,0,0,0,0,1,16,0,5,0,0,0,0,0,0,0,0,0,0,0,0,0,0,0,14,0,1,0,0,0,0,1
"2020-12-09",20,136,1,9,53,249,6,28,22,10,111,2,9,0,0,0,0,0,0,4,0,0,0,0,0,0,0,0,4,0,0,0,0,0,0,0,3,19,0,5,0,0,0,0,0,0,0,0,0,0,0,0,0,0,1,15,0,1,0,0,0,0,1
"2020-12-10",13,143,1,10,12,261,2,30,24,5,110,0,9,0,0,0,0,0,1,5,0,0,0,0,0,0,0,0,4,0,0,0,0,0,0,0,1,20,0,5,0,0,0,0,0,0,0,0,0,0,0,0,0,0,3,17,0,1,0,0,0,0,1
"2020-12-11",12,140,0,10,74,307,6,33,24,10,112,0,7,0,0,0,0,0,0,5,0,0,0,0,0,0,0,0,4,0,0,0,0,0,0,0,1,18,0,5,0,0,0,0,0,0,0,0,0,0,0,0,0,0,3,19,0,1,0,0,0,0,1
"2020-12-12",6,132,0,8,8,315,1,34,23,4,100,1,8,0,0,0,0,0,0,5,1,1,0,0,0,0,0,0,2,0,0,0,0,0,0,0,1,19,0,4,0,0,0,0,0,0,0,0,0,0,0,0,0,0,0,18,0,1,0,0,0,0,1
"2020-12-13",5,127,0,8,0,285,0,32,23,2,95,0,7,0,0,0,0,0,0,4,0,1,0,0,0,0,0,0,1,0,0,0,0,0,0,0,1,19,0,4,0,0,0,0,0,0,0,0,0,0,0,0,0,0,0,18,0,1,0,0,0,0,1
"2020-12-14",29,145,2,10,3,216,1,26,21,16,103,2,8,0,0,0,0,0,0,4,0,1,0,0,0,0,0,2,3,0,0,0,0,0,0,0,4,20,0,3,0,0,0,0,0,0,0,0,0,0,0,0,0,0,3,19,1,2,0,0,0,0,0
"2020-12-15",16,138,1,9,130,323,9,31,19,11,107,0,7,0,0,0,0,0,0,4,0,1,0,0,0,0,0,0,3,0,0,0,0,0,0,0,5,21,0,3,0,0,0,0,0,0,0,0,0,0,0,0,0,0,3,18,0,1,0,0,0,0,0
"2020-12-16",13,148,2,10,58,368,5,34,19,6,100,1,8,0,0,0,0,0,0,4,0,1,0,0,0,0,0,0,3,0,0,0,0,0,0,0,1,21,1,4,0,0,0,0,0,0,0,0,0,0,0,0,0,0,1,18,0,1,0,0,0,0,0
"2020-12-17",13,154,0,10,17,359,2,33,21,6,100,0,7,0,0,0,0,0,0,2,0,1,0,0,0,0,0,0,2,0,0,0,0,0,0,0,2,22,0,4,0,0,0,0,0,0,0,0,0,0,0,0,0,0,0,18,0,1,0,0,0,0,0
"2020-12-18",19,156,0,7,92,419,9,39,21,9,93,0,7,0,0,0,0,0,0,2,0,1,0,0,0,0,0,0,2,0,0,0,0,0,0,0,4,25,0,3,0,0,0,0,0,0,0,0,0,0,0,0,0,0,2,19,0,1,0,0,0,0,0
"2020-12-19",3,139,0,7,0,345,0,31,17,4,79,0,7,0,0,0,0,0,0,1,0,1,0,0,0,0,0,0,1,0,0,0,0,0,0,0,0,23,0,3,0,0,0,0,0,0,0,0,0,0,0,0,0,0,0,19,0,1,0,0,0,0,0
"2020-12-20",5,135,1,6,0,340,0,30,17,6,81,0,7,0,0,0,0,0,1,1,0,1,0,0,0,0,0,0,1,0,0,0,0,0,0,0,0,22,0,3,0,0,0,0,0,0,0,0,0,0,0,0,0,0,1,20,2,3,0,0,0,0,0
"2020-12-21",27,150,0,6,4,249,1,23,15,13,86,0,7,0,0,0,0,0,2,3,0,1,0,0,0,0,0,0,1,0,0,0,0,0,0,0,3,23,0,3,0,0,0,0,0,0,0,0,0,0,0,0,0,0,0,15,0,3,0,0,0,0,0
"2020-12-22",13,152,1,7,33,226,5,25,17,11,89,0,6,0,0,0,0,0,0,3,0,0,0,0,0,0,0,0,1,0,0,0,0,0,0,0,1,20,0,1,0,0,0,0,0,0,0,0,0,0,0,0,0,0,1,13,1,4,0,0,0,0,0
"2020-12-23",18,164,0,7,4,230,1,26,17,9,94,0,5,0,0,0,0,0,1,4,0,0,0,0,0,0,0,1,2,0,0,0,0,0,0,0,0,19,0,1,0,0,0,0,0,0,0,0,0,0,0,0,0,0,1,14,0,4,0,0,0,0,0
"2020-12-24",13,169,0,6,12,242,2,28,18,8,97,1,4,0,0,0,0,0,1,5,0,0,0,0,0,0,0,0,2,0,0,0,0,0,0,0,5,22,0,1,0,0,0,0,0,0,0,0,0,0,0,0,0,0,0,14,0,4,0,0,0,0,0
"2020-12-25",8,146,0,6,6,226,1,26,16,6,82,0,2,0,0,0,0,0,1,6,0,0,0,0,0,0,0,0,1,0,0,0,0,0,0,0,1,19,0,1,0,0,0,0,0,0,0,0,0,0,0,0,0,0,0,11,0,3,0,0,0,0,0
"2020-12-26",3,138,1,4,0,212,0,25,16,8,80,0,2,0,0,0,0,0,1,7,0,0,0,0,0,0,0,0,1,0,0,0,0,0,0,0,1,16,0,1,0,0,0,0,0,0,0,0,0,0,0,0,0,0,0,8,0,3,0,0,0,0,0
"2020-12-27",7,133,1,4,0,142,0,19,14,8,84,0,1,0,0,0,0,0,1,8,0,0,0,0,0,0,0,0,1,0,0,0,0,0,0,0,0,14,0,0,0,0,0,0,0,0,0,0,0,0,0,0,0,0,0,8,0,3,0,0,0,0,0
"2020-12-28",25,140,0,4,21,129,1,14,11,14,93,2,3,0,0,0,0,0,1,9,0,0,0,0,0,0,0,0,1,0,0,0,0,0,0,0,1,15,0,0,0,0,0,0,0,0,0,0,0,0,0,0,0,0,0,8,0,3,0,0,0,0,0
"2020-12-29",7,134,0,4,0,71,0,9,11,16,101,0,3,0,0,0,0,0,0,9,0,0,0,0,0,0,0,1,2,0,0,0,0,0,0,0,3,15,0,0,0,0,0,0,0,0,0,0,0,0,0,0,0,0,0,6,0,3,0,0,0,0,0
"2020-12-30",15,144,0,4,0,71,0,9,11,11,108,0,3,0,0,0,0,0,2,11,0,0,0,0,0,0,0,0,2,0,0,0,0,0,0,0,0,15,0,0,0,0,0,0,0,0,0,0,0,0,0,0,0,0,2,6,0,3,0,0,0,0,0
"2020-12-31",19,157,0,3,7,74,1,9,10,12,113,0,3,0,0,0,0,0,1,12,0,0,0,0,0,0,0,0,2,0,0,0,0,0,0,0,2,17,1,1,0,0,0,0,0,0,0,0,0,0,0,0,0,0,3,9,0,3,0,0,0,0,0
"2021-01-01",9,132,0,3,0,64,0,7,7,10,112,0,3,0,0,0,0,0,0,10,0,0,0,0,0,0,0,5,7,0,0,0,0,0,0,0,0,13,0,1,0,0,0,0,0,0,0,0,0,0,0,0,0,0,1,9,0,2,0,0,0,0,0
"2021-01-02",3,128,0,2,0,46,0,5,5,8,117,0,3,0,0,0,0,0,0,8,0,0,0,0,0,0,0,0,7,0,0,0,0,0,0,0,1,14,0,1,0,0,0,0,0,0,0,0,0,0,0,0,0,0,2,11,0,2,0,0,0,0,0
"2021-01-03",6,119,0,2,0,38,0,4,4,10,121,0,3,0,0,0,0,0,0,8,0,0,0,0,0,0,0,1,8,0,0,0,0,0,0,0,0,13,0,1,0,0,0,0,0,0,0,0,0,0,0,0,0,0,0,10,0,2,0,0,0,0,0
"2021-01-04",37,140,0,2,16,44,3,5,5,56,164,2,5,0,0,0,0,0,11,18,0,0,0,0,0,0,0,3,10,0,0,0,0,0,0,0,3,14,0,1,0,0,0,0,0,0,0,0,0,0,0,0,0,0,12,22,2,2,0,0,0,0,0
"2021-01-05",20,156,0,2,25,69,3,8,8,21,176,0,4,0,0,0,0,0,7,24,2,2,0,0,0,0,0,0,10,0,0,0,0,0,0,0,1,15,0,1,0,0,0,0,0,0,0,0,0,0,0,0,0,0,2,24,1,3,0,0,0,0,0
"2021-01-06",19,165,1,2,65,134,6,14,12,17,181,1,5,0,0,0,0,0,0,23,1,3,0,0,0,0,0,0,10,0,0,18,18,1,1,1,0,12,1,2,0,0,0,0,0,0,0,0,0,0,0,0,0,0,1,25,3,6,0,0,0,0,0
"2021-01-07",11,164,2,3,78,191,5,18,15,19,189,1,6,0,0,0,0,0,3,26,0,3,22,22,2,2,1,0,10,0,0,0,18,0,1,1,1,12,0,2,0,0,0,0,0,0,0,0,0,0,0,0,0,0,2,27,0,6,4,4,1,1,1
"2021-01-08",13,163,2,5,73,264,7,25,18,13,191,0,4,0,0,0,0,1,0,25,1,4,0,22,0,2,1,1,10,0,0,0,18,0,1,1,1,12,0,2,0,0,0,0,0,0,0,0,0,0,0,0,0,0,0,25,0,6,3,7,1,2,2
"2021-01-09",5,154,0,5,0,264,0,25,17,11,183,0,4,0,0,0,0,1,1,23,0,4,0,22,0,2,1,0,7,0,0,0,18,0,1,1,0,7,0,2,0,0,0,0,0,0,0,0,0,0,0,0,0,0,0,25,1,7,0,7,0,2,2
"2021-01-10",9,155,0,5,4,261,1,25,17,19,191,0,4,0,0,0,0,1,1,22,0,4,0,22,0,2,1,1,8,0,0,0,18,0,1,1,4,10,0,2,0,0,0,0,0,1,1,0,0,0,0,0,0,0,0,20,1,8,0,7,0,2,2
"2021-01-11",25,163,2,7,67,328,8,33,25,22,198,0,4,0,0,0,0,1,6,28,1,5,52,74,11,13,3,4,11,0,0,0,18,0,1,1,2,9,1,2,0,0,0,0,0,0,1,0,0,0,0,0,0,0,3,22,1,9,4,11,1,3,2
"2021-01-12",20,170,0,7,23,351,4,37,27,13,200,0,4,0,0,0,0,1,1,26,0,5,13,87,2,15,3,1,12,0,0,0,18,0,1,1,2,11,0,2,0,0,0,0,0,0,1,0,0,0,0,0,0,0,2,24,0,9,0,11,0,3,2
"2021-01-13",20,178,1,8,69,420,4,41,29,20,211,0,4,0,0,0,0,1,3,28,1,6,11,98,2,17,5,2,13,0,0,0,18,0,1,1,3,14,0,2,0,0,0,0,0,1,2,0,0,0,0,0,0,0,4,26,3,12,0,11,0,3,2
"2021-01-14",11,179,3,11,27,447,4,45,32,16,209,0,4,0,0,0,0,1,0,26,1,7,37,135,7,24,7,0,13,0,0,0,18,0,1,1,1,15,0,2,0,0,0,0,0,0,2,0,0,0,0,0,0,0,1,25,0,11,3,14,1,4,2
"2021-01-15",27,182,1,12,67,488,8,49,33,16,202,1,3,0,0,0,0,1,2,26,0,7,7,142,3,27,8,1,12,0,0,0,18,0,1,1,2,16,0,2,0,0,0,0,0,0,2,0,0,0,0,0,0,0,4,22,1,10,6,20,2,6,2
"2021-01-16",11,167,0,10,8,360,2,37,23,12,175,0,3,0,0,0,0,1,0,18,0,6,0,112,0,24,7,0,12,0,0,0,0,0,0,0,0,15,0,2,0,0,0,0,0,0,2,0,0,0,0,0,0,0,1,19,0,9,0,16,0,5,2
"2021-01-17",11,169,0,8,6,345,1,36,20,17,181,0,2,0,0,0,0,1,0,17,0,6,6,118,1,25,7,1,12,0,0,0,0,0,0,0,0,15,1,2,0,0,0,0,0,0,2,0,0,0,0,0,0,0,0,17,0,7,0,16,0,5,2
"2021-01-18",27,181,0,8,79,339,7,36,20,18,182,0,1,0,0,0,0,1,7,22,1,6,86,199,15,39,9,0,12,0,0,0,0,0,0,0,0,14,0,2,0,0,0,0,0,0,2,0,0,0,0,0,0,0,9,25,8,15,0,9,0,3,1
"2021-01-19",15,185,3,9,27,319,4,37,22,20,190,1,2,0,0,0,0,1,1,23,2,6,6,205,1,40,11,1,12,0,0,0,0,0,0,0,2,14,0,2,0,0,0,0,0,0,2,0,0,0,0,0,0,0,4,28,5,20,0,9,0,3,1
"2021-01-20",13,189,1,10,36,355,6,43,25,18,194,0,2,0,0,0,0,1,2,23,2,8,19,219,3,42,11,0,10,0,0,0,0,0,0,0,2,14,3,5,0,0,0,0,0,0,2,0,0,0,0,0,0,0,4,28,1,20,14,23,2,5,2
"2021-01-21",19,195,0,9,52,386,6,46,26,29,201,0,2,0,0,0,0,1,2,21,0,8,26,245,3,45,11,2,12,0,0,0,0,0,0,0,1,12,0,5,0,0,0,0,0,0,1,0,0,0,0,0,0,0,7,35,0,19,0,18,0,3,2
"2021-01-22",23,197,4,11,88,419,9,49,29,15,203,0,2,0,0,0,0,1,2,21,1,9,23,186,5,33,10,2,10,0,0,0,0,0,0,0,0,11,0,4,0,0,0,0,0,0,1,0,0,0,0,0,0,0,4,36,0,18,22,36,3,5,2
"2021-01-23",10,186,1,12,0,414,0,48,29,13,188,3,5,0,0,0,0,0,2,20,1,9,7,174,1,31,9,0,8,0,0,0,0,0,0,0,0,9,0,4,0,0,0,0,0,0,1,0,0,0,0,0,0,0,2,37,0,15,0,36,0,5,2
"2021-01-24",4,175,0,10,0,379,0,45,28,18,190,1,6,0,0,0,0,0,3,21,0,8,0,174,0,31,9,0,8,0,0,0,0,0,0,0,0,7,0,4,0,0,0,0,0,0,0,0,0,0,0,0,0,0,0,34,1,16,0,36,0,5,2
"2021-01-25",76,232,6,16,96,419,10,48,28,80,255,5,11,0,0,0,0,0,16,37,0,7,0,164,0,29,9,1,8,0,0,0,0,0,0,0,0,6,0,4,0,0,0,0,0,0,0,0,0,0,0,0,0,0,4,38,3,19,3,39,1,6,3
"2021-01-26",28,243,0,15,129,506,15,56,31,28,267,20,30,31,31,2,2,2,11,46,4,11,15,147,3,26,9,2,8,1,1,0,0,0,0,0,2,7,0,4,0,0,0,0,0,0,0,0,0,0,0,0,0,0,2,36,3,21,8,47,1,7,3
"2021-01-27",13,241,0,15,49,549,4,59,34,13,269,9,39,45,76,2,4,4,5,50,0,11,25,172,4,30,10,0,8,0,1,0,0,0,0,0,0,7,1,5,0,0,0,0,0,0,0,0,0,0,0,0,0,0,2,37,3,23,8,55,2,9,4
"2021-01-28",11,236,3,18,63,565,6,59,35,13,265,4,42,91,167,4,8,8,0,45,1,11,18,171,2,29,10,0,8,0,1,0,0,0,0,0,2,9,0,5,0,0,0,0,0,0,0,0,0,0,0,0,0,0,1,36,0,23,9,64,3,12,4
"2021-01-29",15,232,6,23,191,692,13,67,41,16,264,6,48,292,441,17,24,19,1,42,1,10,10,137,2,22,10,1,9,0,1,0,0,0,0,0,1,10,0,4,0,0,0,0,0,0,0,0,0,0,0,0,0,0,4,31,0,15,18,82,3,15,4
"2021-01-30",4,216,0,21,70,724,4,65,40,4,233,4,44,99,540,5,29,24,0,40,0,9,0,129,0,21,10,0,8,0,1,0,0,0,0,0,5,14,0,4,0,0,0,0,0,0,0,0,0,0,0,0,0,0,0,28,0,9,0,50,0,10,3
"2021-01-31",5,208,1,21,0,677,0,60,38,12,232,1,45,34,574,2,31,26,0,39,0,9,0,90,0,15,8,0,8,0,1,0,0,0,0,0,0,13,1,3,0,0,0,0,0,0,0,0,0,0,0,0,0,0,0,25,0,9,0,50,0,10,3
"2021-02-01",83,257,6,24,409,1013,26,78,49,128,328,19,62,539,1113,23,54,40,19,57,3,11,25,108,4,16,10,1,5,0,1,0,0,0,0,0,3,16,0,3,0,0,0,0,0,0,0,0,0,0,0,0,0,0,4,22,1,10,18,61,2,11,3
"2021-02-02",32,275,2,24,330,1294,25,97,57,20,321,7,69,309,1422,19,73,45,4,50,2,12,13,88,2,14,9,2,7,0,1,0,0,0,0,0,2,16,0,3,0,0,0,0,0,0,0,0,0,0,0,0,0,0,3,25,0,10,8,69,1,12,4
"2021-02-03",11,276,1,24,237,1512,16,112,60,13,307,11,77,247,1651,10,82,51,4,51,2,13,7,88,1,14,8,0,7,0,1,0,0,0,0,0,2,17,0,3,0,0,0,0,0,0,0,0,0,0,0,0,0,0,2,23,0,9,23,92,4,16,4
"2021-02-04",8,258,7,28,94,1547,5,112,60,19,283,11,84,319,1796,15,90,60,0,44,0,13,33,106,8,19,8,0,7,0,0,0,0,0,0,0,0,17,0,3,0,0,0,0,0,0,0,0,0,0,0,0,0,0,1,23,1,8,19,93,3,17,4
"2021-02-05",16,230,5,31,137,1606,10,114,60,16,261,9,85,299,2031,14,101,61,0,28,0,12,8,107,2,20,9,2,8,0,0,0,0,0,0,0,0,17,0,3,0,0,0,0,0,0,0,0,0,0,0,0,0,0,1,20,1,6,13,90,5,20,3
"2021-02-06",7,203,2,33,38,1488,2,100,52,11,233,3,78,180,1989,8,99,57,1,25,0,9,0,102,0,19,8,1,7,0,0,0,0,0,0,0,1,16,0,2,0,0,0,0,0,0,0,0,0,0,0,0,0,0,0,18,0,5,0,82,0,18,3
"2021-02-07",3,189,1,30,0,1430,0,95,51,8,228,2,69,61,1889,3,95,58,0,22,0,9,0,102,0,19,8,0,7,1,1,0,0,0,0,0,0,15,0,2,0,0,0,0,0,0,0,0,0,0,0,0,0,0,1,19,1,5,0,73,0,15,2
"2021-02-08",4,182,1,29,12,1311,1,87,47,19,235,6,72,0,1804,0,91,54,2,23,0,8,0,79,0,16,7,1,8,0,1,30,30,1,1,1,2,16,1,3,0,0,0,0,0,0,0,0,0,0,0,0,0,0,3,18,1,6,14,69,2,14,1
"2021-02-09",57,223,4,29,414,1547,27,104,54,80,300,10,77,169,1670,8,83,49,10,30,1,7,28,90,4,18,7,2,10,0,1,0,30,0,1,1,1,17,0,3,0,0,0,0,0,0,0,0,0,0,0,0,0,0,4,20,8,14,0,69,0,14,1
"2021-02-10",15,233,1,28,49,1538,5,105,53,16,300,12,81,322,1920,14,92,56,0,30,0,7,11,95,2,19,6,0,9,0,1,16,46,3,4,2,4,15,3,6,0,0,0,0,0,0,0,0,0,0,0,0,0,0,2,21,0,14,23,92,2,16,1
"2021-02-11",8,191,2,27,125,1416,7,94,51,15,269,5,84,201,1806,10,83,58,0,20,2,8,0,73,0,15,5,1,10,0,1,0,46,0,4,2,4,19,0,4,0,0,0,0,0,0,0,0,0,0,0,0,0,0,3,22,0,13,4,96,1,17,2
"2021-02-12",7,168,6,31,269,1402,16,92,47,10,235,6,83,201,1720,11,81,60,0,17,0,6,23,73,6,15,5,0,9,0,1,0,46,0,4,2,0,17,2,6,0,0,0,0,0,0,0,0,0,0,0,0,0,0,0,22,0,13,15,102,3,19,3
"2021-02-13",8,142,0,29,61,1132,5,71,44,7,212,4,73,19,1368,1,65,50,0,12,0,1,0,47,0,8,4,0,8,0,1,0,46,0,4,2,0,16,0,6,0,0,0,0,0,0,0,0,0,0,0,0,0,0,0,16,0,13,0,79,0,15,3
"2021-02-14",6,141,0,27,0,1028,0,64,43,8,206,6,64,55,1211,3,58,45,0,11,0,1,0,40,0,7,3,0,8,0,1,0,46,0,4,2,1,16,0,6,0,0,0,0,0,0,0,0,0,0,0,0,0,0,1,16,0,11,0,56,0,11,2
"2021-02-15",38,165,8,26,185,1056,13,67,45,37,229,38,90,422,1387,20,67,44,1,12,2,3,18,50,3,8,5,1,9,0,1,0,46,0,4,2,12,28,9,15,0,0,0,0,1,0,0,0,0,0,0,0,0,0,1,13,0,10,0,43,0,6,2
"2021-02-16",18,170,5,28,224,1249,14,79,50,16,222,11,96,233,1488,10,71,44,1,13,0,3,29,79,7,15,6,2,10,0,1,0,46,0,4,3,4,32,2,17,0,0,0,0,1,0,0,0,0,0,0,0,0,0,1,14,0,10,0,43,0,6,2
"2021-02-17",10,171,5,31,174,1404,9,87,53,8,222,12,106,154,1546,7,74,47,0,11,1,4,7,57,1,9,6,0,10,0,0,0,46,0,4,3,3,33,1,18,94,94,4,4,4,0,0,0,0,0,0,0,0,0,1,15,0,9,0,43,0,6,2
"2021-02-18",13,181,2,33,153,1557,11,98,57,13,221,11,113,415,1946,18,91,54,0,10,0,4,0,52,0,8,5,1,11,0,0,0,46,0,4,3,6,39,5,23,0,94,0,4,4,0,0,0,0,0,0,0,0,0,0,12,2,10,0,43,0,6,2
"2021-02-19",24,174,6,39,395,1669,24,104,59,13,202,20,128,359,2188,16,102,56,2,6,0,4,0,20,0,3,2,1,11,0,0,0,16,0,3,3,6,43,2,24,92,186,5,9,6,2,2,0,0,0,0,0,0,0,0,11,0,10,0,29,0,3,2
"2021-02-20",10,152,2,35,12,1551,1,96,52,12,152,10,105,94,1916,5,87,49,0,4,0,3,0,20,0,3,2,1,8,0,0,0,0,0,0,2,2,38,0,23,50,198,2,9,5,0,2,0,0,0,0,0,0,0,2,10,0,2,0,0,0,0,0
"2021-02-21",5,147,1,36,30,1482,2,93,51,13,150,11,107,0,1712,0,77,42,0,4,0,2,0,7,0,1,1,1,8,1,1,0,0,0,0,2,2,33,2,23,0,198,0,9,5,0,2,0,0,0,0,0,0,0,0,7,0,2,0,0,0,0,0
"2021-02-22",43,177,4,37,254,1478,21,100,51,48,183,34,134,47,1598,2,71,42,6,10,0,1,0,7,0,1,1,1,8,3,4,0,0,0,0,1,4,36,11,34,30,228,1,10,6,0,2,0,0,0,0,0,0,1,0,6,0,2,0,0,0,0,0
"2021-02-23",10,182,2,36,86,1467,7,100,49,16,181,26,157,108,1664,7,76,46,3,13,0,1,0,7,0,1,1,2,10,0,4,0,0,0,0,1,3,38,6,38,22,238,1,10,7,0,2,0,0,0,0,0,0,1,0,6,0,2,0,0,0,0,0
"2021-02-24",7,182,5,40,113,1505,8,104,52,19,193,24,179,77,1712,3,78,48,0,13,0,1,0,7,0,1,1,0,10,1,5,0,0,0,0,1,1,38,5,43,0,157,0,7,6,0,2,0,0,0,0,0,0,1,2,8,0,2,0,0,0,0,0
"2021-02-25",11,170,2,36,106,1530,8,105,57,22,203,30,203,332,1730,16,80,50,0,13,0,1,0,7,0,1,1,0,9,0,5,0,0,0,0,1,2,39,4,47,43,175,2,8,7,0,2,0,0,0,0,0,0,1,0,7,0,2,0,0,0,0,0
"2021-02-26",15,163,2,34,96,1465,7,100,58,17,196,14,201,360,1771,23,88,58,1,14,0,1,0,7,0,1,1,0,8,0,5,0,0,0,0,1,4,39,6,45,55,230,2,10,9,0,2,0,0,0,0,0,0,1,0,6,0,2,0,0,0,0,0
"2021-02-27",3,154,0,29,38,1357,3,96,58,10,192,7,191,138,1520,6,78,53,0,13,0,1,0,0,0,0,0,0,8,0,5,0,0,0,0,1,1,35,4,44,0,230,0,10,9,0,2,0,0,0,0,0,0,1,0,5,0,2,0,0,0,0,0
"2021-02-28",2,137,0,24,0,1159,0,83,51,3,186,10,195,28,1364,1,71,49,0,13,0,1,0,0,0,0,0,0,7,0,5,0,0,0,0,1,7,39,1,44,0,230,0,10,9,0,2,0,0,0,0,0,0,1,0,4,0,1,0,0,0,0,0
"2021-03-01",39,148,1,23,208,923,11,67,51,52,222,103,270,536,1592,39,95,55,7,18,0,1,7,7,1,1,1,2,8,1,3,5,5,1,1,2,6,36,19,61,186,400,7,16,11,0,2,0,0,0,0,0,0,1,0,4,1,1,0,0,0,0,0
"2021-03-02",9,148,1,20,125,918,7,65,52,10,217,20,278,434,1928,21,112,66,0,15,1,2,9,16,1,2,2,0,7,0,3,0,5,0,1,1,10,43,9,68,35,421,2,17,12,0,2,0,0,0,0,0,0,1,0,4,0,1,30,30,3,3,1
"2021-03-03",10,150,1,19,51,935,4,67,51,21,228,35,301,687,2551,32,140,81,3,18,0,2,0,16,0,2,2,0,6,0,3,0,5,0,1,1,6,47,11,77,77,475,3,19,13,0,0,0,0,25,25,1,1,1,1,3,0,1,0,30,0,3,1
"2021-03-04",6,128,3,21,117,837,7,57,46,11,208,23,307,604,3066,27,163,92,1,18,0,2,0,16,0,2,2,1,6,1,3,0,0,0,0,0,2,46,6,79,155,540,6,22,17,0,0,0,0,0,25,0,1,1,2,5,0,1,11,41,2,5,2
"2021-03-05",10,118,1,18,83,828,5,53,42,20,207,20,305,896,3689,44,191,98,0,17,0,2,0,16,0,2,2,0,5,2,4,0,0,0,0,0,3,47,8,75,76,594,3,24,17,0,0,0,0,0,25,0,1,1,0,5,0,1,0,41,0,5,2
"2021-03-06",3,108,0,13,40,786,2,49,39,7,182,10,246,319,3698,15,190,95,1,11,0,1,0,16,0,2,2,0,3,1,5,0,0,0,0,0,4,47,3,71,0,538,0,22,16,0,0,0,0,0,25,0,1,1,0,4,0,1,0,41,0,5,2
"2021-03-07",5,105,0,10,0,697,0,43,34,12,181,8,239,66,3639,3,185,94,0,11,0,1,0,16,0,2,2,0,3,1,6,0,0,0,0,0,1,48,3,69,0,499,0,20,14,0,0,0,0,0,25,0,1,1,0,4,0,1,0,41,0,5,2
"2021-03-08",26,122,2,11,150,719,8,41,31,48,203,56,271,551,3898,25,194,105,2,13,2,3,18,34,2,4,3,0,3,0,6,0,0,0,0,0,6,49,13,78,201,642,10,28,18,0,0,0,0,0,25,0,1,2,1,5,0,1,6,47,1,6,2
"2021-03-09",19,132,2,11,155,823,11,49,35,20,209,29,287,373,3979,18,192,111,2,14,1,4,9,43,1,5,4,2,5,1,7,0,0,0,0,0,7,52,12,85,268,849,12,38,26,0,0,0,0,0,25,0,1,2,0,5,0,1,0,47,0,6,2
"2021-03-10",11,134,2,13,57,880,4,53,36,15,216,23,302,473,4383,27,216,115,1,15,0,4,6,49,1,6,5,1,6,1,8,6,6,2,2,1,5,57,12,94,212,1035,10,47,31,0,0,1,1,0,25,0,1,2,1,6,1,2,0,47,0,6,2
"2021-03-11",18,136,1,14,236,975,16,61,42,25,226,19,274,456,4376,24,214,118,2,16,1,5,24,57,3,7,4,1,7,1,9,0,6,0,2,1,3,50,13,102,245,1164,9,51,34,0,0,0,1,0,25,0,1,2,0,5,1,3,0,47,0,6,2
"2021-03-12",15,135,1,15,363,1235,22,78,45,31,231,28,261,832,4704,38,229,127,2,16,0,5,10,67,1,8,4,1,6,1,9,0,6,0,2,1,4,48,22,114,380,1501,14,63,37,0,0,0,1,0,0,0,0,1,2,7,0,3,0,47,0,6,2
"2021-03-13",9,128,0,14,0,1156,0,73,42,7,215,11,228,204,3864,11,192,113,3,16,0,4,0,58,0,7,4,1,7,0,8,0,6,0,2,1,1,40,5,99,86,1457,3,60,35,0,0,0,1,0,0,0,0,1,0,7,0,3,0,17,0,3,1
"2021-03-14",8,127,1,13,35,1104,2,69,37,11,210,9,216,89,3576,4,179,106,0,15,0,4,0,58,0,7,4,2,9,0,7,0,6,0,2,1,2,38,3,89,53,1364,2,57,34,0,0,0,1,0,0,0,0,1,1,8,0,3,0,17,0,3,1
"2021-03-15",39,156,7,18,176,1115,10,70,38,55,246,56,247,1280,3972,61,198,113,5,19,2,6,20,78,3,10,5,5,13,1,7,0,6,0,2,1,9,44,31,116,393,1626,15,66,36,1,1,0,1,0,0,0,0,1,1,9,0,3,0,17,0,3,1
"2021-03-16",23,172,2,19,196,1311,12,82,45,24,256,49,278,891,4408,43,216,120,1,20,0,6,7,75,1,10,4,1,14,3,10,0,6,0,2,1,7,47,27,130,230,1809,8,72,39,0,1,0,1,96,96,4,4,3,0,6,0,2,0,6,0,1,1
"2021-03-17",14,180,7,26,100,1411,6,88,47,22,265,34,304,879,5236,41,255,133,2,21,0,6,20,95,3,13,6,0,14,1,10,0,6,0,2,1,5,51,26,152,453,2232,18,89,43,0,1,0,1,0,96,0,4,3,0,6,0,2,0,6,0,1,1
"2021-03-18",17,180,3,27,89,1416,6,89,45,11,259,38,322,994,5735,46,274,135,1,21,0,6,16,103,3,15,6,1,14,4,14,0,6,0,2,1,4,52,29,174,392,2294,17,91,44,0,1,0,1,0,96,0,4,3,0,5,0,2,0,0,0,0,0
"2021-03-19",13,181,0,27,235,1526,14,94,48,40,279,39,331,1087,6420,53,308,148,1,21,0,4,41,137,7,20,7,1,15,1,15,0,6,0,2,1,9,57,29,198,470,2551,19,100,43,0,1,1,2,0,96,0,4,2,0,5,0,2,0,0,0,0,0
"2021-03-20",13,175,3,26,22,1335,1,81,42,11,250,14,299,287,5643,14,271,136,4,21,0,3,0,104,0,14,4,0,14,0,14,0,0,0,0,0,6,52,9,196,160,2407,7,95,41,0,1,0,2,0,96,0,4,2,0,4,0,2,0,0,0,0,0
"2021-03-21",12,173,0,23,0,1156,0,69,38,9,243,21,292,41,5371,2,255,132,0,19,0,3,0,87,0,12,4,0,12,0,14,0,0,0,0,0,3,52,3,186,18,2175,1,86,40,1,2,1,2,0,96,0,4,2,1,5,0,0,0,0,0,0,0
"2021-03-22",43,202,5,27,264,1217,17,74,40,61,281,65,326,1052,5420,50,259,135,2,19,0,2,21,91,3,13,4,1,11,5,17,0,0,0,0,0,13,61,40,206,373,2113,15,86,42,1,3,0,2,0,73,0,3,1,0,3,0,0,0,0,0,0,0
"2021-03-23",15,199,4,31,161,1205,11,75,43,35,291,34,341,813,5891,35,278,139,1,17,0,2,7,84,1,12,5,0,9,2,19,0,0,0,0,0,2,59,28,218,514,2558,20,103,44,0,3,1,3,0,73,0,3,2,4,7,0,0,0,0,0,0,0
"2021-03-24",14,212,2,33,161,1316,10,82,48,29,309,40,368,869,6607,43,314,150,1,18,0,2,19,89,3,13,6,0,9,1,20,0,0,0,0,0,5,62,33,245,270,2745,11,111,46,2,5,0,3,0,73,0,3,2,0,7,0,0,5,5,1,1,1
"2021-03-25",20,201,7,35,144,1288,9,81,43,25,306,35,376,933,6621,46,317,149,2,15,0,0,0,71,0,10,5,1,9,0,19,0,0,0,0,0,5,63,15,248,432,2937,18,119,49,2,7,0,3,0,73,0,3,2,2,7,0,0,15,20,3,4,1
"2021-03-26",21,198,1,32,150,1273,11,82,42,31,313,43,381,1149,7071,52,334,159,1,15,0,0,0,64,0,9,4,0,5,3,21,0,0,0,0,0,8,66,20,253,371,3032,14,123,48,0,7,2,5,30,30,1,1,3,3,10,0,0,0,20,0,4,1
"2021-03-27",9,181,1,29,57,1140,3,72,43,9,274,15,346,172,6009,8,284,145,0,14,0,0,0,44,0,7,3,0,4,0,15,0,0,0,0,0,3,62,6,230,45,2691,3,109,44,0,6,0,5,0,30,0,1,4,0,9,1,1,56,76,10,14,1
"2021-03-28",4,168,0,26,0,1037,0,66,39,10,273,12,327,188,5558,8,262,140,0,14,0,0,0,44,0,7,3,0,4,0,14,0,0,0,0,0,1,60,12,220,27,2397,1,97,44,0,6,0,5,0,30,0,1,4,1,10,1,2,11,87,2,16,1
"2021-03-29",39,191,4,29,286,1101,20,73,47,56,303,39,329,1055,5374,48,249,133,1,15,0,0,0,15,0,3,1,1,3,0,9,11,11,1,1,1,17,64,30,207,359,2294,14,93,45,0,6,2,7,0,30,0,1,4,2,12,2,4,0,87,0,16,1
"2021-03-30",16,189,2,30,135,1176,8,78,52,30,306,37,332,553,5562,25,258,131,1,16,1,1,5,13,1,3,1,2,5,1,10,0,11,0,1,1,7,66,19,205,203,2353,9,96,44,0,6,1,7,0,30,0,1,4,2,14,4,8,16,103,2,18,1
"2021-03-31",16,197,1,26,174,1333,11,88,58,17,309,29,341,693,6115,31,283,139,2,12,0,1,12,25,2,5,3,1,6,0,9,23,34,2,3,1,4,66,15,216,418,2669,16,107,49,0,6,0,7,0,30,0,1,4,2,16,3,11,5,108,1,19,1
"2021-04-01",6,172,1,26,0,1152,0,74,52,12,272,20,312,137,5567,7,257,129,0,9,0,1,0,25,0,5,3,0,6,0,7,0,34,0,3,1,4,62,7,206,16,2306,1,93,48,1,6,1,8,0,30,0,1,4,2,16,5,16,0,99,0,17,1
"2021-04-02",8,161,2,22,19,986,1,64,46,17,255,23,310,20,4889,1,227,114,0,7,1,2,10,35,2,7,5,1,7,0,5,0,21,0,2,1,2,58,6,183,21,1922,1,78,45,0,5,0,8,0,30,0,1,4,1,16,5,21,8,80,1,13,2
"2021-04-03",8,153,3,19,12,870,1,56,41,13,227,16,272,24,3407,1,157,88,3,10,0,2,0,22,0,4,4,0,6,0,4,0,21,0,2,1,2,58,5,151,0,1645,0,68,41,1,6,0,7,0,30,0,1,3,0,14,0,21,0,29,0,4,2
"2021-04-04",2,137,0,16,0,688,0,46,33,10,213,7,240,0,2808,0,128,75,1,11,0,2,0,22,0,4,4,0,6,0,4,0,21,0,2,1,2,56,3,139,0,1363,0,57,37,1,5,0,7,0,30,0,1,3,0,14,0,21,0,29,0,4,2
"2021-04-05",3,122,0,14,0,620,0,41,30,13,211,7,211,10,1984,2,91,56,3,12,0,2,0,22,0,4,4,0,5,0,1,0,21,0,2,1,1,51,4,126,0,1054,0,44,27,0,3,0,6,0,0,0,0,2,0,13,0,21,0,8,0,1,1
"2021-04-06",13,126,1,15,0,559,0,37,28,21,207,24,214,11,1772,1,82,51,10,22,1,3,4,26,1,5,5,1,6,1,2,0,21,0,2,1,7,50,9,115,55,869,2,35,26,0,3,0,4,0,0,0,0,2,1,12,1,21,5,13,1,2,2
"2021-04-07",7,123,2,16,0,559,0,37,27,22,216,19,209,24,1652,1,77,46,0,20,0,3,0,26,0,5,5,1,7,0,2,0,21,0,2,1,2,45,7,111,0,839,0,34,25,0,3,0,4,0,0,0,0,1,0,12,1,22,31,44,2,4,2
"2021-04-08",9,103,0,13,4,402,1,26,20,18,197,26,215,0,1210,0,57,37,2,21,0,3,0,26,0,5,5,0,6,1,3,0,10,0,1,1,5,44,12,104,0,571,0,23,19,2,5,0,4,0,0,0,0,1,1,12,1,22,26,44,1,4,2
"2021-04-09",8,92,1,12,0,193,0,13,10,26,196,29,220,32,846,2,42,29,1,21,2,5,0,26,0,5,5,0,4,0,3,0,0,0,0,0,8,45,17,111,0,385,0,16,15,0,5,0,2,0,0,0,0,0,0,10,0,15,0,44,0,4,2
"2021-04-10",5,77,0,11,0,23,0,2,2,11,177,12,200,0,92,0,7,5,0,20,0,4,0,14,0,3,3,0,2,1,4,0,0,0,0,0,2,33,2,88,0,120,0,5,7,0,4,0,1,0,0,0,0,0,0,6,0,14,0,44,0,4,2
"2021-04-11",4,74,1,10,0,4,0,1,1,14,179,14,194,17,70,1,6,4,0,20,0,4,0,14,0,3,3,0,2,1,5,0,0,0,0,0,0,31,4,81,29,29,1,1,3,0,4,0,1,0,0,0,0,0,1,5,0,9,0,44,0,4,2
"2021-04-12",20,87,2,11,73,77,4,5,5,47,214,85,254,184,254,10,16,12,3,22,0,4,11,19,2,4,4,1,3,0,5,0,0,0,0,0,9,39,27,95,99,128,4,5,7,0,4,1,1,0,0,0,0,0,2,6,0,6,5,41,1,4,2
"2021-04-13",5,82,2,12,31,108,2,7,6,14,215,28,256,463,717,24,40,28,1,22,1,4,0,15,0,3,3,0,3,1,5,0,0,0,0,0,4,40,10,98,183,311,7,12,13,0,4,0,1,0,0,0,0,0,4,10,0,3,0,41,0,4,2
"2021-04-14",3,81,0,10,51,159,3,10,9,9,209,28,270,368,1085,16,56,36,0,19,1,5,0,15,0,3,3,0,3,0,5,0,0,0,0,0,3,43,17,109,116,427,4,16,16,0,3,0,1,0,0,0,0,0,2,12,0,3,6,47,1,5,2
"2021-04-15",6,83,1,10,73,232,5,15,13,17,213,21,278,586,1671,30,86,50,2,18,0,5,0,15,0,3,3,0,3,2,7,0,0,0,0,0,1,39,7,113,82,509,4,20,18,0,2,1,2,0,0,0,0,0,0,11,1,4,6,53,1,6,2
"2021-04-16",8,81,2,11,125,357,9,24,20,6,204,18,285,537,2208,26,112,69,1,15,0,5,5,20,1,4,3,0,3,2,9,0,0,0,0,0,2,40,11,114,92,601,3,23,19,0,1,0,2,0,0,0,0,1,0,10,0,4,0,48,0,5,2
"2021-04-17",2,73,1,12,21,378,1,25,21,1,164,4,249,123,2310,5,114,71,1,10,0,4,0,16,0,3,2,2,4,0,8,0,0,0,0,0,1,36,5,106,0,601,0,23,20,0,1,1,3,0,0,0,0,1,0,10,0,2,0,17,0,3,2
"2021-04-18",4,67,0,9,0,378,0,25,21,7,160,7,232,98,2408,4,118,73,0,9,0,4,0,16,0,3,2,0,2,0,7,0,0,0,0,0,4,38,4,101,75,676,3,26,20,0,1,0,3,24,24,1,1,1,0,10,1,2,0,17,0,3,2
"2021-04-19",17,74,1,9,76,450,4,28,22,23,155,35,236,509,2867,24,139,86,6,15,0,2,15,31,2,5,3,1,3,0,7,0,0,0,0,1,4,34,14,106,237,913,9,35,26,0,0,0,3,0,24,0,1,1,0,9,2,4,0,12,0,2,2
"2021-04-20",3,70,7,16,108,558,7,35,27,8,144,22,232,290,3107,14,151,90,2,16,0,2,8,39,1,6,3,0,3,1,7,0,0,0,0,1,3,34,14,107,354,1238,13,47,31,0,0,0,3,0,24,0,1,1,0,9,0,4,0,12,0,2,2
"2021-04-21",4,71,3,19,102,660,6,41,30,7,136,16,234,403,3471,18,167,96,2,18,0,2,0,39,0,6,3,0,3,4,10,0,0,0,0,1,3,35,8,111,196,1434,7,54,35,0,0,0,3,0,24,0,1,1,0,8,0,4,0,12,0,2,2
"2021-04-22",8,67,1,18,90,674,7,44,33,6,120,16,226,433,3582,20,171,94,1,18,1,3,8,36,1,5,3,0,3,0,10,0,0,0,0,1,3,31,6,107,243,1529,10,58,37,0,0,0,3,0,24,0,1,1,0,7,1,5,0,12,0,2,2
"2021-04-23",15,71,0,17,134,746,7,47,36,9,110,12,193,259,3344,12,157,82,1,18,0,2,0,36,0,5,3,0,3,0,9,0,0,0,0,1,3,30,6,97,144,1526,6,58,37,0,0,0,2,0,24,0,1,1,0,3,1,6,0,6,0,1,1
"2021-04-24",1,68,5,21,56,751,3,47,36,3,83,11,157,67,2580,3,121,68,1,16,0,2,0,23,0,3,2,0,3,1,9,0,0,0,0,1,0,25,1,78,0,1265,0,49,31,0,0,0,2,0,24,0,1,1,0,0,0,4,0,0,0,0,0
"2021-04-25",1,65,0,21,0,641,0,40,32,6,78,5,140,45,2187,2,103,55,0,14,0,1,0,23,0,3,2,1,4,0,8,0,0,0,0,1,0,23,0,70,0,1244,0,48,31,0,0,0,2,0,24,0,1,1,0,0,0,4,0,0,0,0,0
"2021-04-26",8,70,1,22,33,626,2,38,31,11,80,15,133,0,1655,0,77,42,3,16,0,1,0,8,0,1,1,0,4,0,2,0,0,0,0,1,1,23,2,64,0,1085,0,42,28,0,0,0,1,0,24,0,1,1,2,2,0,4,0,0,0,0,0
"2021-04-27",4,66,0,19,0,558,0,34,28,6,80,15,140,0,1597,0,74,40,0,15,0,1,0,8,0,1,1,0,3,1,3,0,0,0,0,1,1,20,3,60,0,1085,0,42,28,0,0,0,1,0,24,0,1,1,0,2,0,4,0,0,0,0,0
"2021-04-28",10,71,1,20,38,596,3,37,31,18,93,18,154,0,1539,0,71,39,1,16,0,1,0,8,0,1,1,1,3,0,3,0,0,0,0,1,2,22,6,61,0,1085,0,42,26,1,1,0,0,0,24,0,1,1,0,2,0,3,0,0,0,0,0
"2021-04-29",10,70,2,20,0,525,0,33,29,12,96,14,155,0,1326,0,61,33,2,14,1,2,0,8,0,1,1,1,3,0,3,0,0,0,0,1,0,20,2,52,0,727,0,28,19,0,1,0,0,0,24,0,1,1,0,2,0,3,0,0,0,0,0
"2021-04-30",8,69,3,19,69,476,4,30,26,10,97,14,142,0,951,0,43,23,0,12,1,3,0,8,0,1,1,0,3,1,4,0,0,0,0,0,1,18,9,49,0,416,0,16,12,0,1,0,0,0,24,0,1,1,1,3,0,2,0,0,0,0,0
"2021-05-01",3,67,0,12,0,392,0,23,20,4,89,6,129,0,654,0,29,18,4,12,0,2,0,0,0,0,0,0,3,2,5,0,0,0,0,0,2,15,6,47,0,311,0,12,10,0,1,0,0,0,24,0,1,1,0,3,1,3,0,0,0,0,0
"2021-05-02",5,66,0,11,19,312,1,18,16,5,87,13,132,32,490,3,23,14,1,13,1,3,0,0,0,0,0,0,3,1,6,0,0,0,0,0,0,11,5,44,27,179,1,7,7,0,1,0,0,0,24,0,1,1,0,3,0,2,0,0,0,0,0
"2021-05-03",15,74,0,11,63,203,5,14,13,35,115,69,190,154,260,7,13,8,5,17,2,5,0,0,0,0,0,1,4,0,6,9,9,1,1,1,5,14,11,48,95,195,5,9,7,0,1,2,2,0,0,0,0,1,1,4,0,1,25,25,4,4,1
"2021-05-04",0,66,2,9,63,266,4,18,17,15,123,24,198,485,671,21,31,19,0,17,0,5,0,0,0,0,0,0,3,0,6,0,9,0,1,1,1,14,11,56,150,272,6,12,10,1,2,0,2,0,0,0,0,1,1,5,0,1,0,0,0,0,0
"2021-05-05",3,68,4,13,28,285,2,19,17,5,123,19,212,543,1214,31,62,37,0,16,1,6,0,0,0,0,0,0,3,1,7,0,9,0,1,1,1,15,15,70,126,398,7,19,14,0,2,0,2,0,0,0,0,2,0,5,0,1,0,0,0,0,0
"2021-05-06",0,61,0,13,66,331,4,21,17,5,118,15,212,476,1690,21,83,54,0,15,0,5,0,0,0,0,0,0,3,0,7,14,23,1,2,2,2,16,12,78,218,616,10,29,20,0,2,0,2,0,0,0,0,2,1,6,0,1,7,7,1,1,1
"2021-05-07",4,62,0,12,120,451,7,28,21,8,122,11,212,673,2344,32,114,70,1,16,0,5,23,23,3,3,2,1,4,0,7,0,23,0,2,2,0,16,6,82,131,747,5,34,23,0,2,0,2,0,0,0,0,2,0,6,0,1,0,7,0,1,1
"2021-05-08",0,53,0,11,0,419,0,26,19,4,108,9,199,46,2365,2,115,70,0,14,0,5,0,23,0,3,2,0,3,0,6,0,23,0,2,2,0,12,2,76,60,777,4,37,22,0,2,0,2,0,0,0,0,2,0,4,0,1,0,7,0,1,1
"2021-05-09",1,47,1,12,0,419,0,26,19,3,101,3,178,84,2449,4,119,73,0,12,0,5,0,23,0,3,2,0,2,0,3,0,23,0,2,2,1,12,3,76,0,777,0,37,22,0,1,0,2,0,0,0,0,2,0,4,0,1,0,7,0,1,1
"2021-05-10",9,42,2,11,201,528,14,35,24,20,110,23,179,459,2908,22,141,87,0,10,0,4,0,23,0,3,2,0,2,1,2,0,23,0,2,2,0,12,10,80,62,839,4,41,24,0,1,1,3,0,0,0,0,2,2,5,2,2,6,13,1,2,2
"2021-05-11",14,52,1,10,139,639,7,40,25,14,114,22,184,253,3135,13,153,94,0,9,0,4,0,23,0,3,2,0,2,0,2,0,23,0,2,2,1,10,7,83,24,863,1,42,24,1,1,0,3,0,0,0,0,2,4,9,0,2,0,13,0,2,2
"2021-05-12",6,55,2,12,65,669,5,43,26,2,107,21,199,562,3665,27,177,104,0,6,0,4,0,23,0,3,2,1,3,1,3,0,23,0,2,2,0,10,3,80,143,979,5,46,26,0,1,1,4,23,23,1,1,3,0,9,0,2,0,13,0,2,2
"2021-05-13",3,48,2,14,119,752,6,47,29,3,96,25,205,600,3808,30,187,102,0,4,0,1,6,29,1,4,3,0,3,1,4,0,14,0,1,1,2,10,4,79,62,1015,2,46,24,0,1,0,4,0,23,0,1,3,0,9,0,2,5,18,1,3,2
"2021-05-14",4,45,2,15,143,825,9,50,31,6,81,14,180,450,3731,21,185,99,0,1,1,2,0,29,0,4,3,1,4,0,4,0,14,0,1,1,1,8,7,75,171,866,7,37,23,2,3,0,2,0,23,0,1,3,0,9,0,2,0,18,0,3,2
"2021-05-15",2,45,1,12,0,734,0,44,28,1,71,5,155,162,3300,7,163,88,0,1,0,1,0,29,0,4,3,0,3,0,4,0,14,0,1,1,0,6,4,64,82,820,3,35,19,0,3,2,4,0,23,0,1,1,0,9,0,2,0,18,0,3,2
"2021-05-16",1,44,0,10,0,688,0,41,26,0,66,0,141,82,3070,4,153,83,0,1,0,1,0,29,0,4,3,0,3,0,3,0,0,0,0,0,1,6,4,53,0,670,0,28,14,0,3,0,4,0,23,0,1,1,0,9,0,2,0,13,0,2,2
"2021-05-17",9,49,1,11,109,733,8,45,27,10,64,25,146,487,3045,24,150,87,1,2,0,1,19,33,4,6,4,0,3,1,4,0,0,0,0,0,2,7,7,52,138,664,6,27,16,1,3,0,4,0,23,0,1,1,2,10,0,2,0,6,0,1,1
"2021-05-18",4,53,2,13,29,719,2,45,28,8,69,15,152,238,3155,11,155,89,0,1,1,2,16,41,2,7,3,0,2,0,4,0,0,0,0,0,1,8,7,55,71,687,3,28,17,0,3,2,6,0,23,0,1,1,0,9,0,1,0,0,0,0,1
"2021-05-19",6,58,2,15,99,818,7,52,31,5,70,13,162,169,3324,7,162,94,0,1,0,2,0,41,0,7,3,0,2,0,4,0,0,0,0,0,0,7,6,60,131,818,5,33,21,1,4,0,6,0,23,0,1,1,0,9,0,1,0,0,0,0,1
"2021-05-20",3,56,1,15,18,758,2,48,27,5,62,10,164,252,2920,12,142,85,0,1,0,2,15,56,2,9,3,1,3,0,3,0,0,0,0,0,0,7,4,58,162,839,6,33,22,1,5,0,6,0,23,0,1,1,0,9,0,1,0,0,0,0,1
"2021-05-21",5,51,0,13,35,701,2,45,28,5,59,17,159,386,2907,18,137,79,0,1,0,2,0,56,0,9,3,0,3,0,2,0,0,0,0,0,0,7,4,56,203,987,8,39,26,0,5,0,5,0,0,0,0,0,0,5,0,0,5,5,1,1,1
"2021-05-22",0,39,0,12,0,458,0,32,23,1,45,4,132,67,2165,3,103,62,1,2,2,4,14,64,2,10,3,0,2,0,1,0,0,0,0,0,0,7,2,51,62,942,2,37,24,1,6,0,5,0,0,0,0,0,0,3,0,0,0,5,0,1,1
"2021-05-23",0,34,0,11,0,359,0,26,19,2,45,6,118,0,1787,0,83,56,1,3,0,4,0,64,0,10,3,1,3,0,1,0,0,0,0,0,0,6,6,51,113,1011,4,39,24,1,7,0,4,0,0,0,0,0,0,2,0,0,0,5,0,1,1
"2021-05-24",6,37,0,9,71,337,4,23,16,18,56,19,109,347,1597,16,74,49,0,3,1,4,0,58,0,9,3,0,3,0,1,0,0,0,0,0,1,6,8,55,309,1112,11,42,23,1,8,0,3,0,0,0,0,0,0,2,0,0,0,5,0,1,1
"2021-05-25",1,35,0,7,44,307,3,21,15,7,60,8,108,287,1774,12,81,54,1,4,0,4,5,63,1,10,4,0,2,2,3,0,0,0,0,0,0,5,7,61,134,1219,5,46,23,0,7,0,3,0,0,0,0,0,0,2,1,1,0,5,0,1,1
"2021-05-26",2,34,2,8,72,379,4,25,18,8,66,13,118,266,2003,13,92,63,0,4,1,5,12,62,2,9,4,0,2,1,4,0,0,0,0,0,1,5,4,59,272,1409,10,53,28,0,7,0,2,0,0,0,0,0,0,2,0,1,0,5,0,1,1
"2021-05-27",2,34,1,8,18,351,1,22,17,7,67,14,126,542,2223,28,104,64,0,3,0,5,0,62,0,9,4,0,2,0,3,0,0,0,0,0,2,7,10,63,204,1446,8,54,30,0,7,0,2,0,0,0,0,0,0,1,0,1,0,5,0,1,1
"2021-05-28",4,34,1,9,110,423,7,26,21,8,69,14,126,463,2449,24,117,67,1,4,0,4,6,68,2,11,4,0,1,0,3,0,0,0,0,0,1,6,12,69,171,1544,7,58,31,0,6,0,2,0,0,0,0,0,0,0,0,1,0,5,0,1,1
"2021-05-29",2,27,0,7,31,407,2,25,21,5,64,3,112,105,2367,5,114,65,1,5,0,4,0,52,0,9,4,0,1,0,3,0,0,0,0,0,0,6,2,66,32,1467,1,54,28,0,4,0,0,0,0,0,0,0,0,0,0,1,0,5,0,1,1
"2021-05-30",0,25,0,5,0,348,0,21,18,3,63,7,107,96,2233,4,108,63,0,5,0,4,0,37,0,7,3,0,1,1,4,0,0,0,0,0,0,6,7,65,119,1507,4,55,27,0,3,0,0,0,0,0,0,0,0,0,0,1,0,5,0,1,1
"2021-05-31",9,28,0,4,7,325,1,20,17,15,72,22,108,334,2228,16,108,64,1,6,0,4,5,42,1,8,4,0,0,0,4,0,0,0,0,0,2,7,15,70,31,1333,1,49,25,1,4,0,0,0,0,0,0,0,0,0,0,1,0,0,0,0,0
"2021-06-01",2,28,1,5,21,325,1,20,17,3,72,16,118,288,2494,13,120,69,0,6,0,3,0,37,0,7,3,1,1,0,4,0,0,0,0,0,2,9,14,81,85,1360,3,50,26,0,3,4,4,0,0,0,0,0,0,0,0,1,0,0,0,0,0
"2021-06-02",0,28,0,5,20,331,1,20,17,4,71,9,119,323,2780,14,131,75,0,4,1,3,0,23,0,5,2,1,2,0,4,0,0,0,0,0,1,10,9,87,199,1533,7,56,28,0,3,1,5,0,0,0,0,1,0,0,0,1,0,0,0,0,0
"2021-06-03",1,27,0,5,0,257,0,16,15,5,72,14,122,191,2641,8,122,72,0,4,0,3,6,29,3,8,3,1,3,0,4,0,0,0,0,0,2,11,6,90,111,1446,4,53,27,0,2,2,7,0,0,0,0,1,1,1,0,1,0,0,0,0,0
"2021-06-04",1,24,0,5,38,267,2,16,14,4,61,9,121,509,2659,22,122,64,0,4,0,2,0,29,0,8,3,0,3,0,2,0,0,0,0,0,1,10,6,89,82,1275,3,47,26,0,2,0,7,0,0,0,0,1,0,1,0,0,0,0,0,0,0
"2021-06-05",0,23,0,3,0,226,0,14,13,3,54,3,110,0,2377,0,108,56,0,3,0,2,0,24,0,7,2,0,3,0,1,0,0,0,0,0,0,9,5,83,75,938,3,35,22,0,1,0,7,0,0,0,0,1,0,1,0,0,0,0,0,0,0
"2021-06-06",1,20,0,3,0,194,0,12,12,2,51,1,101,0,2040,0,92,50,0,3,0,1,0,12,0,5,2,0,3,0,1,0,0,0,0,0,0,9,3,78,0,814,0,30,19,0,1,0,7,0,0,0,0,1,0,1,0,0,0,0,0,0,0
"2021-06-07",0,16,1,2,15,86,1,5,5,10,56,13,100,184,1620,9,73,45,2,4,1,2,0,12,0,5,2,0,3,3,4,0,0,0,0,0,1,9,10,79,113,609,4,22,14,0,1,0,7,0,0,0,0,1,1,2,0,0,0,0,0,0,0
"2021-06-08",4,18,0,2,26,112,2,7,8,5,56,2,92,191,1688,8,74,44,0,4,0,2,0,6,0,3,1,0,3,1,5,0,0,0,0,0,0,9,12,86,112,721,4,26,17,0,1,1,8,0,0,0,0,1,0,2,0,0,0,0,0,0,0
"2021-06-09",0,17,0,2,0,100,0,6,8,1,54,0,89,110,1751,5,77,45,0,3,0,2,0,6,0,3,1,0,3,0,4,0,0,0,0,0,0,9,1,86,58,779,2,28,18,0,1,0,8,0,0,0,0,1,0,2,0,0,0,0,0,0,0
"2021-06-10",1,15,0,2,19,100,1,6,7,1,49,0,73,44,1468,2,66,40,0,3,0,1,0,0,0,0,0,0,3,0,4,0,0,0,0,0,0,9,3,78,113,831,4,30,20,0,1,0,8,0,0,0,0,1,0,2,0,0,0,0,0,0,0
"2021-06-11",0,11,1,2,14,93,1,6,7,3,46,4,64,143,1345,7,61,35,0,2,0,1,4,4,1,1,1,0,2,0,4,0,0,0,0,0,0,7,2,64,27,771,1,28,19,0,0,0,7,0,0,0,0,1,0,2,0,0,0,0,0,0,0
"2021-06-12",0,9,0,2,0,78,0,5,6,3,38,2,48,41,1096,2,50,30,0,2,0,1,0,4,0,1,1,0,2,0,4,0,0,0,0,0,0,4,5,55,0,719,0,26,18,0,0,0,3,0,0,0,0,1,0,1,0,0,0,0,0,0,0
"2021-06-13",0,6,0,2,0,59,0,4,5,0,32,3,43,0,883,0,40,23,0,2,0,1,0,4,0,1,1,0,1,0,4,0,0,0,0,0,0,1,1,50,0,551,0,20,15,0,0,0,3,0,0,0,0,0,0,1,0,0,0,0,0,0,0
"2021-06-14",1,7,1,3,0,40,0,3,4,3,30,9,39,92,583,4,26,20,0,2,2,3,8,12,1,2,2,0,0,0,4,0,0,0,0,0,0,0,3,42,0,383,0,14,11,0,0,0,1,0,0,0,0,0,0,1,0,0,0,0,0,0,0
"2021-06-15",1,8,0,3,14,54,1,4,5,0,27,1,31,24,557,1,25,20,0,2,0,3,0,12,0,2,2,0,0,0,4,0,0,0,0,0,0,0,0,36,0,352,0,13,11,0,0,0,1,0,0,0,0,0,0,1,0,0,0,0,0,0,0
"2021-06-16",0,7,1,4,0,54,0,4,5,0,25,1,31,37,520,2,24,19,0,2,0,3,0,12,0,2,2,0,0,0,4,0,0,0,0,0,0,0,2,37,27,379,1,14,12,0,0,0,1,0,0,0,0,0,0,1,0,0,0,0,0,0,0
"2021-06-17",0,6,0,3,20,74,1,5,6,0,18,0,26,12,396,1,19,15,0,0,0,3,0,12,0,2,2,0,0,0,0,0,0,0,0,0,1,1,3,36,46,342,2,13,12,0,0,0,1,0,0,0,0,0,0,1,0,0,0,0,0,0,0
"2021-06-18",0,5,0,3,0,60,0,4,4,0,15,1,23,22,328,1,16,14,0,0,0,2,0,12,0,2,2,0,0,0,0,0,0,0,0,0,0,1,0,30,31,246,1,9,8,0,0,0,1,0,0,0,0,0,0,0,0,0,0,0,0,0,0
"2021-06-19",0,3,0,3,0,48,0,3,3,0,9,0,20,0,189,0,10,9,0,0,0,2,0,12,0,2,2,0,0,0,0,0,0,0,0,0,0,1,0,19,0,156,0,6,5,0,0,0,0,0,0,0,0,0,0,0,0,0,0,0,0,0,0
"2021-06-20",0,2,0,3,0,48,0,3,3,0,7,0,17,0,149,0,8,7,0,0,0,2,0,12,0,2,2,0,0,0,0,0,0,0,0,0,0,1,0,16,0,131,0,5,5,0,0,0,0,0,0,0,0,0,0,0,0,0,0,0,0,0,0
"2021-06-21",1,3,0,3,19,67,1,4,4,0,4,0,13,21,116,1,6,6,0,0,0,2,0,0,0,0,0,0,0,0,0,0,0,0,0,0,0,1,1,17,0,104,0,4,4,0,0,0,0,0,0,0,0,0,0,0,0,0,0,0,0,0,0
"2021-06-22",0,3,1,3,0,53,0,3,3,0,3,1,12,0,99,0,5,5,0,0,0,2,0,0,0,0,0,0,0,0,0,0,0,0,0,0,0,1,0,14,0,104,0,4,4,0,0,0,0,0,0,0,0,0,0,0,0,0,0,0,0,0,0
"2021-06-23",0,3,0,3,0,53,0,3,3,0,3,0,10,0,99,0,5,5,0,0,0,2,0,0,0,0,0,0,0,0,0,0,0,0,0,0,0,1,0,10,0,104,0,4,4,0,0,0,0,0,0,0,0,0,0,0,0,0,0,0,0,0,0
"2021-06-24",1,3,0,3,0,53,0,3,3,0,2,0,8,0,87,0,4,4,0,0,0,0,0,0,0,0,0,0,0,0,0,0,0,0,0,0,0,1,0,8,0,104,0,4,4,0,0,0,0,0,0,0,0,0,0,0,0,0,0,0,0,0,0
"2021-06-25",0,2,0,2,0,19,0,1,1,0,0,0,3,0,87,0,4,4,0,0,0,0,0,0,0,0,0,0,0,0,0,0,0,0,0,0,0,1,0,6,0,82,0,3,3,0,0,0,0,0,0,0,0,0,0,0,0,0,0,0,0,0,0
"2021-06-26",0,2,0,2,0,19,0,1,1,1,1,0,1,0,43,0,2,2,0,0,0,0,0,0,0,0,0,0,0,0,0,0,0,0,0,0,0,1,0,5,0,82,0,3,3,0,0,0,0,0,0,0,0,0,0,0,0,0,0,0,0,0,0
"2021-06-27",0,2,0,1,0,19,0,1,1,0,1,0,0,0,43,0,2,2,0,0,0,0,0,0,0,0,0,0,0,0,0,0,0,0,0,0,0,1,0,3,0,31,0,1,1,0,0,0,0,0,0,0,0,0,0,0,0,0,0,0,0,0,0
"2021-06-28",0,2,0,1,0,19,0,1,1,1,2,0,0,0,21,0,1,1,0,0,0,0,0,0,0,0,0,0,0,0,0,0,0,0,0,0,0,0,0,1,0,0,0,0,0,0,0,0,0,0,0,0,0,0,0,0,0,0,0,0,0,0,0
"2021-06-29",1,3,0,1,0,19,0,1,1,0,2,0,0,0,0,0,0,0,0,0,0,0,0,0,0,0,0,0,0,0,0,0,0,0,0,0,0,0,0,1,0,0,0,0,0,0,0,0,0,0,0,0,0,0,0,0,0,0,0,0,0,0,0
"2021-06-30",0,3,0,1,0,19,0,1,1,1,3,0,0,0,0,0,0,0,1,1,0,0,0,0,0,0,0,0,0,0,0,0,0,0,0,0,0,0,0,1,0,0,0,0,0,0,0,0,0,0,0,0,0,0,0,0,0,0,0,0,0,0,0
"2021-07-01",0,2,0,1,0,0,0,0,0,0,3,0,0,0,0,0,0,0,0,1,0,0,0,0,0,0,0,0,0,0,0,0,0,0,0,0,0,0,0,1,0,0,0,0,0,0,0,0,0,0,0,0,0,0,0,0,0,0,0,0,0,0,0
"2021-07-02",0,2,0,0,0,0,0,0,0,0,3,0,0,0,0,0,0,0,0,1,0,0,0,0,0,0,0,0,0,0,0,0,0,0,0,0,0,0,0,0,0,0,0,0,0,0,0,0,0,0,0,0,0,0,0,0,1,1,0,0,0,0,0
"2021-07-03",0,2,0,0,0,0,0,0,0,0,3,0,0,0,0,0,0,0,0,1,0,0,0,0,0,0,0,0,0,0,0,0,0,0,0,0,0,0,0,0,0,0,0,0,0,0,0,0,0,0,0,0,0,0,0,0,0,1,0,0,0,0,0
"2021-07-04",0,1,0,0,0,0,0,0,0,0,3,0,0,0,0,0,0,0,0,1,0,0,0,0,0,0,0,0,0,0,0,0,0,0,0,0,0,0,0,0,0,0,0,0,0,0,0,0,0,0,0,0,0,0,0,0,0,1,0,0,0,0,0
"2021-07-05",0,1,0,0,0,0,0,0,0,0,3,0,0,0,0,0,0,0,0,1,0,0,0,0,0,0,0,0,0,0,0,0,0,0,0,0,0,0,0,0,0,0,0,0,0,0,0,0,0,0,0,0,0,0,0,0,0,1,0,0,0,0,0
"2021-07-06",0,1,0,0,29,29,2,2,1,0,3,0,0,0,0,0,0,0,0,1,0,0,0,0,0,0,0,0,0,0,0,0,0,0,0,0,0,0,0,0,0,0,0,0,0,0,0,0,0,0,0,0,0,0,0,0,0,1,0,0,0,0,0
"2021-07-07",0,1,0,0,0,29,0,2,1,0,2,0,0,0,0,0,0,0,0,1,0,0,0,0,0,0,0,0,0,0,0,0,0,0,0,0,0,0,1,1,30,30,1,1,1,0,0,0,0,0,0,0,0,0,0,0,0,1,0,0,0,0,0
"2021-07-08",1,2,0,0,0,29,0,2,1,1,3,0,0,0,0,0,0,0,0,1,0,0,0,0,0,0,0,0,0,0,0,0,0,0,0,0,0,0,0,1,0,30,0,1,1,0,0,0,0,0,0,0,0,0,0,0,0,1,0,0,0,0,0
"2021-07-09",0,2,0,0,0,29,0,2,1,0,2,0,0,0,0,0,0,0,0,1,0,0,0,0,0,0,0,0,0,0,0,0,0,0,0,0,0,0,0,1,0,30,0,1,1,0,0,0,0,0,0,0,0,0,0,0,0,1,0,0,0,0,0
"2021-07-10",0,1,0,0,0,29,0,2,1,0,2,0,0,0,0,0,0,0,0,0,0,0,0,0,0,0,0,0,0,0,0,0,0,0,0,0,0,0,0,1,0,30,0,1,1,0,0,0,0,0,0,0,0,0,0,0,0,1,0,0,0,0,0
"2021-07-11",0,1,0,0,0,29,0,2,1,0,1,0,0,0,0,0,0,0,0,0,0,0,0,0,0,0,0,0,0,0,0,0,0,0,0,0,0,0,0,1,0,30,0,1,1,0,0,0,0,0,0,0,0,0,0,0,0,1,0,0,0,0,0
"2021-07-12",0,1,0,0,0,29,0,2,1,0,1,0,0,0,0,0,0,0,0,0,0,0,0,0,0,0,0,0,0,0,0,0,0,0,0,0,0,0,0,1,0,30,0,1,1,0,0,0,0,0,0,0,0,0,0,0,0,1,0,0,0,0,0
"2021-07-13",0,1,0,0,0,29,0,2,1,0,1,0,0,0,0,0,0,0,0,0,0,0,0,0,0,0,0,0,0,0,0,0,0,0,0,0,0,0,1,2,0,30,0,1,1,0,0,0,0,0,0,0,0,0,0,0,0,0,0,0,0,0,0
"2021-07-14",0,1,0,0,0,29,0,2,1,0,1,0,0,0,0,0,0,0,0,0,0,0,0,0,0,0,0,0,0,0,0,0,0,0,0,0,0,0,0,2,0,30,0,1,1,0,0,0,0,0,0,0,0,0,0,0,0,0,0,0,0,0,0
"2021-07-15",0,1,0,0,0,29,0,2,1,0,1,0,0,0,0,0,0,0,0,0,0,0,0,0,0,0,0,0,0,0,0,0,0,0,0,0,0,0,0,2,0,30,0,1,1,0,0,0,0,0,0,0,0,0,0,0,0,0,0,0,0,0,0
"2021-07-16",0,1,1,1,0,29,0,2,1,0,1,0,0,0,0,0,0,0,0,0,0,0,0,0,0,0,0,0,0,0,0,0,0,0,0,0,0,0,0,2,0,30,0,1,1,0,0,0,0,0,0,0,0,0,0,0,0,0,0,0,0,0,0
"2021-07-17",0,1,0,1,0,0,0,0,0,0,1,0,0,0,0,0,0,0,0,0,0,0,0,0,0,0,0,0,0,0,0,0,0,0,0,0,0,0,0,1,32,32,1,1,1,0,0,0,0,0,0,0,0,0,0,0,0,0,0,0,0,0,0
"2021-07-18",0,0,0,1,0,0,0,0,0,0,0,0,0,0,0,0,0,0,0,0,0,0,0,0,0,0,0,0,0,0,0,0,0,0,0,0,0,0,0,1,0,32,0,1,1,0,0,0,0,0,0,0,0,0,0,0,0,0,0,0,0,0,0
"2021-07-19",0,0,0,1,0,0,0,0,0,0,0,0,0,0,0,0,0,0,0,0,0,0,0,0,0,0,0,0,0,0,0,0,0,0,0,0,0,0,0,1,0,32,0,1,1,0,0,0,0,0,0,0,0,0,0,0,0,0,0,0,0,0,0
"2021-07-20",0,0,0,1,0,0,0,0,0,0,0,0,0,0,0,0,0,0,0,0,0,0,0,0,0,0,0,0,0,0,0,0,0,0,0,0,0,0,0,1,0,32,0,1,1,0,0,0,0,0,0,0,0,0,0,0,0,0,0,0,0,0,0
"2021-07-21",0,0,0,1,0,0,0,0,0,0,0,0,0,0,0,0,0,0,0,0,0,0,0,0,0,0,0,0,0,0,0,0,0,0,0,0,0,0,0,1,0,32,0,1,1,0,0,0,0,0,0,0,0,0,0,0,0,0,0,0,0,0,0
"2021-07-22",0,0,0,1,0,0,0,0,0,1,1,0,0,0,0,0,0,0,0,0,0,0,0,0,0,0,0,0,0,0,0,0,0,0,0,0,0,0,0,1,0,32,0,1,1,0,0,0,0,0,0,0,0,0,0,0,0,0,0,0,0,0,0
"2021-07-23",1,1,0,1,7,7,1,1,1,1,2,0,0,0,0,0,0,0,0,0,0,0,0,0,0,0,0,0,0,0,0,0,0,0,0,0,0,0,0,1,0,32,0,1,1,0,0,0,0,0,0,0,0,0,0,0,0,0,0,0,0,0,0
"2021-07-24",0,1,0,1,0,7,0,1,1,0,2,0,0,0,0,0,0,0,0,0,0,0,0,0,0,0,0,0,0,0,0,0,0,0,0,0,0,0,0,0,0,32,0,1,1,0,0,0,0,0,0,0,0,0,0,0,0,0,0,0,0,0,0
"2021-07-25",0,1,0,1,0,7,0,1,1,0,2,0,0,0,0,0,0,0,0,0,0,0,0,0,0,0,0,0,0,0,0,0,0,0,0,0,0,0,0,0,0,32,0,1,1,0,0,0,0,0,0,0,0,0,0,0,0,0,0,0,0,0,0
"2021-07-26",0,1,1,1,0,7,0,1,1,1,3,0,0,0,0,0,0,0,0,0,0,0,0,0,0,0,0,0,0,0,0,0,0,0,0,0,0,0,0,0,0,32,0,1,1,0,0,0,0,0,0,0,0,0,0,0,0,0,0,0,0,0,0
"2021-07-27",0,1,0,1,0,7,0,1,1,0,3,0,0,0,0,0,0,0,0,0,0,0,0,0,0,0,0,0,0,0,0,0,0,0,0,0,0,0,0,0,0,32,0,1,1,0,0,0,0,0,0,0,0,0,0,0,0,0,0,0,0,0,0
"2021-07-28",0,1,0,1,0,7,0,1,1,0,3,0,0,0,0,0,0,0,0,0,0,0,0,0,0,0,0,0,0,0,0,0,0,0,0,0,0,0,0,0,0,0,0,0,0,0,0,0,0,0,0,0,0,0,0,0,0,0,0,0,0,0,0
"2021-07-29",1,2,0,1,13,20,1,2,2,0,3,0,0,0,0,0,0,0,0,0,0,0,0,0,0,0,0,0,0,0,0,0,0,0,0,0,0,0,0,0,0,0,0,0,0,0,0,0,0,0,0,0,0,0,0,0,0,0,0,0,0,0,0
"2021-07-30",0,2,0,1,0,20,0,2,2,0,3,0,0,0,0,0,0,0,0,0,0,0,0,0,0,0,0,0,0,0,0,0,0,0,0,0,0,0,0,0,0,0,0,0,0,0,0,0,0,0,0,0,0,0,0,0,0,0,0,0,0,0,0
"2021-07-31",1,3,0,1,0,20,0,2,2,0,3,0,0,0,0,0,0,0,0,0,0,0,0,0,0,0,0,0,0,0,0,0,0,0,0,0,0,0,0,0,0,0,0,0,0,0,0,0,0,0,0,0,0,0,0,0,0,0,0,0,0,0,0
"2021-08-01",1,4,0,1,0,20,0,2,2,0,3,0,0,0,0,0,0,0,0,0,0,0,0,0,0,0,0,0,0,0,0,0,0,0,0,0,0,0,0,0,0,0,0,0,0,0,0,0,0,0,0,0,0,0,0,0,0,0,0,0,0,0,0
"2021-08-02",0,3,0,1,0,13,0,1,1,0,2,0,0,0,0,0,0,0,0,0,0,0,0,0,0,0,0,0,0,0,0,0,0,0,0,0,0,0,0,0,0,0,0,0,0,0,0,0,0,0,0,0,0,0,0,0,0,0,0,0,0,0,0
"2021-08-03",0,3,0,1,0,13,0,1,1,0,1,0,0,0,0,0,0,0,0,0,0,0,0,0,0,0,0,0,0,0,0,0,0,0,0,0,0,0,0,0,0,0,0,0,0,0,0,0,0,0,0,0,0,0,0,0,0,0,0,0,0,0,0
"2021-08-04",0,3,0,1,0,13,0,1,1,0,1,0,0,0,0,0,0,0,0,0,0,0,0,0,0,0,0,0,0,0,0,0,0,0,0,0,0,0,0,0,0,0,0,0,0,0,0,0,0,0,0,0,0,0,0,0,0,0,0,0,0,0,0
"2021-08-05",1,4,0,0,7,20,1,2,2,0,1,0,0,0,0,0,0,0,0,0,0,0,0,0,0,0,0,0,0,0,0,0,0,0,0,0,0,0,0,0,0,0,0,0,0,0,0,0,0,0,0,0,0,0,0,0,0,0,0,0,0,0,0
"2021-08-06",1,5,0,0,0,20,0,2,2,1,1,0,0,0,0,0,0,0,0,0,0,0,0,0,0,0,0,0,0,0,0,0,0,0,0,0,0,0,0,0,0,0,0,0,0,0,0,0,0,0,0,0,0,0,0,0,0,0,0,0,0,0,0
"2021-08-07",2,7,0,0,0,20,0,2,2,0,1,0,0,0,0,0,0,0,0,0,0,0,0,0,0,0,0,0,0,0,0,0,0,0,0,0,0,0,0,0,0,0,0,0,0,0,0,0,0,0,0,0,0,0,0,0,0,0,0,0,0,0,0
"2021-08-08",0,7,0,0,0,7,0,1,1,0,1,0,0,0,0,0,0,0,0,0,0,0,0,0,0,0,0,0,0,0,0,0,0,0,0,0,0,0,0,0,0,0,0,0,0,0,0,0,0,0,0,0,0,0,0,0,0,0,0,0,0,0,0
"2021-08-09",0,7,0,0,0,7,0,1,1,2,3,0,0,0,0,0,0,0,0,0,0,0,0,0,0,0,0,0,0,0,0,0,0,0,0,0,0,0,0,0,0,0,0,0,0,0,0,0,0,0,0,0,0,0,0,0,0,0,0,0,0,0,0
"2021-08-10",0,7,0,0,0,7,0,1,1,0,3,0,0,0,0,0,0,0,0,0,0,0,0,0,0,0,0,0,0,0,0,0,0,0,0,0,0,0,0,0,0,0,0,0,0,0,0,0,0,0,0,0,0,0,0,0,0,0,0,0,0,0,0
"2021-08-11",0,4,0,0,0,7,0,1,1,0,3,0,0,0,0,0,0,0,0,0,0,0,0,0,0,0,0,0,0,0,0,0,0,0,0,0,0,0,0,0,0,0,0,0,0,0,0,0,0,0,0,0,0,0,0,0,0,0,0,0,0,0,0
"2021-08-12",0,4,0,0,0,7,0,1,1,0,3,0,0,0,0,0,0,0,0,0,0,0,0,0,0,0,0,0,0,0,0,0,0,0,0,0,0,0,1,1,0,0,0,0,0,0,0,0,0,0,0,0,0,0,0,0,0,0,0,0,0,0,0
"2021-08-13",1,5,0,0,30,37,3,4,3,0,3,0,0,0,0,0,0,0,0,0,0,0,0,0,0,0,0,0,0,0,0,0,0,0,0,0,0,0,1,2,0,0,0,0,0,0,0,0,0,0,0,0,0,0,0,0,0,0,0,0,0,0,0
"2021-08-14",0,5,1,1,0,37,0,4,3,0,3,0,0,0,0,0,0,0,0,0,0,0,0,0,0,0,0,0,0,0,0,0,0,0,0,0,0,0,1,3,0,0,0,0,0,0,0,0,0,0,0,0,0,0,0,0,0,0,0,0,0,0,0
"2021-08-15",1,5,0,1,14,44,1,4,3,0,3,0,0,0,0,0,0,0,0,0,0,0,0,0,0,0,0,0,0,0,0,0,0,0,0,0,0,0,0,3,0,0,0,0,0,0,0,0,0,0,0,0,0,0,0,0,0,0,0,0,0,0,0
"2021-08-16",7,12,0,1,63,107,5,9,6,1,3,0,0,0,0,0,0,0,0,0,0,0,0,0,0,0,0,0,0,0,0,0,0,0,0,0,0,0,0,3,0,0,0,0,0,0,0,0,0,0,0,0,0,0,0,0,0,0,0,0,0,0,0
"2021-08-17",1,12,0,1,0,107,0,9,6,0,3,0,0,0,0,0,0,0,1,1,0,0,0,0,0,0,0,0,0,0,0,0,0,0,0,0,0,0,0,3,0,0,0,0,0,0,0,0,0,0,0,0,0,0,0,0,0,0,0,0,0,0,0
"2021-08-18",2,12,0,1,0,107,0,9,6,0,3,0,0,0,0,0,0,0,0,1,0,0,0,0,0,0,0,0,0,0,0,0,0,0,0,0,0,0,0,3,0,0,0,0,0,0,0,0,0,0,0,0,0,0,0,0,0,0,0,0,0,0,0
"2021-08-19",1,13,0,1,35,142,2,11,7,0,2,0,0,0,0,0,0,0,0,1,0,0,0,0,0,0,0,0,0,0,0,0,0,0,0,0,1,1,0,3,0,0,0,0,0,0,0,0,0,0,0,0,0,0,0,0,0,0,0,0,0,0,0
"2021-08-20",0,13,0,1,9,151,1,12,8,2,3,0,0,0,0,0,0,0,0,1,0,0,0,0,0,0,0,0,0,0,0,0,0,0,0,0,0,1,1,4,0,0,0,0,0,0,0,0,0,0,0,0,0,0,0,0,0,0,0,0,0,0,0
"2021-08-21",1,14,0,1,0,151,0,12,8,1,4,0,0,0,0,0,0,0,0,1,0,0,0,0,0,0,0,0,0,0,0,0,0,0,0,0,0,1,0,4,0,0,0,0,0,0,0,0,0,0,0,0,0,0,0,0,0,0,0,0,0,0,0
"2021-08-22",0,14,0,1,0,139,0,11,7,1,5,0,0,0,0,0,0,0,0,1,0,0,0,0,0,0,0,0,0,0,0,0,0,0,0,0,0,1,1,5,0,0,0,0,0,0,0,0,0,0,0,0,0,0,0,0,0,0,0,0,0,0,0
"2021-08-23",2,15,0,0,0,121,0,9,8,4,9,0,0,0,0,0,0,0,0,1,0,0,0,0,0,0,0,0,0,0,0,0,0,0,0,0,2,3,1,5,0,0,0,0,0,0,0,0,0,0,0,0,0,0,0,0,0,0,0,0,0,0,0
"2021-08-24",1,16,0,0,4,125,1,10,8,1,10,0,0,0,0,0,0,0,0,1,0,0,0,0,0,0,0,0,0,0,0,0,0,0,0,0,1,4,4,8,0,0,0,0,0,0,0,0,0,0,0,0,0,0,1,1,0,0,0,0,0,0,0
"2021-08-25",3,19,0,0,18,143,1,11,8,3,13,0,0,0,0,0,0,0,2,3,0,0,0,0,0,0,0,0,0,0,0,0,0,0,0,0,2,6,3,10,0,0,0,0,0,0,0,0,0,0,0,0,0,0,1,2,0,0,0,0,0,0,0
"2021-08-26",2,14,1,1,26,92,2,7,6,0,13,3,3,0,0,0,0,0,0,3,0,0,0,0,0,0,0,0,0,0,0,0,0,0,0,0,1,7,3,13,0,0,0,0,0,0,0,0,0,0,0,0,0,0,0,2,0,0,0,0,0,0,0
"2021-08-27",3,16,0,1,54,146,4,11,9,2,15,3,6,0,0,0,0,0,0,3,0,0,0,0,0,0,0,0,0,1,1,0,0,0,0,0,1,7,0,13,0,0,0,0,0,0,0,0,0,0,0,0,0,0,0,2,0,0,0,0,0,0,0
"2021-08-28",1,14,1,2,0,146,0,11,9,3,17,0,6,0,0,0,0,0,0,3,0,0,0,0,0,0,0,0,0,0,1,0,0,0,0,0,0,6,0,13,0,0,0,0,0,0,0,0,0,0,0,0,0,0,0,2,0,0,0,0,0,0,0
"2021-08-29",0,14,0,2,0,111,0,9,7,2,19,1,7,0,0,0,0,0,1,3,0,0,0,0,0,0,0,0,0,0,1,0,0,0,0,0,0,6,0,13,0,0,0,0,0,0,0,0,0,0,0,0,0,0,0,2,0,0,0,0,0,0,0
"2021-08-30",5,18,1,3,65,167,4,12,11,8,26,2,9,0,0,0,0,0,1,4,0,0,0,0,0,0,0,2,2,0,1,0,0,0,0,0,4,10,0,13,0,0,0,0,0,0,0,0,0,0,0,0,0,0,1,3,0,0,0,0,0,0,0
"2021-08-31",10,28,0,3,105,272,7,19,14,7,32,5,14,0,0,0,0,0,0,4,0,0,0,0,0,0,0,1,3,0,1,0,0,0,0,0,1,11,6,18,0,0,0,0,0,0,0,0,0,0,0,0,0,0,0,3,0,0,0,0,0,0,0
"2021-09-01",6,33,1,4,25,297,2,21,15,5,36,49,63,377,377,17,17,18,1,5,1,1,10,10,2,2,1,1,4,2,3,0,0,0,0,0,3,13,44,62,192,192,8,8,8,0,0,0,0,0,0,0,0,0,0,3,0,0,0,0,0,0,0
"2021-09-02",3,35,1,5,98,395,6,27,18,9,42,21,84,491,868,20,37,32,0,5,1,2,0,10,0,2,1,0,4,0,3,0,0,0,0,0,0,13,15,75,178,370,6,14,14,0,0,0,0,0,0,0,0,0,0,3,0,0,0,0,0,0,0
"2021-09-03",8,42,6,11,214,605,14,40,26,10,52,24,108,666,1534,30,67,50,0,5,2,4,0,10,0,2,1,1,5,3,6,0,0,0,0,0,1,14,18,88,515,885,19,33,25,0,0,0,0,0,0,0,0,0,1,4,0,0,0,0,0,0,0
"2021-09-04",4,44,0,11,0,567,0,37,24,4,55,5,109,95,1603,4,70,51,1,6,1,5,0,10,0,2,1,0,5,1,7,0,0,0,0,0,0,14,7,93,56,941,2,35,25,0,0,0,0,0,0,0,0,0,0,3,0,0,0,0,0,0,0
"2021-09-05",2,44,1,11,23,576,2,38,24,7,60,18,126,187,1790,10,80,56,0,5,0,5,0,10,0,2,1,0,5,0,7,0,0,0,0,0,1,14,9,101,129,1070,5,40,29,0,0,2,2,0,0,0,0,0,0,2,0,0,0,0,0,0,0
"2021-09-06",18,58,10,21,325,865,20,56,29,28,86,54,170,1330,3120,59,139,90,4,9,0,5,24,34,5,7,4,6,11,2,8,3,3,2,2,1,5,18,38,135,716,1786,27,67,37,0,0,1,3,0,0,0,0,0,0,2,0,0,0,0,0,0,0
"2021-09-07",13,68,3,23,118,973,7,62,32,12,94,35,204,854,3974,41,180,105,2,11,0,5,14,48,3,10,6,3,14,1,9,0,3,0,2,1,6,23,19,152,242,2028,9,76,40,0,0,1,4,0,0,0,0,0,1,3,0,0,0,0,0,0,0
"2021-09-08",9,75,4,27,52,1025,4,66,33,8,101,41,239,1129,5103,53,233,122,1,12,1,6,0,48,0,10,6,2,16,2,11,9,12,1,3,2,3,25,11,163,458,2486,20,96,46,0,0,0,4,0,0,0,0,1,1,4,0,0,0,0,0,0,0
"2021-09-09",9,83,5,31,163,1113,11,73,37,12,108,55,290,1243,6346,56,289,140,2,13,1,7,17,65,5,15,8,0,14,3,14,0,12,0,3,2,4,28,20,182,667,3153,24,120,51,0,0,1,5,0,0,0,0,1,4,8,0,0,0,0,0,0,0
"2021-09-10",12,90,5,36,282,1304,17,83,45,9,110,53,339,1611,7927,75,362,158,1,14,3,10,24,89,4,19,9,1,14,3,17,16,28,1,4,3,1,29,25,203,607,3760,24,144,55,0,0,2,7,0,0,0,0,1,1,9,1,1,0,0,0,0,0
"2021-09-11",5,88,1,37,0,1253,0,80,43,9,110,32,348,359,7163,17,328,147,1,14,1,9,0,59,0,13,7,0,12,1,18,0,28,0,4,3,1,24,16,182,77,2977,3,115,52,0,0,0,7,0,0,0,0,1,1,9,0,1,0,0,0,0,0
"2021-09-12",5,89,0,37,16,1145,1,73,40,19,120,40,379,182,6845,9,316,147,1,13,0,9,0,54,0,12,6,0,12,3,21,0,28,0,4,3,4,28,8,169,88,2872,3,111,54,0,0,0,7,0,0,0,0,1,1,10,0,1,0,0,0,0,0
"2021-09-13",28,111,3,34,93,1031,6,66,39,33,143,107,451,1846,7665,86,356,158,0,13,1,8,0,54,0,12,6,2,14,2,23,11,39,1,5,3,4,31,30,186,587,3003,23,117,54,0,0,1,7,0,0,0,0,0,0,10,1,2,0,0,0,0,0
"2021-09-14",6,111,2,35,123,1133,8,72,43,19,155,68,500,1121,8509,55,399,170,4,17,1,9,0,45,0,10,5,1,15,2,24,15,51,1,4,2,2,30,16,189,423,3352,17,131,53,0,0,2,9,0,0,0,0,0,0,9,0,2,0,0,0,0,0
"2021-09-15",21,130,5,38,213,1346,16,88,48,19,167,50,540,1149,9658,53,452,181,1,18,1,9,0,45,0,10,5,0,15,1,25,28,79,2,6,2,2,32,23,205,247,3516,9,137,54,0,0,0,9,0,0,0,0,0,0,9,0,2,5,5,1,1,1
"2021-09-16",8,128,2,37,103,1240,9,85,49,6,159,53,553,1034,9630,48,452,178,1,16,0,9,0,45,0,10,5,2,12,0,24,0,70,0,5,1,0,30,18,200,301,3386,13,134,54,0,0,0,8,0,0,0,0,1,0,9,0,2,0,0,0,0,0
"2021-09-17",8,122,3,30,19,1118,2,76,46,17,165,54,564,1291,9962,59,463,181,1,16,1,9,45,81,6,14,4,0,11,2,24,0,70,0,5,1,2,29,16,192,647,3688,25,145,56,1,1,0,7,0,0,0,0,1,0,9,0,2,0,0,0,0,0
"2021-09-18",4,114,2,26,24,1054,1,71,44,8,154,16,524,364,8239,17,382,166,2,17,1,10,0,81,0,14,4,0,9,0,23,0,70,0,5,1,1,26,5,174,0,2729,0,106,47,0,1,1,7,0,0,0,0,1,0,8,0,2,0,0,0,0,0
"2021-09-19",1,107,0,24,0,878,0,60,40,16,165,18,500,138,7453,6,346,159,1,18,0,9,0,81,0,14,4,1,10,0,20,0,70,0,5,1,0,21,4,162,25,2447,1,96,44,0,1,1,8,0,0,0,0,1,0,7,0,2,0,0,0,0,0
"2021-09-20",22,114,3,20,124,682,9,51,33,34,186,71,488,1577,7180,78,336,157,0,15,1,7,18,63,5,11,4,4,13,0,15,0,54,0,4,2,8,27,24,162,468,2187,18,87,47,0,1,2,8,0,0,0,0,1,2,6,1,2,0,0,0,0,0
"2021-09-21",8,116,3,23,196,855,12,60,37,15,186,33,486,1005,7679,45,359,170,1,14,0,6,15,78,2,13,5,1,12,2,14,0,54,0,4,2,3,28,22,163,466,2475,19,99,54,0,1,0,6,0,0,0,0,1,0,4,1,3,0,0,0,0,0
"2021-09-22",8,113,2,25,106,961,7,67,41,12,181,34,489,592,8143,29,382,175,1,15,0,6,0,78,0,13,5,1,13,2,14,9,63,1,5,3,4,31,18,176,237,2675,9,106,53,0,1,1,7,0,0,0,0,1,0,2,0,3,0,0,0,0,0
"2021-09-23",10,107,1,24,62,891,6,65,38,15,180,33,458,1068,8235,49,387,172,0,13,0,4,0,78,0,13,5,1,14,2,13,0,52,0,4,3,1,27,13,165,296,2582,12,103,52,1,2,0,7,0,0,0,0,1,0,2,1,4,0,0,0,0,0
"2021-09-24",12,106,2,24,228,1036,15,75,40,13,172,38,437,1310,8312,59,388,171,1,11,0,4,31,71,5,13,7,2,14,3,13,0,37,0,3,3,1,26,22,165,424,2794,16,110,51,0,2,0,7,0,0,0,0,1,0,2,0,3,0,0,0,0,0
"2021-09-25",4,91,1,21,97,918,5,67,37,9,158,16,388,110,7025,5,327,154,0,9,0,2,0,66,0,11,6,1,14,3,13,0,9,0,1,2,1,21,7,152,92,2297,3,90,46,0,2,0,5,0,0,0,0,1,0,2,0,3,0,0,0,0,0
"2021-09-26",3,83,2,20,15,776,2,54,35,9,157,13,346,230,6083,13,286,144,1,9,1,2,0,58,0,10,5,1,15,2,15,0,9,0,1,2,2,23,6,137,71,2161,3,85,45,0,2,1,6,0,0,0,0,1,0,2,0,3,0,0,0,0,0
"2021-09-27",30,110,3,23,157,873,10,59,44,36,175,67,344,950,5419,44,253,145,1,8,2,4,24,75,5,14,7,0,14,5,19,0,9,0,1,2,5,28,23,144,409,2068,16,81,45,0,2,0,5,0,0,0,0,0,4,6,1,4,0,0,0,0,0
"2021-09-28",20,122,2,22,118,967,7,65,51,16,183,41,355,687,6041,31,281,155,5,13,1,4,26,101,3,17,8,0,14,3,22,0,9,0,1,2,4,30,22,155,416,2387,17,94,48,0,1,0,3,0,0,0,0,0,2,8,0,4,0,0,0,0,0
"2021-09-29",7,126,8,27,198,1156,13,77,56,13,184,34,371,777,6744,38,316,161,0,11,1,5,0,101,0,17,8,0,13,3,25,0,9,0,1,2,1,30,14,164,357,2718,14,107,52,0,1,1,4,0,0,0,0,0,1,9,0,4,0,0,0,0,0
"2021-09-30",7,127,3,28,117,1193,7,78,55,20,181,32,360,598,6461,30,306,154,0,10,1,6,0,96,0,15,7,0,13,2,26,0,9,0,1,2,0,27,10,164,131,2569,5,101,50,0,1,1,5,0,0,0,0,0,0,9,0,3,0,0,0,0,0
"2021-10-01",13,117,3,29,206,1250,14,83,55,20,180,41,361,1224,6663,59,316,156,1,11,0,6,15,101,2,16,6,1,14,3,28,0,9,0,1,2,7,28,24,161,267,2425,10,95,50,0,1,0,4,0,0,0,0,0,0,7,0,2,0,0,0,0,0
"2021-10-02",7,114,0,26,29,1137,2,76,53,8,169,12,330,74,5903,4,282,147,1,10,0,6,0,96,0,15,5,0,8,0,24,0,9,0,1,2,0,24,5,145,0,1940,0,75,42,0,1,0,3,0,0,0,0,0,0,7,0,2,0,0,0,0,0
"2021-10-03",6,111,1,24,21,1060,1,69,49,7,163,21,309,47,5047,4,243,129,0,10,0,6,0,84,0,12,4,0,7,1,25,0,9,0,1,2,1,23,6,134,80,1796,3,69,43,0,1,0,3,0,0,0,0,0,0,7,0,2,0,0,0,0,0
"2021-10-04",9,110,6,27,105,978,7,62,43,25,173,82,351,1404,5401,63,257,142,3,13,0,5,11,64,3,10,3,0,5,1,22,0,0,0,0,1,3,24,21,138,404,1781,15,69,42,0,0,1,4,0,0,0,0,0,2,9,0,1,0,0,0,0,0
"2021-10-05",8,105,5,31,83,983,5,63,41,21,181,37,373,940,6201,43,293,152,0,11,0,4,0,64,0,10,3,2,4,2,22,0,0,0,0,1,3,25,14,142,283,1918,10,74,46,0,0,0,4,0,0,0,0,0,0,9,0,1,0,0,0,0,0
"2021-10-06",5,102,2,32,63,1046,5,68,45,14,186,41,400,864,6988,40,329,163,1,12,0,4,0,64,0,10,3,0,2,0,19,0,0,0,0,1,4,27,13,148,294,2201,11,84,50,1,1,0,4,0,0,0,0,0,0,9,0,1,0,0,0,0,0
"2021-10-07",4,96,3,33,160,1061,9,68,45,14,181,43,404,1092,7468,50,348,159,3,14,1,4,22,74,4,12,5,0,2,1,18,10,10,1,1,2,3,29,17,149,197,2212,8,85,52,0,1,0,3,0,0,0,0,0,1,10,0,1,0,0,0,0,0
"2021-10-08",8,93,3,34,103,1048,6,67,44,15,176,65,438,1510,8087,68,374,164,0,12,0,4,6,54,1,10,6,0,2,4,20,0,10,0,1,2,0,25,6,134,271,2118,10,79,48,0,1,2,5,0,0,0,0,0,0,8,0,0,0,0,0,0,0
"2021-10-09",3,76,4,34,14,890,1,57,40,7,163,9,403,273,7210,12,333,151,0,8,0,3,0,54,0,10,6,1,3,1,17,0,10,0,1,2,2,21,10,120,68,1728,4,66,45,0,1,0,4,0,0,0,0,1,0,6,0,0,0,0,0,0,0
"2021-10-10",5,74,0,31,0,786,0,49,33,12,159,17,388,124,6833,6,315,149,0,8,0,1,0,54,0,10,6,0,3,2,16,0,10,0,1,2,4,25,7,115,28,1489,1,57,44,0,1,1,4,0,0,0,0,1,0,5,0,0,0,0,0,0,0
"2021-10-11",8,67,4,30,104,581,6,36,30,46,181,81,410,1104,6625,53,307,148,3,11,0,1,0,39,0,8,5,2,5,5,21,16,26,2,3,4,7,30,21,118,349,1595,14,62,41,0,1,0,4,0,0,0,0,1,0,3,0,0,0,0,0,0,0
"2021-10-12",11,69,1,28,69,646,5,40,32,26,193,46,439,934,7348,44,341,159,1,11,0,1,0,39,0,8,5,2,7,5,24,73,99,7,10,4,3,32,16,122,523,2061,21,81,45,0,1,1,5,0,0,0,0,1,0,2,0,0,0,0,0,0,0
"2021-10-13",16,77,3,31,133,770,9,48,38,22,205,49,469,1420,8643,67,400,178,1,11,0,1,5,44,1,9,5,0,7,4,27,0,99,0,10,4,2,33,22,140,403,2464,16,97,48,0,1,1,6,0,0,0,0,2,1,2,0,0,0,0,0,0,0
"2021-10-14",8,75,1,26,92,785,6,49,37,20,213,39,472,969,8401,46,390,176,2,12,3,4,0,33,0,6,3,0,7,3,29,0,99,0,10,4,3,35,20,144,366,2474,15,99,48,0,1,1,7,0,0,0,0,2,0,2,0,0,0,0,0,0,0
"2021-10-15",24,95,4,27,348,1076,21,67,47,22,217,46,457,2057,9305,104,441,188,1,13,0,4,46,79,6,12,4,0,7,2,30,0,89,0,9,2,5,36,27,161,702,2964,27,118,47,0,1,1,8,0,0,0,0,2,0,2,0,0,0,0,0,0,0
"2021-10-16",5,94,1,26,0,982,0,60,46,3,196,22,435,143,8305,7,396,178,0,12,0,4,0,79,0,12,4,0,5,0,27,0,82,0,8,1,2,34,10,155,82,2636,3,106,45,0,1,0,8,0,0,0,0,2,0,1,0,0,0,0,0,0,0
"2021-10-17",7,96,0,23,0,907,0,56,43,15,196,19,408,111,7793,5,373,167,0,12,0,4,0,64,0,9,4,1,6,1,26,0,82,0,8,1,1,33,7,148,0,2457,0,98,41,0,0,2,10,0,0,0,0,2,0,1,0,0,0,0,0,0,0
"2021-10-18",19,109,8,26,254,1048,16,66,48,53,233,107,418,2049,8139,98,395,170,6,15,1,4,14,71,5,13,5,3,9,6,30,16,98,1,9,2,8,39,53,186,983,3205,39,128,50,0,0,0,10,0,0,0,0,2,0,0,0,0,0,0,0,0,0
"2021-10-19",24,127,6,31,228,1223,13,76,53,36,256,44,439,1147,9065,52,437,179,4,19,1,5,6,71,2,14,4,6,14,3,30,0,98,0,9,2,4,42,44,221,789,3851,30,153,54,0,0,2,10,0,0,0,0,3,1,1,0,0,0,0,0,0,0
"2021-10-20",10,133,2,30,176,1399,15,91,56,23,270,56,483,1351,10390,65,501,192,3,21,0,5,8,79,3,17,5,1,15,2,31,0,98,0,9,2,7,48,26,241,952,4734,39,188,57,1,1,2,12,0,0,0,0,1,0,1,0,0,0,0,0,0,0
"2021-10-21",26,153,8,34,408,1698,22,106,62,26,265,53,490,1744,11201,83,535,202,3,22,1,6,12,91,2,19,6,1,16,1,31,0,98,0,9,2,1,41,17,242,324,4788,15,192,59,0,1,0,10,0,0,0,0,1,0,1,0,0,0,0,0,0,0
"2021-10-22",29,174,5,37,334,1977,22,124,66,37,276,81,528,1366,11319,62,539,201,5,26,0,6,26,117,5,24,8,3,17,2,26,8,24,1,2,2,1,38,18,240,458,4703,22,191,56,0,1,0,10,0,0,0,0,1,0,1,0,0,0,0,0,0,0
"2021-10-23",8,165,4,40,21,1859,2,116,62,16,243,26,467,159,8116,7,379,158,3,26,0,4,0,89,0,19,7,1,16,1,23,0,24,0,2,2,5,39,17,212,60,3303,2,133,41,0,1,0,8,0,0,0,0,0,0,1,0,0,0,0,0,0,0
"2021-10-24",7,162,0,37,0,1754,0,109,61,22,256,28,459,23,7616,1,355,152,2,27,1,3,0,89,0,19,7,2,16,1,18,0,24,0,2,2,1,36,7,211,0,3188,0,129,41,0,1,0,8,0,0,0,0,0,0,1,0,0,0,0,0,0,0
"2021-10-25",36,180,5,38,262,1647,18,105,55,56,282,64,472,247,6235,11,287,133,7,33,0,3,0,60,0,15,6,5,20,1,17,0,24,0,2,2,10,41,20,204,0,2578,0,105,39,1,2,1,8,0,0,0,0,0,0,1,1,1,0,0,0,0,0
"2021-10-26",20,187,6,43,204,1844,16,120,57,33,304,80,518,23,5935,1,273,128,3,36,0,3,0,60,0,15,6,0,20,0,17,0,24,0,2,2,6,45,26,219,50,2393,2,99,38,2,4,0,7,0,0,0,0,0,1,2,0,1,0,0,0,0,0
"2021-10-27",24,202,9,52,254,2098,19,139,62,53,345,92,597,50,5811,2,266,127,3,39,0,3,0,60,0,15,6,1,21,3,19,0,24,0,2,2,10,54,19,230,15,2379,1,99,39,0,4,1,8,0,0,0,0,0,1,3,0,1,0,0,0,0,0
"2021-10-28",23,212,8,53,222,2105,23,149,61,43,365,73,624,52,4785,2,218,112,1,34,1,4,0,49,0,11,5,1,21,2,20,0,8,0,1,1,15,68,24,235,0,1912,0,80,35,0,4,1,7,0,0,0,0,0,2,5,0,1,0,0,0,0,0
"2021-10-29",33,227,11,59,189,2128,18,156,58,38,370,103,667,44,3689,2,169,94,0,33,1,4,0,46,0,10,4,3,21,3,17,0,8,0,1,1,5,68,12,215,0,1181,0,51,26,1,5,0,7,0,0,0,0,0,3,8,0,1,0,0,0,0,0
"2021-10-30",13,217,2,59,12,1833,1,135,55,20,348,49,668,0,2733,0,124,73,1,29,0,4,0,46,0,10,4,2,18,1,17,0,8,0,1,1,3,64,25,196,0,533,0,25,16,0,5,0,6,0,0,0,0,0,0,8,0,1,0,0,0,0,0
"2021-10-31",5,209,3,58,21,1530,1,119,52,24,356,55,672,25,2028,1,90,53,4,30,0,4,0,38,0,7,3,0,17,3,17,0,8,0,1,1,7,69,19,199,50,444,2,22,14,0,4,0,5,0,0,0,0,0,0,8,0,1,55,55,6,6,1
"2021-11-01",10,184,4,56,0,1098,0,92,41,33,359,126,732,45,561,2,25,16,1,24,0,3,0,13,0,3,1,2,17,3,20,0,8,0,1,1,3,69,36,213,0,336,0,17,12,0,4,0,3,0,0,0,0,0,1,9,2,3,67,122,8,14,1
"2021-11-02",33,202,11,60,121,1145,9,96,43,89,427,322,1015,1251,1558,66,79,45,5,25,4,7,9,9,1,1,1,9,26,9,27,0,0,0,0,0,32,101,66,266,553,713,21,27,22,7,11,2,5,0,0,0,0,0,1,10,0,3,9,131,1,15,1
"2021-11-03",31,223,6,64,167,1303,12,107,51,39,446,104,1084,1562,3097,74,152,88,1,24,0,7,8,17,2,3,2,1,26,3,29,3,3,1,1,1,5,99,41,295,435,1088,23,48,29,0,11,3,8,0,0,0,0,1,2,12,0,3,9,140,1,16,1
"2021-11-04",22,223,6,66,209,1339,11,107,53,30,429,77,1105,1782,4859,85,236,126,2,24,3,9,10,27,1,4,4,1,23,4,32,0,3,0,1,1,2,98,30,311,528,1616,22,70,36,0,10,1,9,0,0,0,0,0,1,12,1,4,0,140,0,16,1
"2021-11-05",12,209,1,62,226,1289,13,93,54,21,413,38,1064,1399,6258,67,303,148,1,20,1,10,49,76,7,11,7,2,23,2,33,0,3,0,1,1,1,92,21,314,472,2088,18,88,46,0,7,4,13,0,0,0,0,0,1,12,0,3,0,140,0,16,1
"2021-11-06",5,194,1,56,0,1113,0,79,51,6,350,21,934,284,6174,13,301,153,2,21,1,11,17,93,3,14,9,1,22,0,24,0,3,0,1,1,0,76,7,282,387,2425,16,102,48,0,5,1,13,0,0,0,0,0,0,11,0,3,0,140,0,16,1
"2021-11-07",2,173,0,43,0,945,0,66,44,2,321,21,888,127,6301,6,307,154,1,19,0,10,0,93,0,14,9,0,21,0,22,0,3,0,1,1,3,70,16,272,174,2599,7,109,49,0,5,1,14,0,0,0,0,0,0,10,0,3,0,140,0,16,1
"2021-11-08",1,157,0,36,8,791,1,50,35,13,283,25,782,1767,8068,85,392,181,1,20,1,11,23,116,3,17,9,2,21,0,22,0,3,0,1,1,1,53,3,250,467,3066,19,128,53,0,5,2,14,0,0,0,0,0,0,8,0,3,8,148,1,17,2
