date,vaccination.age.0-17.1st.todate,vaccination.age.0-17.2nd.todate,vaccination.age.18-24.1st.todate,vaccination.age.18-24.2nd.todate,vaccination.age.25-29.1st.todate,vaccination.age.25-29.2nd.todate,vaccination.age.30-34.1st.todate,vaccination.age.30-34.2nd.todate,vaccination.age.35-39.1st.todate,vaccination.age.35-39.2nd.todate,vaccination.age.40-44.1st.todate,vaccination.age.40-44.2nd.todate,vaccination.age.45-49.1st.todate,vaccination.age.45-49.2nd.todate,vaccination.age.50-54.1st.todate,vaccination.age.50-54.2nd.todate,vaccination.age.55-59.1st.todate,vaccination.age.55-59.2nd.todate,vaccination.age.60-64.1st.todate,vaccination.age.60-64.2nd.todate,vaccination.age.65-69.1st.todate,vaccination.age.65-69.2nd.todate,vaccination.age.70-74.1st.todate,vaccination.age.70-74.2nd.todate,vaccination.age.75-79.1st.todate,vaccination.age.75-79.2nd.todate,vaccination.age.80-84.1st.todate,vaccination.age.80-84.2nd.todate,vaccination.age.85-89.1st.todate,vaccination.age.85-89.2nd.todate,vaccination.age.90+.1st.todate,vaccination.age.90+.2nd.todate
2020-12-27,,,13,,45,,71,,83,,111,,170,,218,,294,,235,,311,,410,,505,,975,,1229,,1520,
2020-12-28,,,23,,89,,115,,158,,187,,273,,334,,471,,320,,374,,499,,610,,1154,,1479,,1761,
2020-12-29,,,38,,121,,169,,240,,294,,386,,489,,658,,441,,485,,569,,672,,1222,,1555,,1832,
2020-12-30,,,44,,144,,203,,270,,339,,434,,534,,708,,487,,502,,585,,687,,1241,,1564,,1841,
2020-12-31,1,,64,,229,,336,,452,,575,,672,,815,,996,,673,,560,,629,,713,,1277,,1581,,1867,
2021-01-01,1,,71,,238,,350,,474,,593,,690,,837,,1015,,681,,560,,629,,715,,1278,,1585,,1874,
2021-01-02,1,,96,,277,,396,,511,,645,,748,,888,,1084,,701,,566,,629,,715,,1279,,1585,,1874,
2021-01-03,1,,98,,332,,475,,571,,715,,824,,939,,1149,,734,,582,,634,,721,,1292,,1595,,1888,
2021-01-04,1,,115,,387,,558,,680,,825,,928,,1079,,1317,,838,,627,,661,,732,,1321,,1627,,1945,
2021-01-05,2,,155,,516,,758,,936,,1083,,1242,,1417,,1728,,1066,,714,,719,,770,,1357,,1660,,1998,
2021-01-06,6,,258,,869,,1233,,1494,,1760,,1925,,2089,,2616,,1541,,895,,846,,831,,1400,,1712,,2035,1
2021-01-07,7,,404,,1279,,1711,,2015,,2372,,2612,,2772,,3428,,2009,,1121,,989,,931,,1487,,1787,,2093,1
2021-01-08,9,,488,,1551,,1956,,2284,,2688,,2943,,3111,,3823,,2286,,1279,,1139,,1038,,1633,,1903,,2151,2
2021-01-09,9,,490,,1565,,1964,,2304,,2714,,2968,,3154,,3861,,2321,,1293,,1146,,1039,,1635,,1911,,2162,2
2021-01-10,9,,490,,1565,,1964,,2304,,2714,,2969,,3154,,3861,,2321,,1293,,1146,,1039,,1635,,1911,,2162,2
2021-01-11,9,,510,,1602,,2010,,2362,,2765,,3023,,3206,,3914,,2358,,1307,,1158,,1044,,1649,,1930,,2174,2
2021-01-12,9,,553,,1678,,2079,,2436,,2833,,3141,,3302,,4045,,2447,,1362,,1221,,1096,,2039,,2272,,2391,2
2021-01-13,9,,620,,1794,,2221,1,2587,,3031,,3344,,3524,2,4309,,2603,,1472,,1314,,1217,,3333,1,3349,2,2914,2
2021-01-14,10,,701,,1931,,2391,1,2759,,3230,,3578,,3760,2,4565,,2759,,1584,1,1437,,1358,,5337,1,5226,2,3759,2
2021-01-15,11,,755,2,2011,17,2507,17,2903,8,3377,12,3767,14,3936,19,4740,25,2872,19,1686,8,1600,5,1500,2,6718,4,6449,4,4341,2
2021-01-16,11,,755,2,2011,17,2507,17,2903,8,3377,12,3767,14,3936,19,4740,25,2872,19,1686,8,1600,5,1500,2,6876,4,6571,4,4385,2
2021-01-17,11,,755,2,2011,17,2507,17,2904,8,3377,12,3767,14,3936,19,4740,25,2872,19,1687,8,1601,5,1500,2,6877,4,6571,4,4385,2
2021-01-18,11,,755,4,2015,37,2512,44,2909,34,3387,34,3774,31,3945,33,4746,51,2873,27,1692,11,1602,6,1503,2,6879,4,6574,4,4386,2
2021-01-19,11,,773,10,2050,50,2529,70,2946,67,3432,78,3828,103,3994,121,4813,134,2911,85,1713,68,1614,96,1516,120,6907,235,6635,315,4435,418
2021-01-20,12,,791,31,2088,105,2584,138,3022,177,3506,208,3930,276,4081,323,4913,433,2965,281,1744,256,1640,320,1557,392,7106,759,6808,935,4552,1143
2021-01-21,12,1,817,56,2141,178,2634,273,3094,366,3585,468,4015,549,4183,688,5017,804,3002,552,1759,447,1668,515,1594,561,7286,1015,7058,1271,4723,1525
2021-01-22,12,1,828,66,2173,217,2677,327,3149,425,3659,555,4084,640,4276,797,5100,937,3029,629,1766,498,1687,554,1612,596,7610,1084,7321,1345,4801,1596
2021-01-23,12,1,832,82,2179,260,2682,386,3154,479,3668,618,4090,714,4282,856,5108,1023,3032,657,1766,505,1687,554,1627,596,7716,1085,7369,1345,4811,1596
2021-01-24,12,1,833,82,2179,260,2683,386,3154,479,3668,619,4091,714,4282,856,5109,1023,3034,661,1767,512,1689,568,1629,613,7718,1107,7369,1377,4815,1633
2021-01-25,12,1,833,82,2179,260,2683,386,3154,479,3668,619,4092,714,4282,857,5109,1023,3034,661,1767,512,1689,569,1631,613,7718,1107,7369,1378,4815,1635
2021-01-26,12,2,842,107,2186,356,2690,546,3158,680,3675,820,4093,929,4283,1084,5116,1317,3038,855,1770,595,1691,599,1634,629,7720,1111,7381,1382,4827,1638
2021-01-27,13,5,852,202,2209,694,2714,954,3197,1200,3697,1358,4118,1548,4316,1707,5152,2142,3056,1285,1776,763,1695,712,1643,684,7726,1160,7385,1426,4833,1669
2021-01-28,14,5,876,319,2236,1061,2760,1405,3239,1721,3730,2045,4162,2273,4353,2470,5202,3048,3077,1812,1798,1013,1706,886,1655,790,7785,1252,7442,1499,4870,1722
2021-01-29,14,8,907,434,2263,1394,2801,1769,3288,2088,3772,2517,4198,2727,4395,2911,5237,3559,3108,2120,1812,1171,1719,1026,1672,891,7870,1376,7503,1607,4894,1777
2021-01-30,14,8,907,435,2263,1395,2801,1770,3288,2090,3772,2522,4199,2730,4397,2918,5237,3569,3110,2135,1813,1186,1719,1038,1672,897,7870,1382,7505,1617,4897,1789
2021-01-31,14,8,907,435,2263,1395,2801,1770,3288,2090,3772,2522,4199,2730,4397,2918,5237,3570,3110,2135,1813,1186,1719,1038,1672,897,7870,1382,7506,1618,4897,1789
2021-02-01,14,8,907,436,2264,1399,2801,1774,3291,2092,3773,2524,4201,2732,4398,2921,5240,3574,3110,2146,1814,1189,1721,1042,1674,898,7871,1382,7512,1620,4897,1790
2021-02-02,14,8,907,457,2265,1449,2802,1812,3293,2140,3776,2580,4202,2821,4400,3003,5242,3676,3111,2225,1814,1231,1722,1079,1676,932,7873,1580,7512,1765,4899,1870
2021-02-03,14,8,917,550,2269,1642,2810,2007,3306,2336,3794,2804,4215,3071,4416,3241,5254,3997,3124,2408,1819,1331,1722,1161,1682,1025,7896,2709,7543,2676,4912,2342
2021-02-04,14,8,922,632,2285,1782,2819,2189,3318,2528,3815,3017,4224,3307,4425,3509,5263,4290,3128,2579,1823,1442,1724,1286,1686,1155,8087,4686,7733,4557,5038,3196
2021-02-05,15,9,941,692,2299,1893,2855,2334,3337,2685,3837,3201,4255,3525,4448,3719,5294,4498,3149,2722,1829,1572,1732,1468,1694,1319,8131,6161,7784,5879,5069,3820
2021-02-06,15,9,941,693,2299,1896,2856,2348,3337,2691,3837,3207,4256,3541,4448,3730,5294,4509,3149,2729,1829,1585,1733,1471,1696,1331,8147,6423,7791,6027,5069,3882
2021-02-07,15,9,941,693,2299,1896,2856,2348,3337,2691,3837,3207,4256,3541,4448,3730,5294,4509,3149,2729,1829,1585,1733,1471,1696,1331,8147,6423,7791,6027,5069,3882
2021-02-08,15,9,941,693,2299,1896,2856,2348,3337,2691,3837,3207,4256,3541,4448,3730,5294,4509,3149,2729,1829,1585,1733,1472,1697,1331,8342,6423,7946,6027,5117,3882
2021-02-09,15,9,941,693,2302,1896,2863,2348,3353,2693,3853,3208,4269,3541,4460,3730,5301,4509,3155,2730,1831,1585,1739,1472,1697,1331,8342,6424,7946,6037,5117,3899
2021-02-10,15,9,981,715,2342,1934,2916,2386,3409,2762,3911,3278,4336,3626,4516,3794,5350,4591,3184,2768,1842,1603,1766,1495,1740,1347,9181,6496,8716,6084,5475,3950
2021-02-11,16,11,1273,762,2475,2020,3023,2476,3564,2883,4071,3392,4487,3790,4645,3955,5509,4750,3285,2845,1888,1644,1806,1527,1825,1401,11610,6737,10878,6418,6234,4105
2021-02-12,19,11,1581,795,2679,2080,3168,2553,3725,2976,4295,3501,4707,3900,4867,4069,5748,4860,3442,2894,1960,1670,1852,1579,1909,1444,14051,7162,12662,6795,6852,4242
2021-02-13,19,11,1582,798,2680,2086,3171,2560,3729,2985,4296,3509,4710,3908,4870,4072,5750,4868,3444,2896,1961,1670,1857,1580,1915,1462,14408,7248,12878,6826,6958,4245
2021-02-14,19,11,1582,798,2680,2086,3171,2562,3729,2985,4296,3509,4711,3909,4870,4072,5750,4869,3444,2898,1961,1671,1857,1581,1916,1464,14414,7250,12886,6826,6958,4249
2021-02-15,19,11,1582,799,2680,2087,3171,2562,3729,2986,4298,3510,4713,3909,4874,4073,5752,4870,3446,2898,1963,1671,1857,1581,1918,1466,14435,7250,12918,6826,6965,4249
2021-02-16,19,11,1806,800,2720,2094,3190,2563,3765,2993,4342,3517,4766,3916,4927,4084,5818,4884,3502,2909,1980,1677,1866,1583,1922,1466,14690,7251,13044,6826,7017,4250
2021-02-17,19,11,2047,810,2790,2122,3234,2589,3816,3045,4387,3553,4821,3954,4994,4123,5882,4943,3555,2935,2009,1691,1891,1590,2251,1488,17102,7368,14151,6914,7369,4322
2021-02-18,19,13,2076,857,2846,2149,3315,2633,3887,3085,4479,3592,4927,3992,5110,4161,6046,4972,3824,2961,2132,1708,1972,1599,2894,1505,21217,7509,15986,7060,7916,4433
2021-02-19,19,13,2130,877,2894,2189,3409,2687,4000,3135,4623,3653,5061,4042,5289,4233,6293,5053,4224,2999,2313,1720,2043,1610,3581,1522,23648,7547,17077,7094,8208,4460
2021-02-20,20,13,2140,877,2917,2189,3433,2690,4037,3135,4660,3655,5093,4042,5332,4233,6342,5054,4292,2999,2348,1720,2075,1610,4486,1523,24425,7550,17426,7099,8311,4463
2021-02-21,20,13,2140,877,2917,2190,3433,2690,4037,3135,4660,3655,5093,4042,5332,4233,6342,5054,4292,2999,2348,1720,2075,1610,4486,1523,24425,7550,17426,7099,8311,4463
2021-02-22,20,13,2154,877,2930,2190,3452,2690,4059,3136,4687,3656,5135,4042,5375,4233,6434,5054,4394,2999,2392,1720,2093,1610,4490,1524,24435,7550,17441,7099,8321,4463
2021-02-23,20,13,2160,877,2941,2190,3466,2693,4082,3136,4727,3656,5185,4043,5428,4234,6534,5055,4508,3000,2420,1721,2134,1611,4988,1526,24775,7550,17583,7100,8385,4463
2021-02-24,20,13,2170,879,2957,2194,3482,2701,4115,3149,4760,3667,5224,4054,5480,4248,6630,5070,4836,3010,2466,1726,2322,1614,6854,1535,27453,7578,18613,7126,8772,4492
2021-02-25,21,13,2243,886,3013,2203,3544,2716,4203,3168,4876,3680,5388,4078,5699,4261,7055,5087,5477,3016,2701,1737,2855,1620,11212,1539,30098,7593,19469,7147,9101,4503
2021-02-26,46,14,2313,914,3080,2233,3636,2760,4316,3206,5029,3732,5569,4123,5971,4302,7519,5134,6386,3051,3039,1744,3205,1627,13826,1548,31131,7671,19867,7211,9273,4525
2021-02-27,46,14,2316,917,3083,2233,3646,2761,4324,3206,5045,3732,5599,4124,6032,4302,7627,5135,6728,3051,3156,1744,3244,1627,13906,1550,31217,7673,19881,7211,9275,4526
2021-02-28,46,14,2316,917,3083,2233,3646,2761,4324,3206,5045,3732,5599,4124,6032,4303,7627,5135,6728,3051,3156,1744,3244,1627,13906,1550,31217,7673,19881,7211,9275,4526
2021-03-01,46,14,2320,917,3088,2233,3654,2761,4342,3206,5071,3732,5632,4124,6098,4303,7766,5135,7276,3051,3332,1744,3293,1627,13921,1550,31232,7673,19899,7211,9294,4526
2021-03-02,46,14,2409,917,3135,2233,3679,2761,4381,3206,5132,3732,5721,4125,6218,4304,8022,5136,7894,3053,3512,1744,3373,1627,14234,1550,31356,7678,19974,7211,9359,4527
2021-03-03,46,14,2472,929,3193,2254,3736,2779,4459,3230,5271,3754,5901,4145,6564,4327,8512,5166,8705,3064,3897,1750,3805,1635,16852,1564,31948,8024,20208,7457,9459,4627
2021-03-04,46,14,2550,958,3265,2299,3822,2840,4567,3319,5421,3837,6098,4225,6889,4400,9125,5267,9529,3112,4219,1787,4110,1671,19406,1635,32630,9818,20496,9024,9592,5181
2021-03-05,47,16,2601,1006,3302,2367,3871,2907,4637,3393,5525,3923,6216,4310,7045,4479,9497,5356,9934,3166,4485,1807,4438,1693,21156,1700,33163,12314,20723,10879,9718,5846
2021-03-06,47,16,2608,1007,3317,2368,3889,2910,4659,3397,5573,3924,6287,4315,7139,4483,9621,5358,10186,3168,4575,1808,4459,1695,21632,1705,33256,12614,20748,11060,9725,5938
2021-03-07,47,16,2608,1007,3317,2368,3889,2910,4659,3397,5573,3924,6288,4315,7140,4483,9621,5358,10186,3168,4575,1808,4459,1695,21632,1705,33256,12614,20748,11060,9725,5938
2021-03-08,47,16,2622,1007,3334,2368,3919,2911,4702,3397,5631,3924,6385,4316,7272,4483,9839,5359,10590,3168,4740,1808,4530,1695,21743,1707,33274,12805,20762,11215,9743,5983
2021-03-09,47,16,2637,1010,3362,2376,3988,2919,4798,3415,5801,3943,6601,4335,7516,4502,10144,5374,12342,3176,5156,1812,4597,1702,21967,1768,33301,12995,20802,11309,9768,6012
2021-03-10,47,16,2674,1022,3433,2384,4086,2939,4988,3439,6108,3966,6979,4356,7970,4526,10820,5396,13792,3199,5569,1824,4753,1745,22164,2055,33488,15427,20909,12784,9844,6560
2021-03-11,47,16,2768,1027,3537,2389,4236,2952,5242,3455,6503,3980,7490,4369,8756,4534,11756,5416,15284,3217,5945,1851,4914,1788,22598,2687,33772,19875,21084,14847,9964,7167
2021-03-12,48,16,2862,1058,3771,2435,4549,3012,5731,3509,7331,4031,8489,4407,10054,4600,13491,5500,16561,3262,6230,1883,5083,1831,22885,3312,34024,22432,21206,16012,10070,7456
2021-03-13,52,17,2934,1061,3931,2441,4824,3016,6161,3517,7997,4037,9297,4411,10822,4608,14523,5512,17623,3280,6740,1897,5427,1854,23145,4186,34064,23199,21213,16369,10070,7563
2021-03-14,53,17,2934,1061,3931,2441,4824,3016,6161,3517,7997,4037,9297,4411,10822,4608,14523,5512,17623,3280,6740,1897,5427,1854,23145,4186,34064,23199,21213,16369,10070,7563
2021-03-15,53,17,2943,1061,3949,2441,4845,3016,6215,3518,8075,4037,9391,4411,10950,4608,14728,5512,17922,3280,6823,1897,5521,1854,23310,4186,34120,23290,21243,16527,10077,7606
2021-03-16,53,17,2943,1061,3949,2441,4845,3016,6216,3518,8076,4039,9392,4411,10952,4608,14730,5512,17931,3280,6826,1899,5529,1860,23464,4541,34180,23586,21269,16619,10086,7638
2021-03-17,53,17,2944,1064,3950,2446,4850,3022,6219,3522,8080,4042,9395,4416,10956,4612,14738,5523,17939,3287,6840,1909,5598,2068,23619,6460,34259,25956,21325,17483,10127,7931
2021-03-18,54,17,2947,1065,3953,2452,4852,3029,6222,3532,8083,4050,9399,4433,10961,4626,14751,5536,17950,3300,6859,1931,5777,2434,24615,10589,34545,28647,21428,18339,10175,8224
2021-03-19,55,41,2953,1087,3979,2461,4894,3047,6262,3557,8165,4069,9515,4462,11084,4656,14898,5577,18062,3319,6946,1956,6099,2658,25746,13063,35025,29752,21645,18709,10239,8327
2021-03-20,55,41,2968,1087,4066,2461,4990,3047,6402,3557,8367,4069,9777,4462,11364,4658,15159,5578,18202,3319,7015,1957,6263,2671,27633,13130,35390,29833,21723,18724,10259,8328
2021-03-21,55,41,2968,1087,4066,2461,4990,3047,6402,3557,8367,4069,9777,4462,11364,4658,15159,5578,18202,3319,7015,1957,6263,2671,27633,13130,35390,29833,21723,18724,10260,8328
2021-03-22,55,41,2969,1088,4074,2462,5000,3047,6416,3557,8403,4069,9811,4462,11436,4658,15282,5578,18324,3319,7077,1957,6413,2671,28017,13130,35470,29836,21743,18726,10271,8330
2021-03-23,55,41,3007,1088,4127,2466,5083,3047,6542,3557,8618,4069,10099,4462,11811,4658,15755,5578,19206,3320,7379,1965,6832,2692,28600,13201,35582,29964,21775,18792,10289,8346
2021-03-24,58,41,3058,1089,4201,2471,5173,3052,6683,3564,8779,4072,10380,4470,12128,4665,16176,5586,19851,3325,7583,2037,8553,3003,31173,14684,36006,30437,21949,18950,10382,8427
2021-03-25,60,41,3112,1094,4260,2480,5276,3055,6848,3569,9004,4086,10647,4479,12404,4679,16543,5596,20559,3330,8217,2055,12228,3221,35359,16216,36737,30884,22251,19148,10553,8506
2021-03-26,60,41,3279,1111,4525,2500,5665,3077,7494,3591,9900,4117,11762,4493,13658,4696,18028,5610,21870,3358,8784,2105,15311,3491,37259,17455,37106,31267,22439,19315,10689,8571
2021-03-27,62,41,3398,1111,4782,2501,5972,3080,7943,3594,10486,4122,12447,4497,14385,4704,18982,5611,23012,3361,9237,2108,16133,3510,37514,17752,37144,31367,22449,19354,10691,8581
2021-03-28,62,41,3455,1111,4854,2501,6031,3080,8028,3594,10598,4122,12577,4497,14537,4704,19161,5611,23175,3361,9325,2108,16198,3510,37595,17753,37156,31368,22451,19355,10692,8581
2021-03-29,62,41,3461,1111,4877,2501,6088,3080,8120,3594,10737,4122,12696,4498,14688,4704,19318,5612,23377,3363,9424,2109,16264,3510,37605,17753,37162,31369,22453,19355,10693,8582
2021-03-30,63,42,3497,1112,5067,2501,6346,3080,8411,3595,11160,4123,13201,4501,15255,4705,19953,5616,23938,3364,9864,2112,19326,3542,38182,17968,37271,31409,22503,19372,10710,8586
2021-03-31,84,42,3580,1118,5337,2503,6671,3086,8796,3601,11707,4132,13835,4504,15911,4716,20557,5638,24698,3370,10782,2121,25846,3643,39482,18800,37495,31607,22625,19453,10760,8626
2021-04-01,84,42,3603,1119,5381,2505,6751,3091,8888,3605,11860,4138,13996,4512,16131,4725,20807,5646,25488,3384,13117,2147,36230,3747,41026,20411,37846,32168,22838,19679,10914,8733
2021-04-02,86,42,3660,1122,5425,2508,6812,3102,8979,3607,11981,4142,14136,4517,16327,4728,21091,5652,26252,3390,15391,2174,41277,3797,41797,21700,38010,32606,22913,19854,10960,8839
2021-04-03,86,42,3666,1122,5438,2508,6820,3102,8994,3607,12008,4142,14186,4517,16366,4728,21169,5654,26513,3392,15909,2179,43048,3806,42042,21707,38060,32608,22928,19855,10965,8841
2021-04-04,86,42,3668,1122,5439,2508,6830,3102,9007,3607,12023,4142,14211,4517,16396,4728,21211,5654,26607,3392,16124,2179,44039,3806,42160,21707,38089,32609,22935,19856,10967,8841
2021-04-05,86,42,3668,1122,5439,2508,6830,3102,9007,3607,12024,4142,14211,4517,16396,4728,21211,5654,26607,3392,16124,2179,44039,3806,42160,21707,38089,32609,22935,19856,10967,8841
2021-04-06,86,42,3671,1122,5439,2509,6833,3102,9009,3607,12034,4143,14229,4518,16424,4729,21288,5655,28612,3393,16373,2184,44072,3856,42174,21984,38098,32624,22944,19864,10976,8849
2021-04-07,86,42,3675,1122,5442,2509,6842,3102,9021,3607,12056,4143,14257,4518,16454,4729,21348,5655,32536,3394,17484,2185,44764,3856,42345,21996,38155,32629,22963,19866,10981,8850
2021-04-08,99,43,3709,1128,5461,2511,6873,3105,9058,3610,12106,4149,14324,4524,16533,4743,21463,5673,35003,3407,23932,2202,49061,3957,43005,22262,38388,32743,23095,19930,11057,8888
2021-04-09,101,44,3727,1135,5478,2518,6896,3118,9081,3622,12140,4159,14379,4539,16604,4753,21574,5704,36209,3441,34987,2263,53614,4126,43849,22914,38695,33139,23241,20126,11154,8981
2021-04-10,103,44,3744,1135,5489,2518,6912,3118,9106,3623,12182,4160,14451,4541,16703,4756,21743,5707,37318,3444,39996,2265,55800,4131,44082,22958,38757,33186,23264,20140,11160,8987
2021-04-11,104,44,3748,1135,5494,2518,6920,3118,9118,3623,12196,4161,14470,4541,16736,4756,21781,5707,37388,3445,40831,2271,56233,4137,44179,22959,38790,33188,23274,20144,11163,8987
2021-04-12,104,44,3749,1135,5497,2518,6920,3118,9120,3623,12201,4161,14477,4541,16750,4756,21799,5707,38046,3445,41507,2272,56408,4198,44243,23058,38807,33215,23286,20157,11168,8992
2021-04-13,104,44,3749,1139,5500,2521,6922,3122,9121,3629,12206,4175,14480,4551,16760,4774,21825,5714,39299,3468,42815,2279,56754,4354,44328,23453,38839,33309,23293,20189,11178,9004
2021-04-14,107,47,3768,1140,5521,2523,6950,3127,9178,3634,12284,4178,14563,4556,16918,4780,22078,5719,40556,3482,46682,2345,58188,5647,44663,25413,38966,33643,23367,20295,11221,9058
2021-04-15,119,48,3811,1143,5536,2526,6980,3140,9230,3646,12348,4191,14634,4569,17030,4800,22305,5751,41261,3514,52150,2743,60086,9070,45131,30285,39155,34439,23463,20561,11263,9224
2021-04-16,120,48,3843,1149,5580,2528,7043,3149,9320,3662,12524,4218,14906,4587,17322,4826,22681,5779,42303,3571,56151,2947,61421,11003,45538,32659,39318,35035,23550,20869,11301,9364
2021-04-17,120,48,3848,1152,5587,2531,7052,3150,9337,3663,12554,4219,14936,4593,17366,4834,22774,5786,43257,3583,57090,2979,61681,11877,45612,34862,39350,35433,23561,20961,11305,9388
2021-04-18,120,48,3851,1152,5590,2531,7055,3150,9342,3663,12557,4219,14944,4593,17375,4835,22800,5786,43721,3583,57480,2979,61917,11878,45701,34865,39368,35434,23581,20962,11307,9388
2021-04-19,120,48,3880,1156,5608,2532,7092,3151,9400,3665,12646,4219,15097,4594,17643,4839,23451,5789,44035,3613,58023,2984,62033,11972,45744,35059,39378,35461,23586,20969,11309,9389
2021-04-20,120,49,3923,1157,5685,2535,7195,3153,9569,3668,12951,4228,15449,4603,18867,4853,25219,5827,44737,3631,58352,3125,62126,13062,45786,35215,39386,35483,23590,20975,11309,9391
2021-04-21,122,49,4040,1171,5727,2552,7291,3175,9697,3698,13150,4266,15834,4649,19424,4923,26001,5948,46830,3799,60167,3796,63022,19029,46144,36779,39539,35730,23678,21117,11345,9454
2021-04-22,122,71,4144,1203,5813,2559,7400,3189,9875,3710,13466,4288,16199,4666,19915,4953,26561,6008,48780,3919,62738,5280,63819,27196,46475,38184,39673,36052,23769,21251,11408,9547
2021-04-23,135,73,7409,1247,5995,2565,7604,3200,10177,3726,13892,4308,16965,4699,20790,5005,27724,6071,50003,3999,64143,6350,64402,31483,46699,39050,39797,36245,23844,21355,11466,9588
2021-04-24,136,73,7790,1247,6027,2565,7771,3204,10481,3730,14376,4318,17334,4708,20967,5006,28064,6077,50159,4003,64194,6413,64419,31801,46706,39085,39799,36256,23845,21366,11468,9597
2021-04-25,136,73,7790,1247,6029,2565,7773,3204,10481,3730,14376,4318,17335,4708,20967,5007,28065,6077,50189,4003,64357,6413,64731,31809,46802,39098,39827,36261,23863,21366,11473,9597
2021-04-26,136,73,7813,1249,6041,2565,7793,3205,10503,3730,14409,4318,17386,4708,21052,5008,28172,6079,50206,4003,64365,6414,64731,31809,46802,39099,39828,36261,23863,21366,11473,9597
2021-04-27,136,73,7877,1250,6118,2566,7819,3206,10536,3730,14471,4318,17447,4711,21109,5011,28243,6085,50212,4003,64367,6414,64733,31809,46802,39099,39828,36261,23863,21366,11473,9598
2021-04-28,137,73,7920,1252,6142,2567,7844,3208,10632,3733,14579,4323,17638,4725,21367,5020,28675,6110,50973,4043,65047,7786,65089,34651,46943,39526,39884,36340,23886,21397,11485,9602
2021-04-29,140,86,7956,1359,6165,2617,7884,3226,10689,3766,14670,4358,17787,4770,21831,5105,29468,6199,52592,4260,66596,13083,65632,40569,47205,40598,40057,36596,24015,21515,11575,9660
2021-04-30,145,87,8074,1508,6252,2655,7966,3260,10821,3807,14881,4410,18005,4847,22394,5180,30282,6302,53875,4647,68314,21976,66266,44472,47501,41348,40171,36844,24072,21614,11597,9716
2021-05-01,145,90,8077,1522,6254,2665,7970,3278,10825,3834,14891,4449,18026,4920,22417,5288,30414,6461,54220,4903,68523,26013,66347,45871,47522,41524,40181,36888,24076,21624,11600,9720
2021-05-02,147,90,8088,1523,6258,2666,7980,3289,10835,3847,14914,4465,18051,4946,22447,5318,30483,6507,55125,5001,68621,26214,66403,47139,47544,41848,40195,36983,24087,21652,11602,9725
2021-05-03,147,90,8095,1530,6273,2669,7998,3294,10858,3855,14951,4474,18139,4954,23431,5327,32275,6527,55979,5070,69243,27748,66722,48157,47689,42033,40282,37028,24157,21676,11645,9730
2021-05-04,151,90,8175,1545,6398,2703,8167,3332,11081,3871,15293,4518,18555,4996,24370,5371,35092,6596,57130,5201,69720,29031,66954,49041,47807,42200,40337,37070,24184,21691,11652,9738
2021-05-05,152,93,8227,1694,6489,2761,8289,3375,11305,3936,15599,4611,18991,5109,26350,5511,39482,6754,58005,5366,70560,33182,67396,51217,48025,42613,40460,37227,24247,21767,11676,9775
2021-05-06,153,105,8270,1882,6574,2833,8419,3426,11554,4045,15923,4740,19416,5256,31249,5736,44010,7066,60026,5782,72043,39861,68137,54099,48380,43262,40664,37462,24374,21896,11762,9847
2021-05-07,155,109,8417,1970,6911,2997,8829,3625,12108,4304,16603,5104,20227,5628,34685,6070,47395,7520,61660,6249,73058,43840,68733,55477,48669,43609,40827,37599,24464,21971,11810,9893
2021-05-08,155,109,8482,1989,7019,3044,8972,3693,12326,4393,16927,5236,20754,5804,36170,6239,48794,7718,62254,6539,73366,45387,68938,57624,48763,43918,40865,37687,24484,21997,11817,9905
2021-05-09,155,109,8556,1989,7077,3047,9072,3693,12449,4395,17116,5239,21076,5807,36281,6246,49145,7723,62420,6554,73494,45459,68967,57646,48774,43922,40870,37688,24484,21997,11817,9905
2021-05-10,155,110,8672,2170,7170,3105,9270,3775,12781,4525,17591,5419,21720,6008,36504,6386,49309,7850,62467,6654,73515,45522,68980,57704,48779,43942,40871,37707,24484,22012,11818,9914
2021-05-11,162,110,8821,2358,7354,3166,9544,3854,13129,4622,19783,5542,22830,6140,37545,6509,50336,8017,63175,7041,74095,45994,69334,57866,48958,44014,40953,37744,24513,22045,11829,9935
2021-05-12,190,111,9180,2414,7734,3237,10051,3971,13997,4916,21082,5963,24730,6700,41588,6756,53257,8276,64917,8291,75279,47520,69985,58545,49284,44231,41141,37845,24661,22105,11903,9973
2021-05-13,248,114,9592,2546,8349,3523,10853,4323,15023,5178,22916,6309,29586,7006,44201,7045,56274,8641,66497,10266,76351,50648,70720,59996,49673,44747,41414,38037,24800,22221,12007,10033
2021-05-14,264,123,10134,2856,8907,3816,11547,4644,17416,5674,25224,6941,32275,7834,46955,7613,58529,9267,67729,11959,77231,52397,71201,60732,49976,44997,41602,38161,24901,22293,12064,10074
2021-05-15,266,124,10670,3147,9540,4190,12242,5025,18403,6193,26228,7531,32954,8327,47586,7915,59448,9902,68243,12535,77431,52526,71265,60770,50009,45010,41627,38170,24915,22300,12067,10079
2021-05-16,266,124,10673,3150,9547,4195,12250,5031,18411,6204,26265,7544,33008,8350,47619,7930,59469,9962,68248,13967,77434,53259,71266,61216,50010,45147,41628,38206,24916,22326,12067,10089
2021-05-17,266,125,10824,3358,10061,4331,13349,5215,18764,6431,26835,7929,33672,8840,47712,8485,59515,10780,68259,15616,77444,53640,71280,61289,50014,45172,41643,38210,24923,22326,12075,10093
2021-05-18,300,125,12037,3519,10868,4434,14079,5373,19734,6652,28278,8190,35114,9106,48727,8830,60456,11222,68972,16152,77884,54283,71603,61518,50167,45258,41731,38281,24951,22396,12097,10165
2021-05-19,347,127,12897,3701,11599,4606,15177,5592,21390,6959,30545,8614,37368,9684,50503,9460,62219,12188,70186,18415,78851,55810,72140,61963,50483,45445,41947,38386,25085,22459,12207,10209
2021-05-20,432,130,14736,3823,13352,4751,17523,5775,24354,7185,34510,8883,41325,10032,52516,9997,64019,13047,71319,20118,79626,57419,72608,62480,50730,45704,42120,38535,25197,22576,12277,10286
2021-05-21,481,136,15893,4124,14633,5240,18939,6175,25864,7726,36452,9792,43132,11099,54049,11261,65540,14737,72372,23117,80348,59203,73117,63299,51034,46069,42299,38665,25281,22650,12321,10332
2021-05-22,491,139,16266,4209,14904,5387,19294,6387,26316,8078,36897,10337,43559,11818,54388,12036,65886,15843,72563,25293,80499,60263,73183,63573,51074,46169,42316,38716,25283,22670,12322,10338
2021-05-23,491,139,16320,4209,14977,5389,19414,6392,26414,8079,36993,10339,43653,11826,54583,12043,66044,15857,72666,26137,80562,60687,73257,63968,51130,46279,42335,38744,25293,22684,12326,10343
2021-05-24,500,139,16476,4350,15079,5507,19533,6539,26551,8321,37137,10726,43819,12325,54696,12685,66118,16866,72727,27545,80613,61214,73283,64138,51155,46308,42350,38760,25299,22699,12332,10361
2021-05-25,505,140,16711,4517,15266,5657,19783,6713,26960,8555,37560,11080,44195,12719,55004,13588,66395,18167,72932,29098,80881,62045,73594,64592,51386,46572,42483,38897,25381,22786,12375,10396
2021-05-26,522,147,17138,4715,15620,5835,20207,6925,27486,8817,38242,11436,44870,13133,55923,16473,67324,24417,73727,31190,81511,63301,73918,65153,51614,46829,42640,39039,25499,22870,12456,10436
2021-05-27,553,147,17878,4940,16201,6056,20964,7248,28320,9216,39303,12013,45860,13804,56944,21473,68280,30702,74505,34678,82151,65078,74280,66059,51820,47223,42799,39215,25599,22983,12528,10495
2021-05-28,572,148,18362,5170,16608,6353,21476,7633,28978,9805,40082,12847,46677,14848,58270,24171,69523,33936,75355,37060,82774,66457,74677,66743,52012,47516,42923,39338,25680,23042,12579,10530
2021-05-29,574,148,18450,5261,16694,6461,21574,7773,29103,9987,40241,13146,46824,15244,59105,25957,70381,35415,76118,38330,83233,67145,74844,67070,52059,47591,42949,39385,25690,23065,12581,10537
2021-05-30,574,148,18450,5261,16694,6461,21574,7773,29104,9987,40241,13146,46824,15244,59105,25958,70381,35415,76118,38330,83233,67145,74844,67070,52059,47591,42949,39385,25690,23065,12581,10537
2021-05-31,575,148,18701,5390,16931,6590,21838,7928,29418,10186,40596,13495,47141,15613,59424,26601,70650,36088,76438,39319,83453,67464,74921,67163,52093,47608,42969,39399,25693,23080,12581,10548
2021-06-01,589,156,19103,5724,17218,6851,22236,8256,29870,10608,41095,14079,47756,16411,60013,28174,71251,38243,76755,43189,83652,68479,75070,67452,52185,47718,43036,39478,25732,23126,12611,10579
2021-06-02,767,159,20826,6026,18692,7158,23716,8673,31561,11249,42831,15035,49395,17708,61803,31248,72994,40878,77673,45912,84260,69735,75454,67972,52399,47962,43193,39608,25840,23198,12689,10628
2021-06-03,904,220,22940,6601,20351,7620,25503,9249,33744,12155,45238,16626,51792,21945,63311,34353,74362,43967,78640,48549,84925,71043,75898,68700,52684,48296,43371,39837,25989,23320,12786,10687
2021-06-04,988,230,24087,7518,21432,8411,26602,10309,35024,13600,46658,18641,53166,24407,64606,38026,75463,47902,79149,51066,85198,72247,76078,69235,52783,48553,43475,39973,26064,23390,12841,10758
2021-06-05,1104,239,24888,7809,22132,8680,27329,10598,35825,13932,47585,19421,54124,25328,65112,39199,75855,49117,79434,51973,85394,72654,76186,69403,52850,48639,43516,40032,26081,23405,12845,10761
2021-06-06,1177,240,25502,8121,22591,8905,27880,10869,36436,14238,48304,19812,54716,25728,65254,39333,75940,49421,79510,52127,85454,72779,76233,69478,52865,48661,43529,40041,26086,23406,12846,10761
2021-06-07,1223,241,25843,8257,22845,9039,28129,11009,36724,14484,48628,20172,55049,26176,65599,39827,76210,50058,79734,53689,85602,73031,76341,69508,52931,48672,43577,40050,26121,23411,12859,10769
2021-06-08,1326,276,26682,8793,23477,9503,28820,11597,37554,15264,49699,21293,56023,27312,66327,40601,76831,50865,80074,54524,85881,73423,76520,69693,53018,48755,43645,40115,26174,23441,12879,10785
2021-06-09,1511,327,27995,9581,24406,10256,29956,12593,38841,16633,51087,23171,57208,29318,67040,42226,77375,52491,80429,55912,86135,74215,76714,70116,53143,48991,43733,40239,26246,23499,12928,10817
2021-06-10,1865,391,30591,10636,26209,11222,31700,13922,40806,18373,53208,25738,59331,32168,67952,44042,78169,54249,81091,58021,86602,75027,76978,70523,53307,49204,43855,40352,26317,23565,12989,10852
2021-06-11,2060,449,31602,11593,26851,12198,32463,15087,41705,19759,54272,27785,60387,34322,68604,46219,78727,56620,81500,60392,86856,76022,77115,70941,53431,49414,43931,40471,26389,23618,13055,10872
2021-06-12,2206,451,32354,11929,27296,12676,32954,15587,42277,20419,54901,28589,60976,35241,68930,47051,78990,57520,81666,61142,86985,76358,77195,71047,53483,49466,43960,40493,26403,23627,13060,10875
2021-06-13,2252,458,32732,11968,27560,12706,33255,15647,42578,20491,55515,28651,61549,35323,68997,47127,79020,57614,81687,61241,86995,76430,77208,71058,53488,49473,43964,40495,26404,23629,13060,10875
2021-06-14,2303,469,33335,12342,27961,12825,33614,15808,42974,20725,55758,28938,61779,35778,69153,47695,79175,58229,81802,62089,87087,76637,77270,71108,53533,49485,43985,40500,26412,23631,13062,10875
2021-06-15,2581,477,34387,12729,28629,13150,34313,16154,43712,21255,56344,29563,62286,36410,69448,48191,79439,58726,82016,62698,87239,76904,77392,71245,53591,49542,44029,40534,26428,23651,13068,10887
2021-06-16,3037,491,35436,13512,29252,13721,35010,16910,44568,22303,57165,30963,63014,37799,69887,49316,79906,59833,82413,63846,87538,77576,77593,71583,53714,49722,44097,40619,26474,23703,13085,10921
2021-06-17,3914,528,36486,14830,29853,14742,35589,18178,45271,23822,57903,32682,63766,39450,70431,50725,80433,61208,82808,65187,87870,78336,77818,71948,53848,49910,44206,40756,26570,23794,13176,10982
2021-06-18,4145,558,37170,15595,30251,15340,35971,19066,45718,24813,58380,33932,64224,40628,70860,51781,80842,62277,83126,66282,88124,78810,78008,72213,53958,50070,44282,40862,26609,23857,13202,11029
2021-06-19,4192,559,37416,15720,30373,15401,36117,19141,45878,24934,58553,34067,64375,40761,70948,51892,80915,62407,83179,66636,88161,78880,78027,72231,53969,50077,44290,40867,26610,23858,13203,11029
2021-06-20,4192,559,37428,15796,30381,15520,36123,19294,45884,25127,58566,34358,64388,41107,70959,51982,80924,62494,83183,66690,88165,78889,78031,72231,53969,50077,44290,40867,26610,23858,13203,11029
2021-06-21,4411,562,37690,16190,30539,15768,36258,19604,46039,25469,58741,34807,64563,41572,71067,52329,81007,62847,83280,67543,88223,79083,78077,72311,54007,50136,44309,40889,26624,23867,13210,11033
2021-06-22,4750,584,38141,16793,30766,16197,36514,20137,46292,26094,59020,36637,64824,42619,71296,53120,81242,63573,83444,68117,88351,79386,78188,72491,54070,50230,44356,40948,26647,23890,13226,11057
2021-06-23,5270,745,38806,18444,31130,17467,36912,21431,46706,27627,59476,38265,65278,44375,71645,55080,81607,65492,83756,69255,88613,80131,78356,72884,54188,50451,44432,41054,26688,23962,13237,11083
2021-06-24,5598,955,39453,20690,31512,19109,37299,23147,47120,29719,59923,40753,65769,46941,72091,57480,82029,67706,84140,70995,88911,81205,78577,73555,54299,50806,44511,41246,26739,24059,13263,11132
2021-06-25,5598,955,39455,20700,31512,19111,37301,23153,47120,29723,59924,40758,65771,46950,72092,57486,82029,67712,84141,71004,88912,81207,78577,73555,54299,50806,44511,41246,26739,24059,13263,11132
2021-06-26,5623,967,39517,20895,31542,19219,37335,23292,47161,29886,59969,40912,65800,47137,72136,58108,82077,68382,84183,71748,88928,81680,78592,73737,54304,50864,44512,41273,26740,24071,13264,11136
2021-06-27,5623,967,39521,20899,31542,19219,37335,23292,47162,29887,59971,40914,65802,47139,72136,58108,82077,68382,84183,71748,88928,81682,78592,73737,54304,50864,44512,41273,26740,24071,13264,11136
2021-06-28,5711,1016,39714,21385,31669,19549,37433,23638,47282,31230,60125,41671,65940,47613,72210,58444,82162,68718,84254,72114,88998,81902,78638,73830,54323,50901,44532,41300,26746,24080,13265,11143
2021-06-29,5801,1144,40027,23023,31833,20717,37601,25087,47448,32224,60312,42764,66147,48637,72360,59198,82334,69417,84369,72805,89086,82208,78701,74006,54360,51023,44553,41382,26755,24108,13270,11158
2021-06-30,6036,1281,40571,24360,32084,21599,37877,26144,47770,33389,60688,44093,66493,49868,72642,60403,82624,70456,84627,73603,89297,82681,78846,74254,54450,51182,44628,41518,26801,24200,13280,11225
2021-07-01,6270,1637,41008,26532,32368,23080,38160,27730,48047,35201,61037,46168,66791,51863,72956,61709,82926,71796,84905,75101,89527,83291,79011,74565,54545,51352,44711,41621,26846,24260,13309,11266
2021-07-02,6716,1849,41473,27925,32613,24038,38433,28762,48380,36429,61371,47609,67114,53283,73218,62665,83250,72631,85184,76121,89748,83696,79181,74759,54648,51469,44777,41693,26874,24293,13320,11290
2021-07-03,6747,1865,41532,28122,32647,24145,38459,28874,48422,36571,61416,47739,67155,53423,73252,62725,83286,72681,85209,76324,89774,83713,79190,74773,54657,51478,44779,41697,26877,24294,13321,11293
2021-07-04,6747,1865,41532,28122,32647,24149,38459,28879,48422,36576,61416,47740,67155,53426,73252,62725,83286,72681,85209,76324,89774,83713,79190,74773,54657,51478,44779,41697,26877,24294,13321,11293
2021-07-05,6868,1930,41694,28788,32745,24575,38551,29343,48528,37108,61525,48428,67295,54087,73383,63260,83409,73263,85333,76749,89871,83956,79255,74897,54697,51548,44804,41741,26889,24313,13327,11296
2021-07-06,7035,2185,41928,29885,32894,25252,38725,30063,48746,37919,61718,49302,67498,54946,73545,63661,83604,73608,85490,77044,90006,84130,79369,75002,54772,51607,44844,41771,26912,24329,13335,11305
2021-07-07,7296,2503,42442,31130,33172,26047,39071,30969,49115,39025,62113,50385,67901,55998,73921,64275,84012,74245,85852,77689,90313,84502,79576,75199,54897,51735,44921,41848,26960,24367,13351,11322
2021-07-08,7772,3182,43012,32597,33511,26937,39443,31921,49546,40280,62593,51734,68378,57262,74361,65154,84495,75101,86345,78463,90739,84922,79885,75483,55095,51897,45043,41930,27031,24415,13386,11354
2021-07-09,7971,3482,43427,33731,33750,27632,39716,32600,49929,41132,62980,52626,68815,58212,74726,65854,84921,75784,86699,79181,91063,85256,80116,75676,55228,52013,45135,41996,27068,24447,13405,11367
2021-07-10,8009,3512,43483,33815,33803,27675,39772,32656,49985,41172,63051,52710,68894,58298,74813,65928,84987,75838,86758,79210,91109,85272,80146,75693,55246,52022,45139,41999,27073,24448,13405,11367
2021-07-11,8018,3515,43495,33828,33817,27685,39783,32666,50010,41191,63068,52725,68920,58313,74830,65946,85012,75855,86777,79223,91125,85280,80157,75697,55256,52026,45141,42000,27075,24449,13405,11367
2021-07-12,8159,3630,43831,34519,34022,28172,40010,33106,50262,41727,63369,53172,69182,58748,75097,66213,85279,76074,87026,79412,91327,85378,80316,75766,55324,52072,45197,42031,27090,24462,13409,11374
2021-07-13,8367,3925,44167,35163,34244,28533,40233,33443,50548,42159,63653,53688,69470,59206,75371,66557,85568,76380,87231,79713,91510,85553,80453,75878,55398,52132,45239,42060,27112,24473,13412,11376
2021-07-14,8756,4299,44820,36044,34697,29107,40733,34066,51133,42868,64283,54405,70079,59926,75916,67054,86105,76840,87672,80066,91858,85830,80707,76030,55549,52231,45323,42113,27165,24500,13437,11396
2021-07-15,9151,4684,45595,37207,35195,29788,41313,34884,51866,43834,65130,55584,70824,60930,76574,67745,86749,77479,88231,80566,92312,86161,80988,76241,55717,52375,45446,42220,27219,24610,13467,11443
2021-07-16,9438,4973,46292,38055,35653,30233,41912,35412,52546,44430,65943,56267,71555,61578,77185,68248,87311,77961,88652,80955,92605,86381,81184,76386,55858,52476,45537,42291,27263,24654,13491,11462
2021-07-17,9455,4984,46422,38178,35765,30334,42030,35505,52720,44567,66108,56398,71749,61727,77335,68362,87436,78056,88713,81021,92664,86409,81213,76409,55884,52490,45549,42295,27268,24656,13495,11464
2021-07-18,9456,4984,46422,38178,35768,30335,42030,35505,52720,44567,66109,56399,71752,61730,77342,68365,87440,78057,88713,81021,92667,86409,81215,76409,55885,52490,45551,42295,27269,24657,13495,11464
2021-07-19,9593,5081,46804,38629,35993,30577,42308,35807,53022,44921,66424,56728,72118,62114,77642,68604,87702,78282,88896,81181,92857,86521,81318,76464,55955,52520,45587,42315,27286,24663,13497,11466
2021-07-20,9769,5203,47192,39082,36253,30879,42587,36101,53340,45254,66815,57136,72465,62494,77990,68880,87986,78535,89119,81344,93028,86647,81421,76540,56041,52572,45649,42386,27313,24705,13504,11494
2021-07-21,10168,5404,47905,39767,36708,31300,43076,36542,53850,45777,67422,57788,73107,63175,78504,69321,88517,78982,89547,81676,93370,86879,81664,76698,56195,52668,45734,42473,27346,24764,13526,11542
2021-07-22,10599,5833,48646,40433,37109,31714,43578,37028,54409,46436,68035,58504,73741,63877,79023,69803,89070,79443,89994,82062,93759,87164,81923,76900,56383,52801,45860,42588,27392,24855,13549,11644
2021-07-23,10861,6037,49301,41063,37526,32101,44041,37473,54905,46915,68673,59060,74334,64450,79585,70274,89594,79899,90424,82439,94071,87434,82133,77081,56535,52916,45962,42668,27431,24902,13562,11673
2021-07-24,10905,6064,49410,41153,37610,32161,44147,37545,55018,47010,68805,59152,74449,64535,79702,70351,89699,79967,90491,82481,94117,87457,82171,77095,56553,52924,45968,42671,27443,24906,13562,11673
2021-07-25,10907,6064,49411,41154,37611,32166,44148,37550,55018,47011,68806,59153,74450,64536,79702,70351,89699,79967,90492,82483,94117,87457,82171,77095,56553,52925,45968,42671,27443,24906,13562,11673
2021-07-26,11119,6217,49805,41517,37865,32408,44422,37765,55318,47301,69155,59424,74768,64832,79993,70565,90012,80137,90713,82630,94256,87565,82310,77170,56624,52974,46007,42699,27461,24922,13564,11677
2021-07-27,11411,6374,50439,41851,38262,32646,44814,38001,55754,47566,69655,59746,75204,65133,80406,70792,90406,80364,91026,82796,94513,87691,82480,77258,56737,53044,46071,42750,27499,24973,13578,11718
2021-07-28,11834,6612,51020,42393,38600,32973,45197,38373,56189,48008,70139,60229,75694,65626,80841,71226,90847,80771,91413,83161,94842,88000,82694,77480,56866,53184,46175,42892,27527,25094,13594,11825
2021-07-29,12214,6918,51689,43142,38967,33459,45629,38834,56643,48575,70612,60862,76241,66250,81356,71708,91334,81233,91845,83586,95177,88323,82934,77747,57016,53365,46278,43016,27575,25200,13613,11878
2021-07-30,12478,7168,52145,43682,39238,33795,45971,39222,57035,49050,71034,61386,76639,66780,81769,72139,91698,81654,92120,83982,95382,88662,83061,78000,57106,53520,46326,43140,27603,25287,13626,11925
2021-07-31,12569,7219,52290,43787,39350,33892,46100,39333,57200,49180,71188,61536,76809,66922,81886,72247,91809,81755,92202,84072,95437,88724,83119,78041,57132,53540,46341,43150,27610,25292,13630,11926
2021-08-01,12569,7219,52290,43787,39351,33893,46100,39334,57200,49180,71189,61537,76811,66924,81889,72250,91809,81755,92203,84073,95437,88724,83119,78041,57132,53540,46341,43150,27610,25292,13630,11926
2021-08-02,12749,7417,52599,44154,39546,34101,46299,39553,57433,49432,71451,61826,77054,67199,82127,72503,92018,82014,92374,84281,95600,88900,83225,78157,57197,53599,46376,43205,27629,25324,13636,11942
2021-08-03,13051,7589,53049,44473,39815,34280,46595,39761,57757,49669,71821,62056,77405,67427,82406,72722,92307,82251,92599,84469,95788,89074,83368,78268,57301,53682,46439,43264,27654,25372,13646,11971
2021-08-04,13419,7868,53472,44982,40113,34573,46867,40111,58097,50069,72207,62548,77792,67961,82761,73115,92625,82681,92898,84858,96037,89405,83548,78537,57422,53821,46521,43355,27697,25436,13660,12013
2021-08-05,13763,8202,53988,45592,40448,34955,47257,40529,58491,50567,72657,63142,78239,68574,83184,73629,93045,83204,93215,85319,96323,89782,83760,78827,57541,53995,46606,43547,27749,25587,13687,12180
2021-08-06,14013,8475,54302,46128,40674,35278,47484,40912,58780,51005,72941,63644,78522,69095,83458,74115,93306,83698,93448,85709,96514,90153,83919,79071,57638,54164,46674,43687,27782,25669,13699,12229
2021-08-07,14032,8480,54388,46181,40727,35314,47542,40967,58846,51062,73021,63709,78590,69155,83515,74169,93361,83742,93482,85732,96543,90169,83945,79081,57649,54169,46686,43692,27786,25669,13699,12229
2021-08-08,14079,8490,54445,46195,40753,35325,47583,40982,58891,51082,73056,63732,78627,69175,83550,74180,93385,83757,93491,85738,96556,90176,83951,79083,57653,54172,46688,43695,27791,25670,13699,12229
2021-08-09,14328,8622,54725,46466,40914,35475,47712,41148,59061,51285,73265,63976,78805,69422,83734,74364,93561,83941,93635,85879,96690,90323,84042,79168,57695,54238,46724,43747,27801,25697,13703,12249
2021-08-10,14542,8837,55067,46813,41090,35687,47936,41373,59308,51550,73523,64246,79049,69670,83941,74622,93766,84177,93796,86060,96823,90458,84155,79253,57767,54311,46766,43802,27823,25731,13718,12263
2021-08-11,14878,9150,55487,47278,41318,35967,48181,41682,59586,51871,73818,64631,79341,70096,84185,74958,94045,84521,94020,86358,97031,90728,84311,79444,57847,54454,46822,43866,27860,25783,13738,12299
2021-08-12,15266,9633,55960,48041,41583,36347,48471,42081,59874,52373,74161,65176,79739,70706,84506,75459,94334,85031,94248,86824,97240,91113,84472,79711,57968,54648,46895,44015,27900,25853,13758,12348
2021-08-13,15470,9964,56387,48697,41798,36708,48722,42546,60169,52871,74477,65742,80049,71237,84790,75937,94595,85503,94443,87207,97410,91431,84589,79938,58057,54828,46949,44145,27942,25938,13779,12375
2021-08-14,15493,9968,56453,48751,41832,36751,48759,42585,60234,52919,74521,65795,80092,71287,84837,75986,94625,85541,94467,87242,97429,91448,84606,79953,58061,54832,46957,44150,27949,25940,13782,12375
2021-08-15,15499,9968,56462,48755,41833,36753,48760,42587,60239,52923,74527,65799,80099,71293,84844,75990,94632,85548,94476,87247,97435,91449,84607,79953,58063,54832,46957,44150,27949,25940,13782,12375
2021-08-16,15810,10204,56837,49136,42044,37017,48960,42839,60449,53201,74768,66110,80356,71610,85063,76259,94843,85818,94654,87477,97581,91596,84720,80089,58139,54889,47016,44191,27977,25957,13785,12381
2021-08-17,16098,10424,57268,49584,42292,37280,49217,43127,60732,53537,75068,66481,80668,71938,85355,76576,95158,86145,94856,87747,97767,91824,84867,80249,58257,54987,47095,44250,28017,25990,13804,12407
2021-08-18,16511,10732,57755,50091,42553,37577,49511,43442,61021,53876,75401,66875,80978,72327,85651,76919,95508,86521,95122,88093,97982,92123,85027,80448,58395,55114,47210,44359,28082,26049,13838,12447
2021-08-19,17031,11268,58308,50787,42821,37918,49764,43827,61315,54292,75756,67365,81339,72814,85996,77370,95796,87005,95381,88515,98196,92475,85219,80712,58545,55293,47318,44487,28169,26118,13879,12483
2021-08-20,17385,11628,58747,51339,43060,38224,50017,44212,61618,54693,76050,67767,81695,73280,86299,77792,96090,87411,95623,88783,98382,92699,85378,80894,58644,55426,47421,44575,28224,26158,13914,12513
2021-08-21,17425,11643,58816,51403,43105,38270,50069,44262,61680,54758,76094,67823,81753,73347,86347,77840,96136,87461,95656,88823,98396,92725,85397,80913,58663,55437,47427,44579,28225,26160,13914,12513
2021-08-22,17425,11643,58816,51403,43105,38270,50069,44262,61681,54759,76094,67823,81753,73347,86347,77840,96137,87462,95656,88823,98396,92725,85397,80913,58663,55437,47427,44579,28225,26160,13914,12513
2021-08-23,17790,11877,59091,51716,43294,38482,50298,44503,61895,54983,76301,68082,81963,73602,86538,78043,96309,87651,95778,88975,98500,92887,85479,81023,58723,55505,47470,44615,28248,26184,13922,12520
2021-08-24,18107,12144,59572,52172,43572,38755,50626,44790,62221,55298,76604,68413,82258,73907,86826,78326,96561,87908,96019,89224,98677,93062,85612,81151,58813,55606,47538,44700,28290,26240,13936,12562
2021-08-25,18577,12482,60044,52611,43821,39028,50911,45086,62542,55594,76919,68764,82548,74238,87129,78647,96854,88200,96229,89486,98851,93300,85772,81318,58937,55756,47631,44804,28338,26309,13977,12604
2021-08-26,19268,12968,60606,53171,44167,39387,51270,45469,62936,56055,77323,69244,82947,74706,87460,79031,97170,88654,96500,89836,99067,93582,85957,81561,59049,55879,47758,44900,28403,26396,14014,12678
2021-08-27,19618,13298,61019,53604,44417,39656,51592,45817,63242,56400,77669,69635,83248,75080,87755,79346,97441,88994,96715,90110,99224,93815,86088,81749,59125,55995,47827,45045,28453,26488,14041,12759
2021-08-28,19661,13312,61102,53671,44481,39708,51669,45877,63323,56460,77765,69708,83306,75138,87816,79401,97493,89031,96752,90137,99255,93842,86107,81769,59145,56006,47839,45053,28456,26492,14042,12763
2021-08-29,19662,13313,61105,53675,44484,39712,51672,45879,63327,56462,77773,69710,83310,75138,87826,79404,97500,89035,96753,90137,99258,93845,86108,81769,59145,56006,47839,45053,28456,26492,14042,12763
2021-08-30,20126,13653,61393,53982,44685,39897,51906,46088,63554,56659,78007,69916,83517,75334,88000,79571,97644,89190,96870,90266,99355,93962,86187,81846,59181,56048,47866,45081,28477,26502,14051,12768
2021-08-31,20467,13849,61765,54336,44927,40106,52183,46329,63856,56909,78281,70208,83814,75581,88209,79783,97849,89338,97028,90405,99479,94085,86280,81935,59245,56113,47905,45121,28498,26519,14061,12788
2021-09-01,20702,14083,62125,54683,45124,40329,52421,46562,64116,57189,78544,70477,84053,75842,88416,79990,98070,89549,97214,90608,99658,94272,86387,82059,59329,56198,47971,45183,28539,26558,14077,12806
2021-09-02,21101,14529,62528,55255,45372,40627,52751,46923,64445,57577,78869,70889,84380,76281,88690,80352,98344,89915,97465,90921,99896,94595,86549,82257,59448,56355,48067,45293,28594,26624,14119,12850
2021-09-03,21379,14794,62918,55693,45638,40877,53032,47215,64766,57914,79231,71266,84703,76620,88992,80657,98606,90193,97682,91165,100072,94782,86678,82382,59539,56454,48119,45357,28639,26676,14138,12874
2021-09-04,21388,14800,62976,55742,45673,40905,53083,47242,64818,57946,79298,71310,84746,76641,89027,80679,98639,90222,97705,91186,100084,94792,86692,82394,59544,56459,48122,45361,28642,26678,14138,12875
2021-09-05,21388,14800,62976,55742,45673,40905,53083,47242,64818,57946,79298,71310,84746,76641,89027,80679,98639,90222,97705,91186,100084,94792,86692,82394,59544,56459,48122,45361,28642,26678,14138,12875
2021-09-06,21590,15034,63244,56031,45880,41081,53335,47440,65053,58156,79581,71541,84987,76856,89250,80852,98836,90410,97869,91329,100226,94932,86771,82481,59611,56520,48162,45408,28658,26700,14144,12889
2021-09-07,21838,15243,63706,56465,46221,41329,53738,47729,65530,58523,80047,71868,85437,77195,89661,81159,99177,90662,98160,91551,100454,95086,86961,82609,59740,56591,48229,45479,28699,26727,14157,12908
2021-09-08,22162,15581,64163,56969,46624,41616,54181,48028,65986,58855,80496,72238,85870,77545,90060,81498,99561,91033,98475,91821,100750,95313,87158,82775,59860,56724,48349,45597,28776,26788,14188,12941
2021-09-09,22754,16098,64773,57577,47032,41998,54738,48424,66568,59298,81073,72707,86454,78009,90537,81933,100022,91437,98918,92155,101125,95608,87422,82991,60060,56911,48479,45751,28864,26880,14226,12988
2021-09-10,23019,16481,65320,58118,47405,42299,55227,48792,67116,59700,81647,73135,86970,78426,90981,82302,100412,91795,99258,92475,101354,95815,87611,83189,60172,57013,48579,45853,28925,26952,14249,13014
2021-09-11,23087,16503,65463,58222,47508,42374,55357,48879,67250,59794,81793,73222,87096,78501,91086,82366,100492,91838,99317,92510,101390,95832,87636,83202,60185,57031,48590,45858,28926,26954,14250,13016
2021-09-12,23087,16503,65463,58222,47508,42374,55357,48879,67251,59795,81793,73222,87096,78501,91086,82366,100492,91838,99317,92510,101390,95832,87636,83202,60185,57031,48590,45858,28926,26954,14250,13016
2021-09-13,23496,16805,66097,58577,48036,42634,55909,49175,67915,60111,82522,73608,87771,78894,91712,82693,101076,92134,99790,92724,101761,96005,87886,83307,60347,57104,48696,45919,28977,26986,14274,13024
2021-09-14,24088,17054,67348,59266,48991,43104,56967,49694,69060,60654,83831,74149,89019,79423,92913,83256,102199,92651,100605,93075,102402,96238,88389,83476,60675,57216,48902,45987,29077,27026,14298,13033
2021-09-15,24724,17489,68682,60008,49894,43540,58042,50219,70175,61256,85088,74784,90196,80014,93969,83795,103208,93156,101399,93418,103133,96540,88855,83722,61005,57392,49151,46100,29223,27103,14347,13081
2021-09-16,25975,18148,70351,61068,51006,44269,59327,50985,71507,62082,86544,75702,91554,80862,95191,84586,104298,93819,102312,93984,103887,96957,89426,84063,61365,57638,49429,46316,29382,27209,14409,13161
2021-09-17,26692,18562,71553,61874,51885,44794,60388,51629,72666,62781,87794,76441,92765,81563,96227,85255,105193,94370,103014,94429,104428,97288,89813,84292,61584,57804,49618,46439,29481,27276,14454,13215
2021-09-18,27129,18638,72154,62093,52366,45009,60971,51850,73289,63049,88506,76748,93383,81818,96805,85459,105716,94568,103375,94553,104727,97381,90006,84344,61740,57846,49731,46463,29528,27287,14469,13218
2021-09-19,27337,18685,72430,62185,52562,45061,61190,51919,73545,63115,88775,76821,93660,81905,97061,85550,105937,94627,103524,94591,104868,97419,90104,84369,61801,57856,49781,46467,29546,27288,14473,13219
2021-09-20,27848,18986,73042,62498,52941,45264,61628,52161,73991,63391,89204,77065,94108,82119,97450,85773,106296,94790,103793,94736,105078,97527,90273,84453,61925,57895,49866,46491,29602,27313,14493,13227
2021-09-21,28202,19260,73619,62802,53280,45440,62051,52380,74440,63619,89634,77297,94528,82335,97798,85966,106673,94978,104081,94891,105350,97659,90475,84561,62060,57948,49998,46541,29680,27352,14529,13247
2021-09-22,28506,19513,74103,63127,53606,45626,62391,52594,74801,63849,89976,77552,94878,82566,98122,86197,106972,95212,104343,95101,105614,97843,90685,84689,62217,58058,50151,46624,29761,27418,14571,13274
2021-09-23,28971,19953,74878,63752,54048,46015,62926,53068,75362,64330,90495,78025,95411,83079,98595,86644,107396,95658,104702,95443,105952,98173,90945,84929,62400,58231,50295,46756,29862,27498,14621,13323
2021-09-24,29297,20276,75577,64437,54528,46481,63462,53530,75935,64840,91117,78602,95933,83589,99034,87103,107796,96087,105059,95795,106233,98422,91163,85145,62546,58350,50424,46851,29936,27558,14651,13349
2021-09-25,29373,20301,75718,64563,54618,46551,63553,53610,76056,64931,91242,78717,96061,83706,99152,87205,107906,96170,105121,95845,106299,98478,91189,85168,62572,58370,50444,46862,29950,27570,14653,13353
2021-09-26,29392,20310,75787,64625,54659,46590,63591,53647,76100,64970,91290,78763,96117,83756,99193,87238,107954,96215,105155,95879,106325,98500,91203,85181,62586,58381,50450,46866,29955,27572,14653,14653
2021-09-27,29604,20528,76174,64984,54876,46799,63822,53888,76372,65200,91553,79043,96359,84021,99379,87456,108152,96436,105319,96085,106456,98645,91301,85287,62663,58452,50503,46913,29987,27587,14662,13360
2021-09-28,29821,20744,76695,65477,55184,47117,64146,54219,76730,65535,91944,79440,96700,84358,99668,87777,108453,96770,105552,96355,106666,98868,91425,85455,62742,58554,50578,46976,30029,27636,14679,13377
2021-09-29,30011,21044,76956,65782,55352,47349,64354,54505,76956,65835,92142,79735,96908,84633,99816,88027,108594,97007,105674,96570,106789,99092,91527,85603,62821,58664,50662,47068,30088,27695,14714,13403
2021-09-30,30276,21555,77256,66219,55512,47643,64572,54860,77162,66219,92397,80171,97097,85063,100011,88375,108784,97349,105803,96929,106916,99416,91624,85818,62880,58844,50718,47187,30132,27780,14744,13447
2021-10-01,30429,21911,77438,66576,55647,47915,64696,55198,77349,66615,92585,80548,97250,85478,100145,88684,108892,97641,105883,97191,106987,99646,91664,85991,62916,58956,50751,47304,30167,27850,14753,13471
2021-10-02,30474,21957,77487,66624,55680,47945,64742,55249,77372,66662,92623,80622,97282,85527,100172,88748,108908,97685,105900,97213,107005,99661,91670,86005,62923,58962,50759,47311,30170,27852,14754,13472
2021-10-03,30480,21963,77490,66627,55682,47945,64742,55249,77373,66663,92624,80623,97285,85528,100177,88749,108912,97689,105900,97213,107005,99664,91670,86005,62923,58962,50759,47311,30170,27852,14754,13472
2021-10-04,30559,22262,77620,66947,55765,48214,64821,55523,77461,66989,92725,80964,97379,85812,100250,89052,108986,97997,105962,97487,107049,99890,91702,86186,62939,59082,50787,47376,30178,27896,14762,13491
2021-10-05,30638,22660,77773,67487,55861,48581,64928,55931,77569,67477,92828,81546,97475,86346,100321,89604,109077,98517,106035,97903,107102,100266,91736,86481,62969,59275,50808,47508,30194,27963,14768,13507
2021-10-06,30715,23132,77936,68098,55962,49033,65007,56410,77660,67988,92964,82151,97595,86880,100423,90142,109165,99010,106107,98380,107167,100706,91781,86778,63005,59473,50838,47672,30216,28055,14783,13541
2021-10-07,30826,24097,78105,69060,56094,49693,65144,57220,77807,68819,93105,83026,97693,87754,100527,90934,109275,99797,106209,99079,107249,101295,91834,87238,63059,59769,50879,47945,30244,28192,14800,13606
2021-10-08,30907,24844,78250,69907,56175,50261,65228,57865,77896,69514,93201,83764,97782,88524,100597,91617,109369,100463,106258,99592,107302,101745,91859,87573,63080,59990,50907,48125,30252,28294,14807,13650
2021-10-09,30938,24990,78284,70067,56195,50380,65244,57999,77918,69672,93233,83908,97802,88639,100615,91751,109388,100573,106269,99658,107312,101803,91861,87612,63086,60011,50909,48146,30254,28306,14807,13651
2021-10-10,30939,25012,78288,70095,56199,50391,65249,58009,77920,69683,93239,83926,97806,88664,100619,91764,109390,100587,106270,99673,107312,101813,91863,87620,63086,60019,50909,48155,30255,28310,14807,13652
2021-10-11,30991,25513,78393,70560,56248,50675,65319,58379,77983,70059,93316,84326,97859,89072,100669,92133,109446,100922,106302,99940,107339,102056,91884,87806,63103,60166,50921,48249,30263,28370,14811,13673
2021-10-12,31074,25932,78511,71007,56335,50994,65406,58759,78076,70430,93418,84706,97958,89429,100757,92434,109515,101236,106352,100223,107385,102292,91912,88002,63127,60311,50949,48375,30271,28454,14818,13706
2021-10-13,31126,26264,78612,71388,56397,51268,65470,59070,78151,70737,93489,84990,98027,89746,100833,92729,109565,101576,106408,100476,107419,102550,91953,88185,63147,60454,50980,48524,30294,28522,14824,13740
2021-10-14,31195,26864,78738,72008,56468,51646,65570,59509,78253,71204,93583,85466,98108,90175,100906,93150,109651,101980,106472,100819,107474,102859,91988,88468,63166,60684,51011,48698,30313,28638,14828,13790
2021-10-15,31267,27288,78826,72451,56539,51918,65652,59803,78355,71516,93682,85783,98200,90455,100975,93454,109708,102229,106514,101056,107517,103059,92011,88660,63181,60807,51026,48811,30324,28706,14829,13819
2021-10-16,31280,27324,78846,72480,56552,51954,65665,59827,78371,71549,93699,85812,98212,90480,100990,93475,109723,102245,106517,101066,107521,103068,92012,88664,63184,60811,51028,48813,30325,28709,14829,13819
2021-10-17,31281,27326,78847,72488,56552,51957,65666,59828,78372,71554,93700,85815,98213,90485,100990,93476,109726,102245,106517,101066,107522,103069,92012,88664,63184,60812,51028,48813,30325,28709,14829,13819
2021-10-18,31321,27582,78911,72728,56603,52079,65738,59972,78432,71706,93774,85966,98274,90635,101049,93596,109765,102377,106554,101158,107555,103182,92038,88734,63198,60886,51040,48860,30332,28744,14832,13828
2021-10-19,31373,27790,78986,72941,56644,52240,65798,60134,78489,71883,93838,86141,98329,90805,101103,93735,109813,102523,106591,101265,107588,103292,92054,88802,63207,60930,51059,48904,30339,28771,14835,13838
