date,vaccination.region.kp.1st,vaccination.region.kp.1st.todate,vaccination.region.kp.2nd,vaccination.region.kp.2nd.todate,vaccination.region.kp.3rd,vaccination.region.kp.3rd.todate,vaccination.region.ng.1st,vaccination.region.ng.1st.todate,vaccination.region.ng.2nd,vaccination.region.ng.2nd.todate,vaccination.region.ng.3rd,vaccination.region.ng.3rd.todate,vaccination.region.po.1st,vaccination.region.po.1st.todate,vaccination.region.po.2nd,vaccination.region.po.2nd.todate,vaccination.region.po.3rd,vaccination.region.po.3rd.todate,vaccination.region.kr.1st,vaccination.region.kr.1st.todate,vaccination.region.kr.2nd,vaccination.region.kr.2nd.todate,vaccination.region.kr.3rd,vaccination.region.kr.3rd.todate,vaccination.region.lj.1st,vaccination.region.lj.1st.todate,vaccination.region.lj.2nd,vaccination.region.lj.2nd.todate,vaccination.region.lj.3rd,vaccination.region.lj.3rd.todate,vaccination.region.nm.1st,vaccination.region.nm.1st.todate,vaccination.region.nm.2nd,vaccination.region.nm.2nd.todate,vaccination.region.nm.3rd,vaccination.region.nm.3rd.todate,vaccination.region.kk.1st,vaccination.region.kk.1st.todate,vaccination.region.kk.2nd,vaccination.region.kk.2nd.todate,vaccination.region.kk.3rd,vaccination.region.kk.3rd.todate,vaccination.region.za.1st,vaccination.region.za.1st.todate,vaccination.region.za.2nd,vaccination.region.za.2nd.todate,vaccination.region.za.3rd,vaccination.region.za.3rd.todate,vaccination.region.ce.1st,vaccination.region.ce.1st.todate,vaccination.region.ce.2nd,vaccination.region.ce.2nd.todate,vaccination.region.ce.3rd,vaccination.region.ce.3rd.todate,vaccination.region.sg.1st,vaccination.region.sg.1st.todate,vaccination.region.sg.2nd,vaccination.region.sg.2nd.todate,vaccination.region.sg.3rd,vaccination.region.sg.3rd.todate,vaccination.region.mb.1st,vaccination.region.mb.1st.todate,vaccination.region.mb.2nd,vaccination.region.mb.2nd.todate,vaccination.region.mb.3rd,vaccination.region.mb.3rd.todate,vaccination.region.ms.1st,vaccination.region.ms.1st.todate,vaccination.region.ms.2nd,vaccination.region.ms.2nd.todate,vaccination.region.ms.3rd,vaccination.region.ms.3rd.todate
2020-12-27,,360,,,,,,406,,,,,,185,,,,,,642,,,,,,1639,,,,,,332,,,,,,263,,,,,,100,,,,,,860,,,,,,59,,,,,,838,,,,,,511,,,,
2020-12-28,24,384,,,,,24,430,,,,,27,212,,,,,78,720,,,,,436,2075,,,,,143,475,,,,,120,383,,,,,138,238,,,,,135,995,,,,,28,87,,,,,268,1106,,,,,241,752,,,,
2020-12-29,,384,,,,,21,451,,,,,4,216,,,,,81,801,,,,,86,2161,,,,,1,476,,,,,73,456,,,,,172,410,,,,,380,1375,,,,,10,97,,,,,344,1450,,,,,150,902,,,,
2020-12-30,17,401,,,,,6,457,,,,,8,224,,,,,35,836,,,,,24,2185,,,,,47,523,,,,,19,475,,,,,,410,,,,,24,1399,,,,,23,120,,,,,150,1600,,,,,69,971,,,,
2020-12-31,12,413,,,,,315,772,,,,,6,230,,,,,214,1050,,,,,497,2682,,,,,33,556,,,,,5,480,,,,,6,416,,,,,14,1413,,,,,142,262,,,,,451,2051,,,,,162,1133,,,,
2021-01-01,11,424,,,,,2,774,,,,,,230,,,,,72,1122,,,,,36,2718,,,,,21,577,,,,,,480,,,,,3,419,,,,,2,1415,,,,,3,265,,,,,1,2052,,,,,,1133,,,,
2021-01-02,,424,,,,,,774,,,,,,230,,,,,45,1167,,,,,44,2762,,,,,,577,,,,,3,483,,,,,3,422,,,,,230,1645,,,,,7,272,,,,,69,2121,,,,,2,1135,,,,
2021-01-03,3,427,,,,,2,776,,,,,1,231,,,,,98,1265,,,,,164,2926,,,,,5,582,,,,,7,490,,,,,8,430,,,,,251,1896,,,,,3,275,,,,,11,2132,,,,,1,1136,,,,
2021-01-04,36,463,,,,,39,815,,,,,8,239,,,,,73,1338,,,,,546,3472,,,,,21,603,,,,,5,495,,,,,24,454,,,,,57,1953,,,,,30,305,,,,,245,2377,,,,,5,1141,,,,
2021-01-05,234,697,,,,,338,1153,,,,,86,325,,,,,187,1525,,,,,807,4279,,,,,38,641,,,,,3,498,,,,,19,473,,,,,123,2076,,,,,70,375,,,,,543,2920,,,,,38,1179,,,,
2021-01-06,534,1231,,,,,227,1380,,,,,121,446,,,,,330,1855,,,,,1747,6026,,,,,298,939,,,,,135,633,,,,,211,684,,,,,621,2697,1,1,,,220,595,,,,,662,3582,,,,,278,1457,,,,
2021-01-07,311,1542,,,,,337,1717,,,,,93,539,,,,,613,2468,,,,,1469,7495,,,,,409,1348,,,,,177,810,,,,,273,957,,,,,666,3363,,1,,,395,990,,,,,490,4072,,,,,256,1713,,,,
2021-01-08,75,1617,,,,,101,1818,,,,,33,572,,,,,272,2740,,,,,1316,8811,1,1,,,201,1549,,,,,76,886,,,,,122,1079,,,,,379,3742,,1,,,89,1079,,,,,401,4473,,,,,197,1910,,,,
2021-01-09,4,1621,,,,,,1818,,,,,2,574,,,,,15,2755,,,,,175,8986,,1,,,9,1558,,,,,1,887,,,,,10,1089,,,,,1,3743,,1,,,,1079,,,,,3,4476,,,,,34,1944,,,,
2021-01-10,,1621,,,,,,1818,,,,,,574,,,,,,2755,,,,,,8986,,1,,,,1558,,,,,,887,,,,,,1089,,,,,,3743,,1,,,,1079,,,,,1,4477,,,,,,1944,,,,
2021-01-11,4,1625,,,,,15,1833,,,,,9,583,,,,,48,2803,,,,,344,9330,,1,,,19,1577,,,,,3,890,,,,,25,1114,,,,,8,3751,,1,,,2,1081,,,,,5,4482,,,,,,1944,,,,
2021-01-12,400,2025,,,,,141,1974,,,,,53,636,,,,,16,2819,,,,,625,9955,,1,,,231,1808,,,,,24,914,,,,,5,1119,,,,,102,3853,,1,,,13,1094,,,,,258,4740,,,,,12,1956,,,,
2021-01-13,482,2507,,,,,143,2117,,,,,97,733,,,,,227,3046,3,3,,,1048,11003,,1,,,189,1997,,,,,272,1186,1,1,,,66,1185,,,,,795,4648,1,2,,,191,1285,,,,,929,5669,1,1,,,290,2246,,,,
2021-01-14,221,2728,,,,,484,2601,,,,,218,951,1,1,,,993,4039,,3,,,1405,12408,,1,,,512,2509,,,,,294,1480,,1,,,125,1310,,,,,859,5507,,2,,,511,1796,,,,,790,6459,,1,,,334,2580,,,,
2021-01-15,47,2775,,,,,276,2877,,,,,52,1003,,1,,,582,4621,,3,,,1407,13815,1,2,,,230,2739,,,,,187,1667,2,3,,,239,1549,,,,,614,6121,5,7,,,47,1843,,,,,639,7098,136,137,,,459,3039,4,4,,
2021-01-16,1,2776,,,,,,2877,,,,,,1003,,1,,,,4621,,3,,,,13815,,2,,,,2739,,,,,,1667,,3,,,,1549,,,,,,6121,,7,,,1,1844,,,,,322,7420,,137,,,,3039,,4,,
2021-01-17,,2776,,,,,3,2880,,,,,,1003,,1,,,,4621,,3,,,1,13816,,2,,,,2739,,,,,,1667,1,4,,,,1549,,,,,,6121,,7,,,,1844,,,,,,7420,,137,,,,3039,,4,,
2021-01-18,,2776,1,1,,,,2880,3,3,,,1,1004,,1,,,2,4623,11,14,,,23,13839,124,126,,,3,2742,7,7,,,3,1670,1,5,,,2,1551,5,5,,,5,6126,10,17,,,,1844,2,2,,,18,7438,1,138,,,1,3040,1,5,,
2021-01-19,14,2790,198,199,,,64,2944,106,109,,,16,1020,45,46,,,13,4636,7,21,,,253,14092,496,622,,,10,2752,2,9,,,2,1672,4,9,,,11,1562,1,6,,,23,6149,47,64,,,5,1849,36,38,,,118,7556,455,593,,,15,3055,249,254,,
2021-01-20,88,2878,125,324,,,32,2976,181,290,,,43,1063,144,190,,,57,4693,226,247,,,360,14452,1065,1687,,,104,2856,268,277,,,26,1698,198,207,,,16,1578,116,122,,,283,6432,591,655,,,40,1889,66,104,,,120,7676,558,1151,,,22,3077,267,521,,
2021-01-21,9,2887,76,400,,,96,3072,294,584,,,5,1068,12,202,,,110,4803,685,932,,,398,14850,689,2376,,,41,2897,152,429,,,65,1763,180,387,,,92,1670,15,137,,,145,6577,391,1046,,,50,1939,157,261,,,176,7852,427,1578,,,101,3178,413,934,,
2021-01-22,13,2900,,400,,,91,3163,26,610,,,9,1077,1,203,,,79,4882,156,1088,,,101,14951,107,2483,,,47,2944,28,457,,,23,1786,2,389,,,39,1709,61,198,,,208,6785,275,1321,,,36,1975,36,297,,,488,8340,222,1800,,,53,3231,83,1017,,
2021-01-23,1,2901,,400,,,1,3164,,610,,,,1077,1,204,,,19,4901,145,1233,,,2,14953,43,2526,,,,2944,,457,,,1,1787,3,392,,,1,1710,3,201,,,22,6807,221,1542,,,,1975,1,298,,,71,8411,68,1868,,,113,3344,3,1020,,
2021-01-24,,2901,,400,,,,3164,,610,,,,1077,,204,,,,4901,,1233,,,2,14955,1,2527,,,,2944,,457,,,,1787,,392,,,15,1725,130,331,,,,6807,3,1545,,,,1975,,298,,,,8411,,1868,,,,3344,,1020,,
2021-01-25,,2901,,400,,,,3164,,610,,,,1077,,204,,,,4901,,1233,,,,14955,,2527,,,1,2945,,457,,,,1787,1,393,,,,1725,1,332,,,,6807,,1545,,,,1975,,298,,,2,8413,3,1871,,,,3344,,1020,,
2021-01-26,2,2903,176,576,,,2,3166,220,830,,,1,1078,32,236,,,2,4903,66,1299,,,44,14999,620,3147,,,2,2947,21,478,,,1,1788,6,399,,,,1725,24,356,,,2,6809,115,1660,,,1,1976,53,351,,,22,8435,390,2261,,,1,3345,28,1048,,
2021-01-27,8,2911,446,1022,,,26,3192,227,1057,,,11,1089,138,374,,,21,4924,407,1706,,,69,15068,1297,4444,,,31,2978,224,702,,,10,1798,124,523,,,21,1746,184,540,,,9,6818,543,2203,,,4,1980,158,509,,,45,8480,824,3085,,,11,3356,277,1325,,
2021-01-28,63,2974,400,1422,,,24,3216,414,1471,,,10,1099,96,470,,,63,4987,495,2201,,,84,15152,1526,5970,,,98,3076,413,1115,,,12,1810,165,688,,,28,1774,207,747,,,37,6855,844,3047,,,24,2004,326,835,,,60,8540,637,3722,,,19,3375,279,1604,,
2021-01-29,43,3017,113,1535,,,30,3246,155,1626,,,8,1107,52,522,,,22,5009,303,2504,,,121,15273,1828,7798,,,24,3100,227,1342,,,6,1816,88,776,,,35,1809,178,925,,,86,6941,506,3553,,,9,2013,132,967,,,154,8694,364,4086,,,10,3385,107,1711,,
2021-01-30,5,3022,1,1536,,,,3246,,1626,,,1,1108,,522,,,,5009,1,2505,,,,15273,5,7803,,,,3100,,1342,,,,1816,,776,,,,1809,,925,,,,6941,,3553,,,,2013,,967,,,,8694,5,4091,,,5,3390,94,1805,,
2021-01-31,,3022,,1536,,,,3246,,1626,,,,1108,,522,,,,5009,,2505,,,,15273,1,7804,,,,3100,,1342,,,,1816,,776,,,,1809,,925,,,,6941,,3553,,,,2013,,967,,,,8694,1,4092,,,1,3391,,1805,,
2021-02-01,,3022,1,1537,,,,3246,,1626,,,,1108,,522,,,,5009,1,2506,,,22,15295,10,7814,,,,3100,,1342,,,,1816,,776,,,1,1810,,925,,,,6941,,3553,,,,2013,2,969,,,,8694,29,4121,,,,3391,1,1806,,
2021-02-02,1,3023,244,1781,,,2,3248,101,1727,,,,1108,24,546,,,,5009,21,2527,,,4,15299,312,8126,,,5,3105,225,1567,,,,1816,24,800,,,,1810,8,933,,,2,6943,18,3571,,,,2013,2,971,,,5,8699,115,4236,,,,3391,7,1813,,
2021-02-03,15,3038,398,2179,,,12,3260,140,1867,,,3,1111,110,656,,,33,5042,324,2851,,,58,15357,1404,9530,,,3,3108,190,1757,,,4,1820,229,1029,,,4,1814,87,1020,,,1,6944,547,4118,,,7,2020,180,1151,,,36,8735,829,5065,,,8,3399,230,2043,,
2021-02-04,10,3048,397,2576,,,245,3505,502,2369,,,4,1115,183,839,,,202,5244,899,3750,,,30,15387,1452,10982,,,46,3154,474,2231,,,1,1821,270,1299,,,6,1820,176,1196,,,7,6951,1010,5128,,,2,2022,209,1360,,,51,8786,897,5962,,,6,3405,380,2423,,
2021-02-05,10,3058,61,2637,,,52,3557,266,2635,,,8,1123,83,922,,,52,5296,584,4334,,,155,15542,1865,12847,,,13,3167,249,2480,,,4,1825,193,1492,,,16,1836,196,1392,,,8,6959,656,5784,,,5,2027,204,1564,,,37,8823,674,6636,,,5,3410,304,2727,,
2021-02-06,,3058,1,2638,,,,3557,,2635,,,,1123,,922,,,,5296,,4334,,,,15542,,12847,,,,3167,,2480,,,,1825,,1492,,,,1836,,1392,,,,6959,1,5785,,,5,2032,124,1688,,,22,8845,332,6968,,,1,3411,118,2845,,
2021-02-07,,3058,,2638,,,,3557,,2635,,,,1123,,922,,,,5296,,4334,,,,15542,,12847,,,,3167,,2480,,,,1825,,1492,,,,1836,,1392,,,,6959,,5785,,,,2032,,1688,,,,8845,,6968,,,,3411,,2845,,
2021-02-08,1,3059,,2638,,,,3557,,2635,,,,1123,,922,,,1,5297,,4334,,,4,15546,1,12848,,,194,3361,,2480,,,,1825,,1492,,,,1836,,1392,,,,6959,,5785,,,,2032,,1688,,,,8845,,6968,,,199,3610,,2845,,
2021-02-09,,3059,,2638,,,,3557,,2635,,,,1123,,922,,,,5297,,4334,,,,15546,2,12850,,,,3361,,2480,,,,1825,28,1520,,,,1836,,1392,,,,6959,2,5787,,,1,2033,,1688,,,85,8930,,6968,,,2,3612,,2845,,
2021-02-10,139,3198,86,2724,,,8,3565,4,2639,,,25,1148,38,960,,,334,5631,68,4402,,,1691,17237,348,13198,,,7,3368,23,2503,,,21,1846,42,1562,,,72,1908,27,1419,,,111,7070,48,5835,,,,2033,1,1689,,,81,9011,43,7011,,,5,3617,4,2849,,
2021-02-11,520,3718,45,2769,,,153,3718,143,2782,,,196,1344,23,983,,,873,6504,152,4554,,,2545,19782,595,13793,,,682,4050,75,2578,,,165,2011,60,1622,,,242,2150,167,1586,,,807,7877,183,6018,,,265,2298,115,1804,,,393,9404,201,7212,,,65,3682,116,2965,,
2021-02-12,325,4043,43,2812,,,1107,4825,168,2950,,,203,1547,40,1023,,,463,6967,103,4657,,,1693,21475,345,14138,,,382,4432,162,2740,,,353,2364,32,1654,,,151,2301,16,1602,,,564,8441,156,6174,,,543,2841,52,1856,,,659,10063,582,7794,,,471,4153,111,3076,,
2021-02-13,,4043,,2812,,,,4825,2,2952,,,,1547,,1023,,,,6967,16,4673,,,2,21477,2,14140,,,,4432,,2740,,,,2364,,1654,,,37,2338,,1602,,,1,8442,2,6176,,,50,2891,13,1869,,,476,10539,44,7838,,,145,4298,114,3190,,
2021-02-14,,4043,,2812,,,,4825,,2952,,,,1547,,1023,,,,6967,,4673,,,,21477,1,14141,,,1,4433,,2740,,,,2364,,1654,,,2,2340,14,1616,,,,8442,,6176,,,,2891,,1869,,,14,10553,1,7839,,,,4298,,3190,,
2021-02-15,,4043,,2812,,,,4825,,2952,,,,1547,,1023,,,46,7013,1,4674,,,4,21481,4,14145,,,5,4438,1,2741,,,12,2376,,1654,,,7,2347,,1616,,,2,8444,,6176,,,,2891,,1869,,,,10553,2,7841,,,,4298,,3190,,
2021-02-16,4,4047,,2812,,,43,4868,,2952,,,11,1558,,1023,,,30,7043,1,4675,,,373,21854,6,14151,,,149,4587,2,2743,,,35,2411,1,1655,,,4,2351,,1616,,,31,8475,,6176,,,25,2916,1,1870,,,334,10887,65,7906,,,11,4309,1,3191,,
2021-02-17,480,4527,10,2822,,,123,4991,30,2982,,,143,1701,22,1045,,,193,7236,56,4731,,,1798,23652,120,14271,,,231,4818,7,2750,,,285,2696,8,1663,,,56,2407,23,1639,,,481,8956,232,6408,,,231,3147,12,1882,,,627,11514,86,7992,,,293,4602,24,3215,,
2021-02-18,510,5037,63,2885,,,1182,6173,17,2999,,,312,2013,5,1050,,,1340,8576,62,4793,,,1801,25453,235,14506,,,560,5378,72,2822,,,380,3076,10,1673,,,261,2668,42,1681,,,938,9894,39,6447,,,222,3369,3,1885,,,612,12126,212,8204,,,208,4810,9,3224,,
2021-02-19,53,5090,26,2911,,,407,6580,38,3037,,,180,2193,3,1053,,,562,9138,28,4821,,,2132,27585,161,14667,,,666,6044,67,2889,,,168,3244,16,1689,,,265,2933,21,1702,,,356,10250,174,6621,,,179,3548,15,1900,,,895,13021,39,8243,,,288,5098,17,3241,,
2021-02-20,16,5106,,2911,,,6,6586,,3037,,,3,2196,,1053,,,35,9173,,4821,,,1324,28909,,14667,,,8,6052,,2889,,,3,3247,,1689,,,114,3047,,1702,,,13,10263,,6621,,,96,3644,10,1910,,,902,13923,3,8246,,,3,5101,5,3246,,
2021-02-21,,5106,,2911,,,,6586,,3037,,,,2196,,1053,,,,9173,,4821,,,,28909,1,14668,,,,6052,,2889,,,,3247,,1689,,,,3047,,1702,,,,10263,,6621,,,,3644,,1910,,,,13923,,8246,,,,5101,,3246,,
2021-02-22,133,5239,,2911,,,,6586,,3037,,,11,2207,,1053,,,,9173,,4821,,,44,28953,2,14670,,,90,6142,,2889,,,1,3248,1,1690,,,9,3056,1,1703,,,30,10293,,6621,,,10,3654,,1910,,,38,13961,,8246,,,108,5209,,3246,,
2021-02-23,140,5379,,2911,,,44,6630,1,3038,,,25,2232,1,1054,,,,9173,,4821,,,307,29260,,14670,,,285,6427,2,2891,,,47,3295,,1690,,,24,3080,,1703,,,188,10481,2,6623,,,11,3665,,1910,,,353,14314,6,8252,,,100,5309,,3246,,
2021-02-24,432,5811,24,2935,,,584,7214,22,3060,,,201,2433,8,1062,,,724,9897,25,4846,,,1972,31232,57,14727,,,422,6849,1,2892,,,266,3561,3,1693,,,148,3228,1,1704,,,945,11426,30,6653,,,126,3791,6,1916,,,610,14924,7,8259,,,386,5695,4,3250,,
2021-02-25,725,6536,6,2941,,,1123,8337,24,3084,,,194,2627,10,1072,,,1456,11353,13,4859,,,2237,33469,70,14797,,,939,7788,8,2900,,,725,4286,6,1699,,,406,3634,5,1709,,,1174,12600,11,6664,,,392,4183,1,1917,,,1144,16068,26,8285,,,284,5979,12,3262,,
2021-02-26,118,6654,11,2952,,,443,8780,51,3135,,,50,2677,7,1079,,,913,12266,44,4903,,,1142,34611,187,14984,,,989,8777,67,2967,,,490,4776,6,1705,,,161,3795,23,1732,,,884,13484,18,6682,,,383,4566,3,1920,,,1196,17264,122,8407,,,468,6447,9,3271,,
2021-02-27,,6654,,2952,,,1,8781,,3135,,,,2677,,1079,,,,12266,1,4904,,,5,34616,5,14989,,,9,8786,,2967,,,49,4825,,1705,,,119,3914,,1732,,,1,13485,,6682,,,133,4699,5,1925,,,230,17494,,8407,,,372,6819,,3271,,
2021-02-28,,6654,,2952,,,,8781,,3135,,,,2677,,1079,,,,12266,,4904,,,,34616,,14989,,,,8786,1,2968,,,,4825,,1705,,,,3914,,1732,,,,13485,,6682,,,,4699,,1925,,,,17494,,8407,,,,6819,,3271,,
2021-03-01,2,6656,,2952,,,12,8793,,3135,,,46,2723,,1079,,,5,12271,,4904,,,42,34658,,14989,,,91,8877,,2968,,,,4825,,1705,,,85,3999,,1732,,,99,13584,,6682,,,10,4709,,1925,,,439,17933,,8407,,,306,7125,,3271,,
2021-03-02,206,6862,,2952,,,10,8803,,3135,,,165,2888,5,1084,,,55,12326,,4904,,,409,35067,1,14990,,,226,9103,,2968,,,8,4833,,1705,,,57,4056,,1732,,,553,14137,5,6687,,,12,4721,,1925,,,210,18143,,8407,,,263,7388,,3271,,
2021-03-03,259,7121,141,3093,,,708,9511,7,3142,,,251,3139,18,1102,,,479,12805,68,4972,,,1510,36577,201,15191,,,341,9444,3,2971,,,327,5160,9,1714,,,20,4076,52,1784,,,1252,15389,171,6858,,,176,4897,50,1975,,,864,19007,123,8530,,,392,7780,60,3331,,
2021-03-04,333,7454,290,3383,,,567,10078,114,3256,,,155,3294,186,1288,,,710,13515,433,5405,,,746,37323,1769,16960,,,618,10062,393,3364,,,569,5729,192,1906,,,328,4404,128,1912,,,492,15881,691,7549,,,448,5345,342,2317,,,1363,20370,94,8624,,,398,8178,33,3364,,
2021-03-05,135,7589,185,3568,,,459,10537,958,4214,,,124,3418,183,1471,,,414,13929,683,6088,,,1196,38519,1117,18077,,,682,10744,501,3865,,,179,5908,255,2161,,,174,4578,162,2074,,,361,16242,352,7901,,,176,5521,314,2631,,,304,20674,637,9261,,,390,8568,428,3792,,
2021-03-06,2,7591,,3568,,,,10537,,4214,,,1,3419,,1471,,,6,13935,1,6089,,,177,38696,65,18142,,,167,10911,1,3866,,,1,5909,,2161,,,93,4671,,2074,,,7,16249,,7901,,,94,5615,57,2688,,,703,21377,340,9601,,,113,8681,139,3931,,
2021-03-07,,7591,,3568,,,,10537,,4214,,,,3419,,1471,,,,13935,,6089,,,2,38698,,18142,,,,10911,,3866,,,,5909,,2161,,,,4671,,2074,,,,16249,,7901,,,,5615,,2688,,,,21377,,9601,,,,8681,,3931,,
2021-03-08,68,7659,1,3569,,,3,10540,,4214,,,25,3444,,1471,,,58,13993,2,6091,,,35,38733,4,18146,,,59,10970,191,4057,,,,5909,,2161,,,2,4673,2,2076,,,295,16544,,7901,,,30,5645,,2688,,,707,22084,2,9603,,,126,8807,194,4125,,
2021-03-09,46,7705,107,3676,,,9,10549,3,4217,,,154,3598,13,1484,,,90,14083,1,6092,,,156,38889,122,18268,,,102,11072,,4057,,,98,6007,17,2178,,,92,4765,,2076,,,558,17102,,7901,,,128,5773,1,2689,,,1890,23974,233,9836,,,366,9173,4,4129,,
2021-03-10,36,7741,477,4153,,,79,10628,238,4455,,,94,3692,125,1609,,,201,14284,243,6335,,,525,39414,2655,20923,,,421,11493,11,4068,,,319,6326,176,2354,,,136,4901,32,2108,,,973,18075,310,8211,,,91,5864,130,2819,,,1544,25518,331,10167,,,372,9545,248,4377,,
2021-03-11,83,7824,483,4636,,,668,11296,916,5371,,,206,3898,289,1898,,,387,14671,1078,7413,,,363,39777,1893,22816,,,765,12258,690,4758,,,387,6713,356,2710,,,180,5081,143,2251,,,485,18560,944,9155,,,397,6261,236,3055,,,2042,27560,675,10842,,,295,9840,231,4608,,
2021-03-12,126,7950,240,4876,,,253,11549,370,5741,,,96,3994,135,2033,,,1399,16070,546,7959,,,1941,41718,1918,24734,,,722,12980,204,4962,,,264,6977,133,2843,,,306,5387,175,2426,,,923,19483,325,9480,,,503,6764,60,3115,,,1609,29169,802,11644,,,337,10177,278,4886,,
2021-03-13,417,8367,14,4890,,,399,11948,6,5747,,,36,4030,2,2035,,,49,16119,20,7979,,,1044,42762,1131,25865,,,876,13856,6,4968,,,65,7042,1,2844,,,217,5604,8,2434,,,1103,20586,9,9489,,,128,6892,96,3211,,,1667,30836,929,12573,,,430,10607,5,4891,,
2021-03-14,,8367,,4890,,,,11948,,5747,,,,4030,,2035,,,,16119,,7979,,,,42762,,25865,,,,13856,,4968,,,,7042,,2844,,,,5604,,2434,,,,20586,,9489,,,1,6893,,3211,,,,30836,,12573,,,,10607,,4891,,
2021-03-15,1,8368,1,4891,,,1,11949,,5747,,,7,4037,,2035,,,98,16217,288,8267,,,34,42796,3,25868,,,109,13965,,4968,,,9,7051,,2844,,,11,5615,,2434,,,208,20794,,9489,,,10,6903,,3211,,,652,31488,,12573,,,195,10802,1,4892,,
2021-03-16,,8368,,4891,,,,11949,,5747,,,,4037,1,2036,,,1,16218,,8267,,,8,42804,254,26122,,,1,13966,228,5196,,,2,7053,44,2888,,,,5615,,2434,,,185,20979,84,9573,,,7,6910,,3211,,,73,31561,174,12747,,,,10802,,4892,,
2021-03-17,15,8383,445,5336,,,21,11970,218,5965,,,24,4061,196,2232,,,35,16253,804,9071,,,101,42905,1813,27935,,,10,13976,171,5367,,,22,7075,400,3288,,,15,5630,110,2544,,,28,21007,567,10140,,,34,6944,67,3278,,,137,31698,681,13428,,,9,10811,239,5131,,
2021-03-18,43,8426,678,6014,,,616,12586,937,6902,,,19,4080,147,2379,,,31,16284,1388,10459,,,214,43119,2000,29935,,,231,14207,323,5690,,,51,7126,401,3689,,,9,5639,166,2710,,,114,21121,955,11095,,,173,7117,353,3631,,,168,31866,838,14266,,,9,10820,257,5388,,
2021-03-19,418,8844,112,6126,,,33,12619,272,7174,,,30,4110,48,2427,,,464,16748,352,10811,,,1177,44296,822,30757,,,91,14298,522,6212,,,46,7172,234,3923,,,81,5720,230,2940,,,212,21333,839,11934,,,112,7229,77,3708,,,289,32155,754,15020,,,38,10858,274,5662,,
2021-03-20,49,8893,,6126,,,6,12625,,7174,,,1,4111,,2427,,,40,16788,,10811,,,2317,46613,5,30762,,,33,14331,,6212,,,7,7179,43,3966,,,53,5773,2,2942,,,51,21384,,11934,,,39,7268,131,3839,,,1260,33415,,15020,,,205,11063,,5662,,
2021-03-21,,8893,,6126,,,,12625,,7174,,,,4111,,2427,,,,16788,,10811,,,1,46614,,30762,,,,14331,,6212,,,,7179,1,3967,,,,5773,,2942,,,,21384,,11934,,,,7268,,3839,,,,33415,,15020,,,,11063,,5662,,
2021-03-22,10,8903,1,6127,,,2,12627,,7174,,,,4111,,2427,,,315,17103,4,10815,,,45,46659,1,30763,,,277,14608,,6212,,,1,7180,,3967,,,,5773,,2942,,,19,21403,,11934,,,2,7270,,3839,,,269,33684,,15020,,,185,11248,3,5665,,
2021-03-23,416,9319,,6127,,,21,12648,1,7175,,,56,4167,,2427,,,49,17152,,10815,,,675,47334,28,30791,,,44,14652,1,6213,,,45,7225,1,3968,,,122,5895,,2942,,,951,22354,1,11935,,,182,7452,1,3840,,,1162,34846,283,15303,,,268,11516,,5665,,
2021-03-24,436,9755,235,6362,,,53,12701,256,7431,,,143,4310,321,2748,,,964,18116,122,10937,,,2174,49508,174,30965,,,181,14833,51,6264,,,403,7628,256,4224,,,199,6094,4,2946,,,1527,23881,333,12268,,,249,7701,139,3979,,,731,35577,684,15987,,,311,11827,52,5717,,
2021-03-25,713,10468,118,6480,,,479,13180,149,7580,,,294,4604,119,2867,,,2107,20223,475,11412,,,2252,51760,446,31411,,,1078,15911,244,6508,,,543,8171,186,4410,,,545,6639,99,3045,,,1470,25351,273,12541,,,734,8435,216,4195,,,1350,36927,206,16193,,,358,12185,31,5748,,
2021-03-26,714,11182,127,6607,,,1179,14359,224,7804,,,359,4963,91,2958,,,2330,22553,116,11528,,,3341,55101,375,31786,,,777,16688,232,6740,,,467,8638,125,4535,,,499,7138,182,3227,,,1157,26508,300,12841,,,366,8801,38,4233,,,1951,38878,174,16367,,,615,12800,373,6121,,
2021-03-27,287,11469,1,6608,,,326,14685,1,7805,,,56,5019,,2958,,,593,23146,1,11529,,,3228,58329,208,31994,,,532,17220,43,6783,,,28,8666,,4535,,,439,7577,,3227,,,483,26991,3,12844,,,219,9020,86,4319,,,249,39127,107,16474,,,354,13154,46,6167,,
2021-03-28,2,11471,,6608,,,5,14690,,7805,,,10,5029,,2958,,,39,23185,,11529,,,1057,59386,3,31997,,,23,17243,,6783,,,9,8675,,4535,,,93,7670,,3227,,,7,26998,,12844,,,4,9024,,4319,,,7,39134,,16474,,,2,13156,,6167,,
2021-03-29,22,11493,,6608,,,13,14703,,7805,,,80,5109,,2958,,,185,23370,,11529,,,366,59752,,31997,,,53,17296,,6783,,,23,8698,,4535,,,77,7747,,3227,,,69,27067,,12844,,,10,9034,6,4325,,,106,39240,1,16475,,,126,13282,,6167,,
2021-03-30,314,11807,1,6609,,,201,14904,,7805,,,333,5442,,2958,,,335,23705,,11529,,,2191,61943,12,32009,,,317,17613,,6783,,,221,8919,2,4537,,,196,7943,,3227,,,862,27929,185,13029,,,281,9315,1,4326,,,2025,41265,26,16501,,,407,13689,97,6264,,
2021-03-31,745,12552,14,6623,,,741,15645,11,7816,,,353,5795,25,2983,,,1842,25547,53,11582,,,2659,64602,85,32094,,,300,17913,191,6974,,,576,9495,7,4544,,,302,8245,112,3339,,,1959,29888,352,13381,,,862,10177,6,4332,,,2363,43628,220,16721,,,702,14391,256,6520,,
2021-04-01,655,13207,235,6858,,,1311,16956,112,7928,,,472,6267,21,3004,,,2068,27615,516,12098,,,4035,68637,190,32284,,,872,18785,245,7219,,,682,10177,69,4613,,,723,8968,21,3360,,,2579,32467,383,13764,,,599,10776,64,4396,,,1002,44630,784,17505,,,1791,16182,49,6569,,
2021-04-02,350,13557,24,6882,,,979,17935,44,7972,,,290,6557,41,3045,,,982,28597,127,12225,,,3310,71947,679,32963,,,488,19273,35,7254,,,338,10515,21,4634,,,360,9328,59,3419,,,945,33412,164,13928,,,271,11047,25,4421,,,952,45582,877,18382,,,866,17048,31,6600,,
2021-04-03,32,13589,1,6883,,,1,17936,,7972,,,10,6567,,3045,,,47,28644,,12225,,,2220,74167,1,32964,,,263,19536,2,7256,,,11,10526,,4634,,,124,9452,,3419,,,10,33422,,13928,,,4,11051,,4421,,,13,45595,,18382,,,364,17412,26,6626,,
2021-04-04,30,13619,,6883,,,8,17944,,7972,,,9,6576,,3045,,,48,28692,,12225,,,1452,75619,2,32966,,,20,19556,,7256,,,3,10529,,4634,,,6,9458,,3419,,,7,33429,,13928,,,2,11053,,4421,,,4,45599,,18382,,,5,17417,,6626,,
2021-04-05,,13619,,6883,,,,17944,,7972,,,,6576,,3045,,,,28692,,12225,,,,75619,,32966,,,1,19557,,7256,,,,10529,,4634,,,,9458,,3419,,,,33429,,13928,,,,11053,,4421,,,,45599,,18382,,,,17417,,6626,,
2021-04-06,170,13789,,6883,,,265,18209,,7972,,,87,6663,,3045,,,42,28734,2,12227,,,1000,76619,1,32967,,,53,19610,2,7258,,,61,10590,,4634,,,51,9509,,3419,,,552,33981,207,14135,,,50,11103,3,4424,,,16,45615,101,18483,,,121,17538,53,6679,,
2021-04-07,226,14015,,6883,,,705,18914,1,7973,,,40,6703,,3045,,,744,29478,,12227,,,1874,78493,,32967,,,411,20021,7,7265,,,189,10779,,4634,,,82,9591,,3419,,,522,34503,1,14136,,,104,11207,,4424,,,1230,46845,13,18496,,,16,17554,,6679,,
2021-04-08,236,14251,9,6892,,,1284,20198,21,7994,,,220,6923,28,3073,,,2087,31565,64,12291,,,4101,82594,160,33127,,,1287,21308,59,7324,,,634,11413,25,4659,,,494,10085,27,3446,,,1821,36324,107,14243,,,549,11756,47,4471,,,1569,48414,105,18601,,,472,18026,19,6698,,
2021-04-09,938,15189,95,6987,,,2209,22407,120,8114,,,571,7494,27,3100,,,2112,33677,248,12539,,,4118,86712,623,33750,,,781,22089,54,7378,,,528,11941,73,4732,,,416,10501,7,3453,,,3140,39464,143,14386,,,993,12749,43,4514,,,2444,50858,242,18843,,,306,18332,31,6729,,
2021-04-10,798,15987,18,7005,,,780,23187,,8114,,,19,7513,,3100,,,94,33771,,12539,,,3595,90307,58,33808,,,842,22931,,7378,,,90,12031,1,4733,,,321,10822,36,3489,,,240,39704,5,14391,,,309,13058,7,4521,,,1382,52240,1,18844,,,607,18939,5,6734,,
2021-04-11,19,16006,,7005,,,4,23191,,8114,,,2,7515,,3100,,,51,33822,1,12540,,,1482,91789,17,33825,,,18,22949,,7378,,,,12031,,4733,,,28,10850,,3489,,,5,39709,1,14392,,,,13058,,4521,,,3,52243,,18844,,,2,18941,,6734,,
2021-04-12,27,16033,,7005,,,2,23193,,8114,,,77,7592,,3100,,,737,34559,3,12543,,,51,91840,1,33826,,,148,23097,,7378,,,25,12056,,4733,,,40,10890,,3489,,,170,39879,,14392,,,41,13099,,4521,,,297,52540,202,19046,,,42,18983,,6734,,
2021-04-13,141,16174,7,7012,,,207,23400,4,8118,,,112,7704,2,3102,,,63,34622,8,12551,,,209,92049,283,34109,,,392,23489,3,7381,,,47,12103,2,4735,,,57,10947,,3489,,,414,40293,241,14633,,,130,13229,8,4529,,,1072,53612,221,19267,,,242,19225,5,6739,,
2021-04-14,574,16748,377,7389,,,314,23714,7,8125,,,116,7820,34,3136,,,906,35528,335,12886,,,2113,94162,1265,35374,,,632,24121,15,7396,,,479,12582,54,4789,,,118,11065,137,3626,,,661,40954,1108,15741,,,296,13525,66,4595,,,1264,54876,433,19700,,,360,19585,31,6770,,
2021-04-15,527,17275,699,8088,,,716,24430,641,8766,,,284,8104,314,3450,,,867,36395,1873,14759,,,2145,96307,1554,36928,,,770,24891,802,8198,,,221,12803,742,5531,,,230,11295,274,3900,,,924,41878,996,16737,,,148,13673,787,5382,,,2022,56898,1163,20863,,,626,20211,211,6981,,
2021-04-16,452,17727,301,8389,,,725,25155,488,9254,,,172,8276,153,3603,,,1042,37437,1027,15786,,,2282,98589,1449,38377,,,330,25221,344,8542,,,410,13213,131,5662,,,453,11748,236,4136,,,1550,43428,521,17258,,,332,14005,90,5472,,,340,57238,744,21607,,,326,20537,258,7239,,
2021-04-17,43,17770,26,8415,,,8,25163,3,9257,,,615,8891,5,3608,,,32,37469,42,15828,,,1288,99877,2951,41328,,,29,25250,55,8597,,,62,13275,7,5669,,,14,11762,229,4365,,,107,43535,15,17273,,,163,14168,34,5506,,,99,57337,267,21874,,,45,20582,25,7264,,
2021-04-18,16,17786,,8415,,,5,25168,,9257,,,2,8893,,3608,,,20,37489,1,15829,,,964,100841,5,41333,,,7,25257,,8597,,,4,13279,,5669,,,246,12008,,4365,,,12,43547,1,17274,,,,14168,,5506,,,1,57338,,21874,,,2,20584,,7264,,
2021-04-19,18,17804,1,8416,,,376,25544,1,9258,,,156,9049,1,3609,,,616,38105,253,16082,,,46,100887,5,41338,,,230,25487,59,8656,,,21,13300,,5669,,,1,12009,1,4366,,,742,44289,49,17323,,,11,14179,,5506,,,58,57396,5,21879,,,58,20642,,7264,,
2021-04-20,129,17933,6,8422,,,513,26057,6,9264,,,149,9198,8,3617,,,469,38574,5,16087,,,2467,103354,527,41865,,,386,25873,3,8659,,,77,13377,33,5702,,,159,12168,1,4367,,,666,44955,341,17664,,,57,14236,250,5756,,,119,57515,5,21884,,,24,20666,325,7589,,
2021-04-21,543,18476,705,9127,,,333,26390,405,9669,,,402,9600,249,3866,,,1187,39761,413,16500,,,2570,105924,1730,43595,,,599,26472,131,8790,,,166,13543,235,5937,,,124,12292,157,4524,,,617,45572,1926,19590,,,36,14272,771,6527,,,883,58398,2138,24022,,,280,20946,308,7897,,
2021-04-22,861,19337,776,9903,,,456,26846,1195,10864,,,357,9957,459,4325,,,1115,40876,1793,18293,,,1148,107072,1420,45015,,,818,27290,672,9462,,,243,13786,606,6543,,,173,12465,421,4945,,,928,46500,1985,21575,,,696,14968,655,7182,,,729,59127,872,24894,,,615,21561,1079,8976,,
2021-04-23,1463,20800,135,10038,,,305,27151,1046,11910,,,331,10288,179,4504,,,1056,41932,1260,19553,,,3360,110432,1065,46080,,,586,27876,469,9931,,,188,13974,401,6944,,,198,12663,562,5507,,,1701,48201,674,22249,,,371,15339,23,7205,,,951,60078,925,25819,,,367,21928,136,9112,,
2021-04-24,44,20844,4,10042,,,8,27159,1,11911,,,8,10296,,4504,,,97,42029,1,19554,,,1593,112025,207,46287,,,107,27983,4,9935,,,40,14014,,6944,,,332,12995,25,5532,,,98,48299,,22249,,,21,15360,,7205,,,79,60157,153,25972,,,61,21989,85,9197,,
2021-04-25,10,20854,,10042,,,,27159,,11911,,,2,10298,,4504,,,11,42040,,19554,,,614,112639,24,46311,,,8,27991,,9935,,,1,14015,,6944,,,4,12999,,5532,,,3,48302,,22249,,,1,15361,,7205,,,2,60159,,25972,,,2,21991,,9197,,
2021-04-26,1,20855,,10042,,,8,27167,,11911,,,,10298,,4504,,,65,42105,6,19560,,,89,112728,,46311,,,20,28011,,9935,,,3,14018,,6944,,,8,13007,1,5533,,,5,48307,1,22250,,,8,15369,,7205,,,86,60245,,25972,,,86,22077,,9197,,
2021-04-27,8,20863,,10042,,,2,27169,,11911,,,2,10300,,4504,,,16,42121,,19560,,,411,113139,11,46322,,,5,28016,2,9937,,,,14018,,6944,,,4,13011,,5533,,,6,48313,,22250,,,1,15370,1,7206,,,2,60247,,25972,,,1,22078,,9197,,
2021-04-28,547,21410,35,10077,,,66,27235,12,11923,,,124,10424,14,4518,,,201,42322,136,19696,,,1166,114305,2474,48796,,,431,28447,37,9974,,,22,14040,10,6954,,,68,13079,26,5559,,,228,48541,106,22356,,,1,15371,56,7262,,,305,60552,1516,27488,,,36,22114,416,9613,,
2021-04-29,1059,22469,264,10341,,,79,27314,737,12660,,,174,10598,189,4707,,,620,42942,976,20672,,,888,115193,4894,53690,,,520,28967,934,10908,,,323,14363,692,7646,,,122,13201,205,5764,,,1187,49728,1366,23722,,,454,15825,250,7512,,,338,60890,1901,29389,,,249,22363,991,10604,,
2021-04-30,319,22788,703,11044,,,19,27333,318,12978,,,73,10671,569,5276,,,505,43447,1733,22405,,,1404,116597,4021,57711,,,430,29397,947,11855,,,153,14516,349,7995,,,293,13494,383,6147,,,1120,50848,2514,26236,,,174,15999,952,8464,,,1490,62380,2220,31609,,,359,22722,188,10792,,
2021-05-01,15,22803,52,11096,,,1,27334,9,12987,,,2,10673,16,5292,,,17,43464,106,22511,,,666,117263,3529,61240,,,4,29401,575,12430,,,4,14520,20,8015,,,13,13507,238,6385,,,7,50855,230,26466,,,,15999,3,8467,,,56,62436,257,31866,,,85,22807,1335,12127,,
2021-05-02,20,22823,41,11137,,,1,27335,8,12995,,,3,10676,9,5301,,,22,43486,65,22576,,,1199,118462,1983,63223,,,19,29420,25,12455,,,1,14521,3,8018,,,12,13519,10,6395,,,6,50861,8,26474,,,2,16001,2,8469,,,4,62440,4,31870,,,2,22809,5,12132,,
2021-05-03,12,22835,22,11159,,,26,27361,635,13630,,,206,10882,6,5307,,,715,44201,867,23443,,,1020,119482,256,63479,,,366,29786,318,12773,,,122,14643,71,8089,,,36,13555,7,6402,,,1592,52453,521,26995,,,18,16019,6,8475,,,108,62548,213,32083,,,876,23685,24,12156,,
2021-05-04,216,23051,174,11333,,,110,27471,376,14006,,,67,10949,50,5357,,,1009,45210,235,23678,,,2523,122005,314,63793,,,680,30466,24,12797,,,94,14737,39,8128,,,120,13675,8,6410,,,772,53225,76,27071,,,53,16072,98,8573,,,1393,63941,1045,33128,,,137,23822,383,12539,,
2021-05-05,568,23619,703,12036,,,87,27558,1309,15315,,,653,11602,145,5502,,,1421,46631,576,24254,,,4605,126610,1259,65052,,,214,30680,843,13640,,,417,15154,208,8336,,,443,14118,73,6483,,,846,54071,305,27376,,,34,16106,378,8951,,,736,64677,1798,34926,,,149,23971,380,12919,,
2021-05-06,899,24518,939,12975,,,1034,28592,795,16110,,,368,11970,359,5861,,,2701,49332,1097,25351,,,3973,130583,3067,68119,,,1153,31833,622,14262,,,434,15588,460,8796,,,202,14320,491,6974,,,1319,55390,1628,29004,,,1162,17268,175,9126,,,1651,66328,2044,36970,,,794,24765,611,13530,,
2021-05-07,520,25038,65,13040,,,685,29277,1483,17593,,,197,12167,129,5990,,,1432,50764,797,26148,,,3802,134385,2081,70200,,,648,32481,613,14875,,,386,15974,718,9514,,,310,14630,540,7514,,,1238,56628,1330,30334,,,281,17549,432,9558,,,3580,69908,281,37251,,,482,25247,171,13701,,
2021-05-08,706,25744,541,13581,,,22,29299,15,17608,,,48,12215,619,6609,,,87,50851,64,26212,,,2793,137178,3151,73351,,,292,32773,56,14931,,,10,15984,9,9523,,,45,14675,458,7972,,,69,56697,71,30405,,,11,17560,5,9563,,,1364,71272,264,37515,,,77,25324,57,13758,,
2021-05-09,12,25756,1,13582,,,12,29311,,17608,,,11,12226,2,6611,,,47,50898,7,26219,,,1493,138671,119,73470,,,29,32802,4,14935,,,3,15987,,9523,,,27,14702,,7972,,,19,56716,1,30406,,,,17560,,9563,,,6,71278,1,37516,,,5,25329,,13758,,
2021-05-10,18,25774,13,13595,,,228,29539,3,17611,,,222,12448,17,6628,,,852,51750,312,26531,,,179,138850,271,73741,,,76,32878,120,15055,,,21,16008,11,9534,,,34,14736,5,7977,,,469,57185,405,30811,,,39,17599,48,9611,,,33,71311,131,37647,,,158,25487,44,13802,,
2021-05-11,231,26005,173,13768,,,651,30190,16,17627,,,158,12606,103,6731,,,1423,53173,571,27102,,,2637,141487,328,74069,,,461,33339,478,15533,,,130,16138,127,9661,,,131,14867,68,8045,,,547,57732,237,31048,,,21,17620,22,9633,,,1284,72595,17,37664,,,587,26074,6,13808,,
2021-05-12,701,26706,600,14368,,,795,30985,314,17941,,,448,13054,386,7117,,,1621,54794,332,27434,,,5506,146993,1196,75265,,,895,34234,763,16296,,,649,16787,195,9856,,,136,15003,247,8292,,,2476,60208,864,31912,,,347,17967,137,9770,,,2413,75008,624,38288,,,604,26678,229,14037,,
2021-05-13,541,27247,1158,15526,,,1186,32171,422,18363,,,474,13528,248,7365,,,2766,57560,1071,28505,,,5654,152647,1692,76957,,,1489,35723,1055,17351,,,767,17554,353,10209,,,389,15392,265,8557,,,2310,62518,948,32860,,,877,18844,652,10422,,,1827,76835,1316,39604,,,1219,27897,588,14625,,
2021-05-14,785,28032,648,16174,,,1553,33724,453,18816,,,382,13910,259,7624,,,1816,59376,1056,29561,,,4389,157036,1483,78440,,,900,36623,660,18011,,,769,18323,572,10781,,,652,16044,172,8729,,,2200,64718,1049,33909,,,1710,20554,192,10614,,,1892,78727,1871,41475,,,352,28249,298,14923,,
2021-05-15,841,28873,970,17144,,,32,33756,43,18859,,,49,13959,448,8072,,,448,59824,151,29712,,,3224,160260,1574,80014,,,877,37500,377,18388,,,138,18461,301,11082,,,360,16404,167,8896,,,364,65082,85,33994,,,220,20774,24,10638,,,106,78833,68,41543,,,268,28517,139,15062,,
2021-05-16,,28873,40,17184,,,,33756,11,18870,,,1,13960,7,8079,,,7,59831,66,29778,,,47,160307,2745,82759,,,1,37501,29,18417,,,,18461,1,11083,,,124,16528,25,8921,,,1,65083,13,34007,,,,20774,1,10639,,,2,78835,11,41554,,,,28517,7,15069,,
2021-05-17,144,29017,130,17314,,,160,33916,268,19138,,,40,14000,192,8271,,,921,60752,194,29972,,,1608,161915,368,83127,,,224,37725,503,18920,,,132,18593,143,11226,,,30,16558,38,8959,,,125,65208,992,34999,,,2,20776,59,10698,,,31,78866,1931,43485,,,129,28646,315,15384,,
2021-05-18,571,29588,617,17931,,,689,34605,35,19173,,,54,14054,58,8329,,,665,61417,123,30095,,,3342,165257,299,83426,,,487,38212,381,19301,,,246,18839,280,11506,,,178,16736,154,9113,,,1467,66675,694,35693,,,133,20909,10,10708,,,2200,81066,877,44362,,,299,28945,133,15517,,
2021-05-19,1219,30807,535,18466,,,755,35360,326,19499,,,923,14977,84,8413,,,1589,63006,592,30687,,,4607,169864,1364,84790,,,692,38904,672,19973,,,689,19528,165,11671,,,281,17017,145,9258,,,1857,68532,1169,36862,,,464,21373,334,11042,,,2240,83306,2629,46991,,,602,29547,83,15600,,
2021-05-20,883,31690,1047,19513,,,2417,37777,144,19643,,,598,15575,341,8754,,,2256,65262,763,31450,,,6231,176095,1201,85991,,,1655,40559,1127,21100,,,850,20378,332,12003,,,326,17343,181,9439,,,3316,71848,794,37656,,,755,22128,540,11582,,,2586,85892,387,47378,,,1694,31241,248,15848,,
2021-05-21,1123,32813,854,20367,,,1510,39287,747,20390,,,453,16028,104,8858,,,1411,66673,849,32299,,,2893,178988,2404,88395,,,1215,41774,822,21922,,,617,20995,941,12944,,,824,18167,449,9888,,,1816,73664,2131,39787,,,252,22380,362,11944,,,2588,88480,2518,49896,,,341,31582,663,16511,,
2021-05-22,10,32823,43,20410,,,8,39295,2,20392,,,12,16040,11,8869,,,37,66710,95,32394,,,1189,180177,3525,91920,,,224,41998,34,21956,,,60,21055,16,12960,,,857,19024,180,10068,,,853,74517,300,40087,,,46,22426,776,12720,,,134,88614,2082,51978,,,48,31630,546,17057,,
2021-05-23,13,32836,24,20434,,,3,39298,2,20394,,,6,16046,7,8876,,,56,66766,39,32433,,,1064,181241,1728,93648,,,15,42013,16,21972,,,4,21059,5,12965,,,19,19043,18,10086,,,20,74537,9,40096,,,3,22429,2,12722,,,7,88621,3,51981,,,5,31635,4,17061,,
2021-05-24,11,32847,39,20473,,,160,39458,324,20718,,,41,16087,152,9028,,,33,66799,1259,33692,,,148,181389,1480,95128,,,47,42060,178,22150,,,14,21073,156,13121,,,12,19055,151,10237,,,558,75095,420,40516,,,6,22435,110,12832,,,147,88768,598,52579,,,31,31666,489,17550,,
2021-05-25,70,32917,302,20775,,,284,39742,52,20770,,,16,16103,135,9163,,,274,67073,320,34012,,,782,182171,1493,96621,,,506,42566,556,22706,,,12,21085,71,13192,,,87,19142,97,10334,,,677,75772,1073,41589,,,81,22516,488,13320,,,685,89453,1980,54559,,,262,31928,453,18003,,
2021-05-26,372,33289,666,21441,,,325,40067,553,21323,,,596,16699,758,9921,,,450,67523,1985,35997,,,1161,183332,4980,101601,,,253,42819,911,23617,,,769,21854,451,13643,,,56,19198,270,10604,,,1209,76981,2286,43875,,,465,22981,519,13839,,,1024,90477,1665,56224,,,582,32510,126,18129,,
2021-05-27,675,33964,943,22384,,,383,40450,1063,22386,,,356,17055,466,10387,,,2454,69977,2692,38689,,,1074,184406,5512,107113,,,336,43155,1659,25276,,,370,22224,701,14344,,,294,19492,520,11124,,,1870,78851,1594,45469,,,594,23575,920,14759,,,501,90978,3377,59601,,,364,32874,1148,19277,,
2021-05-28,241,34205,940,23324,,,389,40839,1389,23775,,,209,17264,354,10741,,,1431,71408,1298,39987,,,2938,187344,1861,108974,,,689,43844,997,26273,,,401,22625,512,14856,,,470,19962,515,11639,,,845,79696,2382,47851,,,91,23666,447,15206,,,382,91360,2587,62188,,,442,33316,948,20225,,
2021-05-29,8,34213,152,23476,,,6,40845,18,23793,,,3,17267,17,10758,,,31,71439,109,40096,,,763,188107,3806,112780,,,127,43971,1711,27984,,,4,22629,56,14912,,,214,20176,275,11914,,,20,79716,34,47885,,,9,23675,351,15557,,,2653,94013,50,62238,,,28,33344,324,20549,,
2021-05-30,,34213,,23476,,,,40845,,23793,,,,17267,,10758,,,,71439,,40096,,,,188107,1,112781,,,,43971,,27984,,,,22629,,14912,,,,20176,,11914,,,,79716,,47885,,,,23675,1,15558,,,1,94014,,62238,,,,33344,,20549,,
2021-05-31,69,34282,176,23652,,,25,40870,520,24313,,,35,17302,95,10853,,,308,71747,1251,41347,,,1042,189149,159,112940,,,358,44329,391,28375,,,77,22706,87,14999,,,21,20197,39,11953,,,548,80264,394,48279,,,6,23681,26,15584,,,434,94448,676,62914,,,67,33411,277,20826,,
2021-06-01,237,34519,670,24322,,,43,40913,685,24998,,,407,17709,62,10915,,,175,71922,745,42092,,,781,189930,3806,116746,,,711,45040,459,28834,,,157,22863,154,15153,,,33,20230,182,12135,,,1313,81577,2036,50315,,,29,23710,66,15650,,,502,94950,2207,65121,,,347,33758,802,21628,,
2021-06-02,1065,35584,983,25305,,,468,41381,597,25595,,,418,18127,406,11321,,,2784,74706,1354,43446,,,3500,193430,5044,121790,,,659,45699,918,29752,,,830,23693,465,15618,,,435,20665,138,12273,,,2278,83855,1960,52275,,,383,24093,821,16471,,,1920,96870,1619,66740,,,1144,34902,301,21929,,
2021-06-03,963,36547,810,26115,,,1550,42931,977,26572,,,634,18761,326,11647,,,1235,75941,2916,46362,,,3910,197340,5289,127079,,,1236,46935,1363,31115,,,542,24235,866,16484,,,536,21201,543,12816,,,3046,86901,2277,54552,,,1708,25801,929,17400,,,1848,98718,2383,69123,,,1092,35994,1310,23239,,
2021-06-04,741,37288,673,26788,,,417,43348,1381,27953,,,306,19067,489,12136,,,1039,76980,2267,48629,,,2708,200048,4716,131795,,,1232,48167,1464,32579,,,432,24667,616,17100,,,470,21671,715,13531,,,1445,88346,2871,57423,,,403,26204,2144,19544,,,1589,100307,1880,71003,,,334,36328,1812,25051,,
2021-06-05,29,37317,69,26857,,,22,43370,1162,29115,,,14,19081,28,12164,,,811,77791,444,49073,,,1905,201953,2836,134631,,,115,48282,1161,33740,,,15,24682,17,17117,,,209,21880,323,13854,,,78,88424,242,57665,,,573,26777,208,19752,,,2283,102590,124,71127,,,568,36896,286,25337,,
2021-06-06,24,37341,9,26866,,,13,43383,3,29118,,,9,19090,4,12168,,,70,77861,15,49088,,,1714,203667,676,135307,,,21,48303,11,33751,,,5,24687,3,17120,,,15,21895,3,13857,,,35,88459,20,57685,,,15,26792,13,19765,,,1876,104466,1858,72985,,,251,37147,104,25441,,
2021-06-07,37,37378,42,26908,,,73,43456,388,29506,,,123,19213,248,12416,,,269,78130,1082,50170,,,1588,205255,462,135769,,,87,48390,662,34413,,,39,24726,28,17148,,,119,22014,42,13899,,,93,88552,635,58320,,,5,26797,63,19828,,,268,104734,478,73463,,,375,37522,329,25770,,
2021-06-08,422,37800,841,27749,,,345,43801,141,29647,,,382,19595,153,12569,,,949,79079,625,50795,,,2081,207336,2597,138366,,,781,49171,696,35109,,,112,24838,254,17402,,,49,22063,203,14102,,,599,89151,866,59186,,,59,26856,164,19992,,,897,105631,926,74389,,,808,38330,325,26095,,
2021-06-09,743,38543,1065,28814,,,565,44366,204,29851,,,373,19968,689,13258,,,823,79902,1678,52473,,,4523,211859,3538,141904,,,779,49950,885,35994,,,373,25211,595,17997,,,132,22195,156,14258,,,851,90002,1494,60680,,,29,26885,431,20423,,,458,106089,3161,77550,,,99,38429,212,26307,,
2021-06-10,1383,39926,616,29430,,,1016,45382,1875,31726,,,484,20452,650,13908,,,1508,81410,1980,54453,,,5306,217165,2300,144204,,,768,50718,1841,37835,,,568,25779,787,18784,,,432,22627,249,14507,,,1940,91942,3462,64142,,,719,27604,644,21067,,,1598,107687,2218,79768,,,453,38882,1182,27489,,
2021-06-11,832,40758,803,30233,,,269,45651,1558,33284,,,163,20615,394,14302,,,969,82379,2157,56610,,,1281,218446,4666,148870,,,715,51433,1117,38952,,,269,26048,575,19359,,,601,23228,461,14968,,,1077,93019,1651,65793,,,315,27919,400,21467,,,931,108618,3062,82830,,,377,39259,588,28077,,
2021-06-12,419,41177,71,30304,,,17,45668,44,33328,,,176,20791,83,14385,,,66,82445,286,56896,,,1797,220243,3633,152503,,,263,51696,276,39228,,,11,26059,76,19435,,,54,23282,970,15938,,,180,93199,939,66732,,,15,27934,12,21479,,,1291,109909,106,82936,,,386,39645,201,28278,,
2021-06-13,19,41196,13,30317,,,19,45687,6,33334,,,7,20798,2,14387,,,49,82494,23,56919,,,2433,222676,506,153009,,,32,51728,9,39237,,,11,26070,2,19437,,,17,23299,138,16076,,,14,93213,6,66738,,,2,27936,2,21481,,,11,109920,4,82940,,,7,39652,2,28280,,
2021-06-14,24,41220,154,30471,,,371,46058,12,33346,,,54,20852,117,14504,,,62,82556,981,57900,,,1404,224080,1058,154067,,,99,51827,591,39828,,,122,26192,85,19522,,,84,23383,94,16170,,,75,93288,375,67113,,,1,27937,4,21485,,,598,110518,177,83117,,,30,39682,290,28570,,
2021-06-15,56,41276,163,30634,,,53,46111,483,33829,,,30,20882,18,14522,,,296,82852,429,58329,,,3148,227228,1211,155278,,,582,52409,702,40530,,,37,26229,28,19550,,,62,23445,118,16288,,,186,93474,241,67354,,,299,28236,143,21628,,,631,111149,1267,84384,,,309,39991,179,28749,,
2021-06-16,821,42097,894,31528,,,200,46311,1150,34979,,,367,21249,250,14772,,,1161,84013,1176,59505,,,1888,229116,2430,157708,,,313,52722,394,40924,,,434,26663,433,19983,,,55,23500,149,16437,,,1158,94632,1570,68924,,,102,28338,216,21844,,,728,111877,1589,85973,,,31,40022,426,29175,,
2021-06-17,678,42775,866,32394,,,277,46588,310,35289,,,224,21473,508,15280,,,907,84920,2236,61741,,,1662,230778,3790,161498,,,718,53440,752,41676,,,312,26975,500,20483,,,198,23698,327,16764,,,828,95460,1894,70818,,,160,28498,354,22198,,,1159,113036,1748,87721,,,589,40611,913,30088,,
2021-06-18,128,42903,403,32797,,,511,47099,868,36157,,,139,21612,185,15465,,,543,85463,1514,63255,,,1226,232004,2177,163675,,,241,53681,551,42227,,,225,27200,663,21146,,,195,23893,581,17345,,,647,96107,1295,72113,,,141,28639,779,22977,,,679,113715,685,88406,,,224,40835,293,30381,,
2021-06-19,10,42913,11,32808,,,67,47166,8,36165,,,6,21618,3,15468,,,24,85487,15,63270,,,624,232628,444,164119,,,278,53959,361,42588,,,11,27211,9,21155,,,122,24015,386,17731,,,11,96118,18,72131,,,1,28640,1,22978,,,134,113849,83,88489,,,38,40873,3,30384,,
2021-06-20,1,42914,15,32823,,,2,47168,14,36179,,,,21618,8,15476,,,4,85491,57,63327,,,76,232704,1227,165346,,,,53959,22,42610,,,1,27212,2,21157,,,2,24017,28,17759,,,1,96119,21,72152,,,,28640,4,22982,,,2,113851,10,88499,,,,40873,2,30386,,
2021-06-21,11,42925,32,32855,,,35,47203,529,36708,,,88,21706,79,15555,,,511,86002,498,63825,,,449,233153,1583,166929,,,274,54233,307,42917,,,27,27239,23,21180,,,27,24044,80,17839,,,130,96249,412,72564,,,6,28646,3,22985,,,122,113973,402,88901,,,50,40923,165,30551,,
2021-06-22,360,43285,636,33491,,,210,47413,415,37123,,,14,21720,326,15881,,,116,86118,826,64651,,,1119,234272,3204,170133,,,89,54322,639,43556,,,154,27393,231,21411,,,30,24074,87,17926,,,113,96362,448,73012,,,20,28666,31,23016,,,563,114536,679,89580,,,266,41189,322,30873,,
2021-06-23,139,43424,634,34125,,,242,47655,670,37793,,,141,21861,468,16349,,,163,86281,2139,66790,,,1482,235754,3483,173616,,,521,54843,734,44290,,,177,27570,675,22086,,,110,24184,556,18482,,,894,97256,2124,75136,,,251,28917,501,23517,,,682,115218,3169,92749,,,132,41321,682,31555,,
2021-06-24,537,43961,1466,35591,,,337,47992,1727,39520,,,73,21934,408,16757,,,438,86719,2079,68869,,,1322,237076,6043,179659,,,461,55304,919,45209,,,168,27738,345,22431,,,72,24256,320,18802,,,381,97637,3155,78291,,,125,29042,1240,24757,,,846,116064,2952,95701,,,344,41665,1033,32588,,
2021-06-25,,43961,,35591,,,,47992,,39520,,,,21934,,16757,,,3,86722,3,68872,,,2,237078,5,179664,,,,55304,1,45210,,,5,27743,49,22480,,,,24256,1,18803,,,,97637,,78291,,,,29042,,24757,,,,116064,,95701,,,,41665,,32588,,
2021-06-26,1,43962,3,35594,,,44,48036,23,39543,,,4,21938,5,16762,,,8,86730,9,68881,,,186,237264,280,179944,,,,55304,5,45215,,,2,27745,3,22483,,,48,24304,8,18811,,,7,97644,31,78322,,,7,29049,430,25187,,,97,116161,2423,98124,,,29,41694,524,33112,,
2021-06-27,1,43963,,35594,,,,48036,,39543,,,,21938,,16762,,,5,86735,4,68885,,,2,237266,2,179946,,,,55304,,45215,,,,27745,,22483,,,,24304,,18811,,,2,97646,5,78327,,,,29049,,25187,,,,116161,,98124,,,,41694,,33112,,
2021-06-28,8,43971,49,35643,,,342,48378,83,39626,,,23,21961,202,16964,,,14,86749,87,68972,,,296,237562,2441,182387,,,36,55340,565,45780,,,54,27799,138,22621,,,67,24371,396,19207,,,40,97686,70,78397,,,1,29050,22,25209,,,185,116346,474,98598,,,235,41929,669,33781,,
2021-06-29,125,44096,550,36193,,,179,48557,362,39988,,,12,21973,345,17309,,,112,86861,1609,70581,,,502,238064,3717,186104,,,323,55663,592,46372,,,35,27834,51,22672,,,22,24393,188,19395,,,129,97815,745,79142,,,22,29072,59,25268,,,337,116683,1525,100123,,,128,42057,595,34376,,
2021-06-30,112,44208,249,36442,,,195,48752,475,40463,,,197,22170,575,17884,,,296,87157,1153,71734,,,916,238980,3783,189887,,,228,55891,423,46795,,,264,28098,256,22928,,,62,24455,398,19793,,,581,98396,1518,80660,,,243,29315,297,25565,,,473,117156,1522,101645,,,136,42193,634,35010,,
2021-07-01,213,44421,1636,38078,,,265,49017,1156,41619,,,110,22280,516,18400,,,133,87290,1179,72913,,,1140,240120,5121,195008,,,251,56142,756,47551,,,173,28271,582,23510,,,134,24589,366,20159,,,582,98978,2795,83455,,,36,29351,813,26378,2,2,381,117537,1046,102691,,,244,42437,888,35898,,
2021-07-02,107,44528,705,38783,,,252,49269,979,42598,,,91,22371,277,18677,1,1,91,87381,871,73784,,,1134,241254,2474,197482,,,386,56528,426,47977,,,131,28402,368,23878,,,105,24694,644,20803,,,403,99381,1617,85072,,,147,29498,454,26832,,2,726,118263,1976,104667,,,270,42707,508,36406,,
2021-07-03,13,44541,296,39079,,,4,49273,3,42601,,,3,22374,4,18681,,1,135,87516,58,73842,,,191,241445,221,197703,,,20,56548,348,48325,,,1,28403,5,23883,,,13,24707,38,20841,,,10,99391,7,85079,,,2,29500,2,26834,,2,5,118268,22,104689,,,24,42731,200,36606,,
2021-07-04,,44541,17,39096,,,,49273,,42601,,,,22374,,18681,,1,,87516,,73842,,,,241445,,197703,,,,56548,,48325,,,,28403,,23883,,,,24707,,20841,,,,99391,1,85080,,,,29500,,26834,,2,,118268,,104689,,,,42731,,36606,,
2021-07-05,18,44559,61,39157,,,44,49317,644,43245,,,40,22414,76,18757,,1,31,87547,131,73973,,,450,241895,2549,200252,,,169,56717,281,48606,,,41,28444,33,23916,,,20,24727,88,20929,,,33,99424,491,85571,,,9,29509,18,26852,,2,307,118575,824,105513,,,275,43006,329,36935,,
2021-07-06,210,44769,715,39872,,,79,49396,55,43300,,,6,22420,182,18939,,1,250,87797,266,74239,,,884,242779,3707,203959,1,1,60,56777,88,48694,,,61,28505,67,23983,,,44,24771,114,21043,,,137,99561,389,85960,,,20,29529,205,27057,,2,334,118909,583,106096,,,150,43156,332,37267,,
2021-07-07,55,44824,453,40325,1,1,215,49611,265,43565,,,126,22546,334,19273,,1,537,88334,1376,75615,,,1299,244078,3549,207508,1,2,277,57054,438,49132,,,163,28668,412,24395,,,133,24904,296,21339,,,398,99959,913,86873,,,149,29678,207,27264,,2,958,119867,702,106798,,,147,43303,221,37488,,
2021-07-08,444,45268,575,40900,,1,584,50195,619,44184,,,80,22626,343,19616,,1,539,88873,1919,77534,,,1134,245212,4077,211585,1,3,366,57420,506,49638,,,283,28951,327,24722,,,107,25011,201,21540,,,654,100613,1369,88242,1,1,155,29833,181,27445,,2,898,120765,657,107455,1,1,439,43742,572,38060,,
2021-07-09,259,45527,392,41292,,1,199,50394,563,44747,,,160,22786,177,19793,,1,363,89236,436,77970,,,944,246156,2444,214029,,3,154,57574,481,50119,,,152,29103,285,25007,,,166,25177,454,21994,1,1,528,101141,844,89086,,1,106,29939,154,27599,,2,794,121559,1469,108924,4,5,460,44202,461,38521,17,17
2021-07-10,6,45533,4,41296,,1,29,50423,70,44817,,,5,22791,7,19800,,1,18,89254,24,77994,,,225,246381,157,214186,,3,121,57695,204,50323,,,3,29106,5,25012,,,6,25183,7,22001,,1,23,101164,21,89107,1,2,3,29942,8,27607,,2,12,121571,5,108929,,5,268,44470,110,38631,,17
2021-07-11,,45533,,41296,,1,,50423,,44817,,,,22791,,19800,,1,,89254,,77994,,,4,246385,5,214191,,3,,57695,,50323,,,,29106,1,25013,,,,25183,,22001,,1,,101164,1,89108,,2,2,29944,2,27609,,2,208,121779,128,109057,,5,1,44471,1,38632,1,18
2021-07-12,28,45561,36,41332,,1,319,50742,132,44949,,,48,22839,105,19905,,1,216,89470,329,78323,,,513,246898,1898,216089,,3,443,58138,314,50637,,,82,29188,51,25064,,,93,25276,74,22075,,1,298,101462,403,89511,1,3,33,29977,41,27650,,2,580,122359,393,109450,,5,331,44802,289,38921,,18
2021-07-13,389,45950,555,41887,,1,143,50885,176,45125,,,20,22859,195,20100,,1,141,89611,199,78522,,,1036,247934,2051,218140,1,4,59,58197,126,50763,,,116,29304,92,25156,,,146,25422,164,22239,,1,258,101720,164,89675,,3,21,29998,23,27673,,2,525,122884,352,109802,,5,187,44989,254,39175,,18
2021-07-14,223,46173,165,42052,,1,211,51096,210,45335,,,282,23141,184,20284,,1,1227,90838,1286,79808,,,1157,249091,1867,220007,,4,255,58452,294,51057,,,430,29734,285,25441,,,170,25592,239,22478,,1,549,102269,638,90313,,3,300,30298,308,27981,,2,1161,124045,810,110612,1,6,204,45193,183,39358,,18
2021-07-15,702,46875,689,42741,,1,503,51599,559,45894,1,1,101,23242,156,20440,,1,669,91507,1383,81191,,,1571,250662,2395,222402,1,5,803,59255,649,51706,,,192,29926,251,25692,1,1,133,25725,122,22600,,1,1240,103509,1106,91419,1,4,291,30589,159,28140,,2,894,124939,883,111495,1,7,336,45529,541,39899,,18
2021-07-16,245,47120,217,42958,,1,163,51762,192,46086,,1,271,23513,134,20574,,1,157,91664,243,81434,,,1616,252278,1579,223981,,5,333,59588,483,52189,,,129,30055,259,25951,,1,249,25974,231,22831,,1,713,104222,687,92106,,4,185,30774,172,28312,,2,1325,126264,1265,112760,1,8,845,46374,473,40372,,18
2021-07-17,9,47129,6,42964,,1,125,51887,48,46134,,1,80,23593,77,20651,,1,66,91730,66,81500,,,399,252677,364,224345,,5,271,59859,238,52427,,,6,30061,4,25955,,1,14,25988,7,22838,,1,57,104279,58,92164,,4,11,30785,7,28319,,2,315,126579,194,112954,,8,14,46388,10,40382,,18
2021-07-18,,47129,,42964,,1,,51887,,46134,,1,,23593,,20651,,1,,91730,,81500,,,,252677,,224345,,5,,59859,,52427,,,5,30066,3,25958,,1,16,26004,4,22842,,1,2,104281,1,92165,,4,,30785,,28319,,2,,126579,,112954,,8,5,46393,2,40384,,18
2021-07-19,36,47165,35,42999,,1,208,52095,224,46358,,1,73,23666,55,20706,,1,109,91839,122,81622,1,1,782,253459,984,225329,,5,393,60252,257,52684,,,102,30168,64,26022,1,2,52,26056,62,22904,,1,164,104445,339,92504,,4,26,30811,23,28342,,2,728,127307,528,113482,,8,423,46816,266,40650,,18
2021-07-20,355,47520,344,43343,,1,82,52177,454,46812,,1,45,23711,117,20823,,1,298,92137,211,81833,,1,1035,254494,918,226247,1,6,86,60338,61,52745,,,164,30332,132,26154,,2,111,26167,148,23052,,1,303,104748,304,92808,,4,167,30978,95,28437,,2,602,127909,365,113847,,8,176,46992,181,40831,,18
2021-07-21,89,47609,106,43449,,1,249,52426,239,47051,,1,256,23967,227,21050,1,2,596,92733,895,82728,,1,1330,255824,1402,227649,2,8,462,60800,286,53031,,,416,30748,242,26396,,2,135,26302,101,23153,,1,774,105522,610,93418,,4,437,31415,316,28753,,2,1020,128929,738,114585,2,10,298,47290,242,41073,,18
2021-07-22,730,48339,447,43896,,1,441,52867,412,47463,1,2,115,24082,100,21150,,2,934,93667,1035,83763,,1,1139,256963,1642,229291,,8,356,61156,576,53607,,,169,30917,120,26516,,2,111,26413,133,23286,,1,1004,106526,709,94127,2,6,146,31561,179,28932,1,3,957,129886,708,115293,,10,268,47558,207,41280,,18
2021-07-23,247,48586,218,44114,,1,403,53270,259,47722,,2,176,24258,118,21268,,2,180,93847,208,83971,,1,1081,258044,1124,230415,,8,403,61559,350,53957,,,120,31037,101,26617,,2,163,26576,196,23482,,1,1108,107634,948,95075,,6,229,31790,160,29092,,3,1033,130919,1085,116378,,10,636,48194,458,41738,,18
2021-07-24,7,48593,7,44121,,1,89,53359,42,47764,,2,15,24273,7,21275,,2,38,93885,22,83993,,1,522,258566,391,230806,,8,9,61568,8,53965,,,5,31042,4,26621,,2,8,26584,7,23489,,1,59,107693,41,95116,,6,7,31797,5,29097,,3,279,131198,155,116533,,10,61,48255,60,41798,,18
2021-07-25,5,48598,12,44133,,1,,53359,1,47765,,2,,24273,,21275,,2,,93885,1,83994,,1,3,258569,,230806,,8,,61568,,53965,,,,31042,,26621,,2,,26584,,23489,,1,,107693,1,95117,,6,,31797,,29097,,3,,131198,1,116534,,10,,48255,,41798,,18
2021-07-26,35,48633,24,44157,,1,189,53548,114,47879,,2,51,24324,55,21330,,2,74,93959,168,84162,,1,797,259366,646,231452,1,9,433,62001,268,54233,,,125,31167,62,26683,,2,46,26630,51,23540,,1,404,108097,417,95534,1,7,31,31828,28,29125,,3,682,131880,470,117004,,10,431,48686,303,42101,,18
2021-07-27,517,49150,243,44400,,1,548,54096,221,48100,,2,24,24348,13,21343,,2,755,94714,409,84571,,1,1221,260587,920,232372,,9,170,62171,125,54358,,,147,31314,108,26791,,2,168,26798,115,23655,,1,218,108315,104,95638,,7,345,32173,162,29287,,3,471,132351,255,117259,,10,223,48909,181,42282,,18
2021-07-28,61,49211,60,44460,,1,175,54271,252,48352,,2,126,24474,74,21417,,2,353,95067,711,85282,,1,1659,262246,1665,234037,12,21,225,62396,367,54725,,,292,31606,193,26984,,2,150,26948,110,23765,,1,516,108831,446,96084,,7,300,32473,153,29440,,3,860,133211,771,118030,,10,464,49373,306,42588,,18
2021-07-29,492,49703,558,45018,,1,272,54543,260,48612,1,3,87,24561,80,21497,,2,1047,96114,818,86100,,1,822,263068,1293,235330,,21,499,62895,311,55036,,,231,31837,282,27266,,2,76,27024,175,23940,,1,731,109562,1019,97103,,7,185,32658,254,29694,,3,843,134054,788,118818,1,11,345,49718,374,42962,,18
2021-07-30,255,49958,224,45242,,1,261,54804,443,49055,1,4,113,24674,89,21586,,2,87,96201,191,86291,,1,849,263917,994,236324,3,24,266,63161,363,55399,,,139,31976,250,27516,,2,210,27234,176,24116,,1,668,110230,806,97909,,7,104,32762,110,29804,,3,757,134811,1246,120064,1,12,354,50072,366,43328,1,19
2021-07-31,10,49968,12,45254,,1,126,54930,102,49157,,4,11,24685,9,21595,,2,54,96255,39,86330,,1,479,264396,352,236676,,24,196,63357,195,55594,1,1,7,31983,7,27523,,2,76,27310,40,24156,,1,102,110332,70,97979,,7,44,32806,41,29845,,3,277,135088,170,120234,,12,41,50113,166,43494,,19
2021-08-01,,49968,,45254,,1,,54930,1,49158,,4,,24685,,21595,,2,,96255,,86330,,1,,264396,,236676,,24,,63357,,55594,,1,,31983,,27523,,2,,27310,,24156,,1,1,110333,1,97980,,7,7,32813,7,29852,,3,,135088,,120234,,12,,50113,,43494,,19
2021-08-02,36,50004,34,45288,,1,179,55109,292,49450,,4,47,24732,34,21629,,2,117,96372,286,86616,,1,635,265031,645,237321,,24,203,63560,174,55768,,1,71,32054,51,27574,,2,30,27340,55,24211,,1,491,110824,565,98545,,7,34,32847,5,29857,,3,481,135569,505,120739,2,14,286,50399,314,43808,,19
2021-08-03,404,50408,217,45505,,1,175,55284,176,49626,,4,33,24765,18,21647,,2,194,96566,79,86695,,1,1563,266594,1047,238368,,24,75,63635,97,55865,,1,128,32182,67,27641,,2,111,27451,131,24342,1,2,184,111008,177,98722,,7,119,32966,46,29903,,3,452,136021,413,121152,,14,247,50646,220,44028,,19
2021-08-04,91,50499,191,45696,,1,86,55370,284,49910,,4,211,24976,169,21816,,2,571,97137,869,87564,1,2,1316,267910,1219,239587,1,25,188,63823,168,56033,,1,233,32415,284,27925,1,3,20,27471,162,24504,,2,257,111265,341,99063,,7,229,33195,128,30031,,3,676,136697,936,122088,,14,223,50869,203,44231,,19
2021-08-05,396,50895,661,46357,1,2,466,55836,222,50132,,4,75,25051,85,21901,,2,986,98123,1086,88650,1,3,734,268644,1523,241110,1,26,348,64171,358,56391,,1,204,32619,271,28196,,3,124,27595,124,24628,,2,465,111730,535,99598,,7,68,33263,322,30353,,3,669,137366,631,122719,1,15,250,51119,439,44670,1,20
2021-08-06,159,51054,176,46533,,2,299,56135,264,50396,,4,118,25169,194,22095,,2,144,98267,98,88748,,3,509,269153,1007,242117,,26,178,64349,462,56853,,1,61,32680,61,28257,1,4,142,27737,184,24812,1,3,569,112299,869,100467,,7,101,33364,134,30487,,3,554,137920,1165,123884,1,16,337,51456,732,45402,,20
2021-08-07,5,51059,5,46538,,2,30,56165,63,50459,1,5,4,25173,2,22097,,2,11,98278,19,88767,,3,254,269407,203,242320,1,27,12,64361,11,56864,,1,24,32704,17,28274,,4,36,27773,19,24831,,3,22,112321,23,100490,,7,4,33368,5,30492,,3,180,138100,79,123963,,16,60,51516,29,45431,,20
2021-08-08,4,51063,2,46540,,2,3,56168,2,50461,,5,2,25175,,22097,,2,10,98288,8,88775,,3,323,269730,114,242434,,27,2,64363,,56864,,1,1,32705,2,28276,,4,1,27774,,24831,,3,1,112322,2,100492,,7,,33368,,30492,,3,34,138134,23,123986,,16,1,51517,3,45434,,20
2021-08-09,27,51090,18,46558,,2,13,56181,47,50508,,5,24,25199,44,22141,,2,142,98430,146,88921,,3,531,270261,629,243063,,27,258,64621,263,57127,1,2,124,32829,63,28339,,4,36,27810,44,24875,,3,367,112689,226,100718,,7,57,33425,8,30500,,3,388,138522,447,124433,,16,215,51732,350,45784,,20
2021-08-10,367,51457,190,46748,,2,23,56204,143,50651,,5,51,25250,41,22182,,2,189,98619,125,89046,,3,1038,271299,1120,244183,,27,61,64682,79,57206,,2,95,32924,64,28403,,4,74,27884,72,24947,,3,147,112836,253,100971,,7,125,33550,146,30646,,3,342,138864,378,124811,,16,148,51880,225,46009,,20
2021-08-11,101,51558,97,46845,,2,56,56260,114,50765,,5,176,25426,375,22557,,2,415,99034,545,89591,,3,998,272297,1060,245243,2,29,140,64822,217,57423,,2,142,33066,107,28510,,4,38,27922,40,24987,,3,560,113396,645,101616,1,8,151,33701,95,30741,1,4,418,139282,672,125483,2,18,179,52059,234,46243,,20
2021-08-12,291,51849,659,47504,,2,157,56417,394,51159,,5,64,25490,112,22669,,2,738,99772,938,90529,1,4,760,273057,1251,246494,,29,247,65069,400,57823,,2,168,33234,278,28788,,4,154,28076,142,25129,,3,516,113912,838,102454,3,11,65,33766,261,31002,,4,455,139737,627,126110,,18,253,52312,325,46568,,20
2021-08-13,187,52036,232,47736,,2,214,56631,440,51599,,5,144,25634,145,22814,,2,178,99950,176,90705,,4,689,273746,912,247406,1,30,217,65286,419,58242,,2,115,33349,147,28935,,4,150,28226,184,25313,,3,453,114365,733,103187,,11,98,33864,259,31261,,4,565,140302,1214,127324,2,20,209,52521,477,47045,,20
2021-08-14,3,52039,3,47739,,2,39,56670,75,51674,,5,,25634,3,22817,,2,6,99956,15,90720,,4,123,273869,133,247539,,30,4,65290,5,58247,,2,13,33362,7,28942,,4,3,28229,4,25317,,3,21,114386,22,103209,,11,4,33868,4,31265,,4,213,140515,158,127482,,20,37,52558,19,47064,,20
2021-08-15,,52039,,47739,,2,1,56671,1,51675,,5,1,25635,1,22818,,2,18,99974,13,90733,,4,11,273880,4,247543,,30,8,65298,5,58252,,2,,33362,,28942,,4,,28229,,25317,,3,10,114396,6,103215,,11,,33868,,31265,,4,17,140532,8,127490,,20,,52558,,47064,,20
2021-08-16,22,52061,37,47776,1,3,130,56801,275,51950,,5,33,25668,61,22879,,2,76,100050,74,90807,,4,812,274692,928,248471,5,35,271,65569,205,58457,,2,57,33419,61,29003,1,5,24,28253,40,25357,1,4,637,115033,602,103817,1,12,17,33885,25,31290,,4,507,141039,519,128009,3,23,219,52777,347,47411,,20
2021-08-17,378,52439,213,47989,,3,137,56938,561,52511,,5,61,25729,33,22912,,2,336,100386,386,91193,,4,1138,275830,1169,249640,,35,87,65656,105,58562,,2,148,33567,74,29077,1,6,116,28369,91,25448,,4,179,115212,167,103984,1,13,144,34029,202,31492,,4,543,141582,455,128464,,23,225,53002,281,47692,,20
2021-08-18,148,52587,80,48069,,3,208,57146,161,52672,,5,180,25909,159,23071,1,3,246,100632,487,91680,,4,1316,277146,1207,250847,3,38,208,65864,318,58880,,2,171,33738,251,29328,,6,50,28419,113,25561,,4,523,115735,403,104387,,13,219,34248,209,31701,1,5,480,142062,708,129172,,23,252,53254,329,48021,1,21
2021-08-19,298,52885,514,48583,,3,222,57368,134,52806,,5,57,25966,90,23161,,3,1150,101782,1097,92777,1,5,727,277873,1078,251925,,38,174,66038,444,59324,,2,147,33885,171,29499,1,7,125,28544,227,25788,2,6,501,116236,883,105270,2,15,81,34329,152,31853,,5,552,142614,584,129756,1,24,232,53486,334,48355,,21
2021-08-20,259,53144,259,48842,,3,483,57851,404,53210,,5,128,26094,135,23296,,3,106,101888,91,92868,1,6,682,278555,875,252800,2,40,250,66288,247,59571,1,3,151,34036,169,29668,1,8,155,28699,200,25988,,6,502,116738,751,106021,,15,130,34459,185,32038,,5,630,143244,1034,130790,1,25,211,53697,284,48639,1,22
2021-08-21,4,53148,2,48844,,3,34,57885,40,53250,,5,3,26097,1,23297,,3,6,101894,21,92889,,6,95,278650,126,252926,,40,107,66395,123,59694,,3,18,34054,14,29682,,8,11,28710,28,26016,,6,77,116815,68,106089,,15,2,34461,1,32039,,5,164,143408,117,130907,,25,31,53728,18,48657,,22
2021-08-22,,53148,,48844,,3,,57885,,53250,,5,,26097,,23297,,3,,101894,,92889,,6,,278650,,252926,,40,,66395,,59694,,3,,34054,,29682,,8,,28710,,26016,,6,1,116816,1,106090,,15,,34461,,32039,,5,1,143409,1,130908,,25,,53728,,48657,,22
2021-08-23,13,53161,24,48868,1,4,168,58053,247,53497,,5,26,26123,43,23340,1,4,71,101965,104,92993,,6,690,279340,689,253615,1,41,251,66646,193,59887,4,7,61,34115,45,29727,,8,43,28753,49,26065,,6,504,117320,543,106633,,15,14,34475,34,32073,1,6,447,143856,409,131317,1,26,190,53918,286,48943,,22
2021-08-24,286,53447,194,49062,,4,218,58271,175,53672,1,6,51,26174,41,23381,2,6,96,102061,243,93236,,6,1309,280649,1353,254968,3,44,104,66750,111,59998,,7,128,34243,111,29838,1,9,93,28846,80,26145,,6,469,117789,404,107037,,15,78,34553,168,32241,,6,594,144450,539,131856,,26,184,54102,193,49136,1,23
2021-08-25,219,53666,127,49189,1,5,184,58455,48,53720,,6,147,26321,193,23574,,6,467,102528,686,93922,1,7,1188,281837,1231,256199,4,48,112,66862,166,60164,1,8,139,34382,133,29971,1,10,67,28913,62,26207,,6,439,118228,380,107417,3,18,156,34709,103,32344,,6,545,144995,663,132519,4,30,170,54272,160,49296,1,24
2021-08-26,316,53982,540,49729,1,6,346,58801,577,54297,,6,41,26362,72,23646,,6,1046,103574,954,94876,3,10,1002,282839,1105,257304,3,51,280,67142,275,60439,,8,127,34509,273,30244,2,12,122,29035,85,26292,,6,658,118886,505,107922,,18,199,34908,176,32520,1,7,467,145462,481,133000,2,32,190,54462,223,49519,,24
2021-08-27,238,54220,208,49937,1,7,202,59003,310,54607,2,8,126,26488,112,23758,,6,99,103673,103,94979,,10,855,283694,926,258230,10,61,225,67367,342,60781,,8,117,34626,162,30406,,12,169,29204,300,26592,2,8,521,119407,604,108526,1,19,163,35071,145,32665,1,8,655,146117,808,133808,2,34,179,54641,224,49743,1,25
2021-08-28,3,54223,5,49942,,7,34,59037,38,54645,,8,5,26493,5,23763,,6,20,103693,19,94998,,10,227,283921,169,258399,1,62,68,67435,38,60819,,8,29,34655,21,30427,,12,14,29218,21,26613,,8,46,119453,33,108559,,19,11,35082,7,32672,,8,249,146366,181,133989,,34,27,54668,35,49778,,25
2021-08-29,,54223,,49942,,7,1,59038,,54645,,8,,26493,,23763,,6,33,103726,16,95014,,10,1,283922,1,258400,,62,,67435,,60819,,8,,34655,,30427,,12,,29218,,26613,,8,,119453,,108559,,19,2,35084,2,32674,,8,10,146376,5,133994,,34,,54668,,49778,,25
2021-08-30,59,54282,45,49987,1,8,154,59192,97,54742,,8,38,26531,67,23830,1,7,60,103786,154,95168,,10,890,284812,837,259237,9,71,228,67663,161,60980,1,9,84,34739,85,30512,,12,72,29290,50,26663,,8,242,119695,190,108749,1,20,91,35175,78,32752,,8,466,146842,376,134370,1,35,165,54833,221,49999,,25
2021-08-31,331,54613,219,50206,,8,180,59372,67,54809,1,9,52,26583,51,23881,,7,77,103863,76,95244,,10,1107,285919,1036,260273,4,75,102,67765,107,61087,,9,59,34798,42,30554,,12,78,29368,64,26727,,8,347,120042,301,109050,1,21,67,35242,113,32865,,8,471,147313,368,134738,2,37,138,54971,179,50178,1,26
2021-09-01,65,54678,55,50261,3,11,77,59449,47,54856,1,10,136,26719,159,24040,1,8,557,104420,555,95799,2,12,827,286746,965,261238,9,84,90,67855,82,61169,2,11,121,34919,122,30676,,12,15,29383,25,26752,,8,329,120371,337,109387,2,23,144,35386,74,32939,1,9,376,147689,377,135115,3,40,143,55114,163,50341,2,28
2021-09-02,259,54937,439,50700,3,14,285,59734,212,55068,,10,89,26808,88,24128,,8,806,105226,934,96733,6,18,827,287573,948,262186,6,90,314,68169,371,61540,1,12,143,35062,176,30852,3,15,81,29464,164,26916,,8,360,120731,696,110083,3,26,93,35479,163,33102,,9,440,148129,408,135523,4,44,154,55268,229,50570,,28
2021-09-03,128,55065,229,50929,2,16,266,60000,204,55272,2,12,67,26875,108,24236,2,10,156,105382,86,96819,3,21,792,288365,848,263034,16,106,189,68358,172,61712,1,13,109,35171,179,31031,,15,174,29638,146,27062,,8,727,121458,577,110660,1,27,131,35610,123,33225,1,10,530,148659,712,136235,2,46,195,55463,253,50823,1,29
2021-09-04,5,55070,5,50934,,16,17,60017,28,55300,,12,2,26877,2,24238,,10,23,105405,23,96842,2,23,212,288577,124,263158,,106,4,68362,6,61718,,13,23,35194,10,31041,,15,6,29644,16,27078,1,9,12,121470,9,110669,,27,1,35611,1,33226,,10,130,148789,78,136313,2,48,2,55465,4,50827,,29
2021-09-05,,55070,,50934,,16,,60017,,55300,,12,,26877,,24238,,10,,105405,,96842,,23,,288577,,263158,,106,,68362,,61718,,13,,35194,,31041,,15,,29644,,27078,,9,,121470,,110669,,27,,35611,,33226,,10,,148789,,136313,,48,,55465,,50827,,29
2021-09-06,15,55085,16,50950,,16,101,60118,160,55460,1,13,40,26917,105,24343,2,12,68,105473,105,96947,7,30,796,289373,709,263867,24,130,249,68611,203,61921,1,14,96,35290,46,31087,1,16,38,29682,29,27107,1,10,445,121915,409,111078,,27,48,35659,20,33246,1,11,520,149309,398,136711,,48,195,55660,208,51035,3,32
2021-09-07,351,55436,249,51199,2,18,315,60433,198,55658,5,18,59,26976,45,24388,1,13,492,105965,320,97267,11,41,1462,290835,1216,265083,50,180,151,68762,113,62034,4,18,174,35464,156,31243,30,46,156,29838,105,27212,4,14,360,122275,221,111299,20,47,76,35735,129,33375,,11,717,150026,465,137176,83,131,223,55883,228,51263,14,46
2021-09-08,236,55672,110,51309,8,26,74,60507,210,55868,5,23,210,27186,193,24581,15,28,522,106487,423,97690,129,170,1384,292219,1242,266325,83,263,256,69018,211,62245,4,22,187,35651,118,31361,11,57,81,29919,36,27248,1,15,623,122898,563,111862,31,78,298,36033,142,33517,10,21,735,150761,620,137796,171,302,282,56165,310,51573,11,57
2021-09-09,426,56098,506,51815,60,86,265,60772,162,56030,11,34,171,27357,102,24683,13,41,1095,107582,1101,98791,249,419,1368,293587,1089,267414,237,500,515,69533,351,62596,108,130,163,35814,151,31512,10,67,134,30053,189,27437,25,40,881,123779,713,112575,195,273,201,36234,169,33686,8,29,818,151579,624,138420,114,416,326,56491,262,51835,7,64
2021-09-10,218,56316,217,52032,40,126,365,61137,276,56306,20,54,153,27510,138,24821,17,58,176,107758,259,99050,102,521,1270,294857,972,268386,196,696,180,69713,254,62850,18,148,148,35962,181,31693,11,78,274,30327,180,27617,27,67,725,124504,609,113184,58,331,263,36497,175,33861,6,35,933,152512,940,139360,132,548,470,56961,373,52208,22,86
2021-09-11,11,56327,9,52041,,126,30,61167,31,56337,,54,9,27519,8,24829,,58,27,107785,17,99067,,521,322,295179,187,268573,10,706,255,69968,162,63012,38,186,45,36007,28,31721,3,81,8,30335,9,27626,97,164,102,124606,75,113259,82,413,3,36500,2,33863,,35,357,152869,206,139566,3,551,3,56964,1,52209,,86
2021-09-12,,56327,,52041,,126,,61167,,56337,,54,,27519,,24829,,58,,107785,,99067,,521,,295179,,268573,,706,,69968,,63012,,186,,36007,,31721,,81,,30335,,27626,,164,1,124607,1,113260,,413,,36500,,33863,,35,,152869,,139566,,551,,56964,,52209,,86
2021-09-13,116,56443,63,52104,2,128,162,61329,171,56508,6,60,123,27642,66,24895,1,59,260,108045,152,99219,7,528,1918,297097,880,269453,213,919,354,70322,217,63229,17,203,372,36379,191,31912,14,95,91,30426,48,27674,11,175,1072,125679,540,113800,62,475,134,36634,50,33913,2,37,1418,154287,684,140250,67,618,797,57761,521,52730,27,113
2021-09-14,798,57241,358,52462,83,211,641,61970,341,56849,22,82,168,27810,63,24958,3,62,1139,109184,584,99803,48,576,3340,300437,1464,270917,416,1335,1125,71447,474,63703,62,265,479,36858,207,32119,21,116,417,30843,164,27838,23,198,1009,126688,395,114195,110,585,207,36841,131,34044,8,45,2324,156611,944,141194,105,723,795,58556,446,53176,67,180
2021-09-15,607,57848,254,52716,16,227,438,62408,164,57013,84,166,500,28310,180,25138,24,86,1066,110250,710,100513,335,911,2674,303111,1391,272308,306,1641,676,72123,321,64024,29,294,565,37423,244,32363,36,152,386,31229,137,27975,17,215,1791,128479,1046,115241,83,668,756,37597,342,34386,37,82,1998,158609,1123,142317,185,908,823,59379,367,53543,23,203
2021-09-16,684,58532,511,53227,134,361,968,63376,400,57413,50,216,365,28675,152,25290,38,124,2402,112652,1581,102094,507,1418,2863,305974,1837,274145,510,2151,1050,73173,572,64596,93,387,413,37836,259,32622,103,255,361,31590,251,28226,71,286,2335,130814,1393,116634,159,827,467,38064,375,34761,173,255,2175,160784,1462,143779,171,1079,732,60111,386,53929,36,239
2021-09-17,654,59186,434,53661,126,487,551,63927,259,57672,38,254,469,29144,323,25613,39,163,496,113148,220,102314,240,1658,2512,308486,1478,275623,661,2812,625,73798,463,65059,93,480,461,38297,323,32945,61,316,554,32144,348,28574,75,361,1737,132551,1024,117658,341,1168,609,38673,209,34970,81,336,2063,162847,1606,145385,170,1249,799,60910,419,54348,43,282
2021-09-18,413,59599,126,53787,60,547,359,64286,59,57731,35,289,106,29250,11,25624,3,166,892,114040,428,102742,49,1707,1653,310139,584,276207,113,2925,639,74437,331,65390,32,512,194,38491,99,33044,12,328,193,32337,88,28662,15,376,604,133155,110,117768,19,1187,303,38976,120,35090,16,352,728,163575,306,145691,237,1486,239,61149,40,54388,16,298
2021-09-19,100,59699,9,53796,16,563,273,64559,11,57742,38,327,22,29272,4,25628,1,167,211,114251,31,102773,12,1719,700,310839,286,276493,84,3009,314,74751,139,65529,27,539,53,38544,34,33078,2,330,78,32415,38,28700,4,380,241,133396,31,117799,50,1237,80,39056,7,35097,8,360,441,164016,131,145822,63,1549,175,61324,30,54418,9,307
2021-09-20,135,59834,56,53852,29,592,262,64821,127,57869,22,349,85,29357,66,25694,10,177,376,114627,155,102928,64,1783,1371,312210,881,277374,326,3335,235,74986,152,65681,25,564,251,38795,120,33198,40,370,61,32476,49,28749,18,398,944,134340,362,118161,167,1404,88,39144,57,35154,34,394,754,164770,386,146208,67,1616,374,61698,189,54607,54,361
2021-09-21,361,60195,138,53990,85,677,487,65308,432,58301,39,388,92,29449,80,25774,21,198,350,114977,180,103108,308,2091,1223,313433,665,278039,357,3692,394,75380,188,65869,63,627,140,38935,82,33280,39,409,160,32636,48,28797,17,415,592,134932,165,118326,283,1687,50,39194,26,35180,16,410,791,165561,466,146674,107,1723,191,61889,102,54709,33,394
2021-09-22,163,60358,75,54065,29,706,180,65488,154,58455,119,507,170,29619,151,25925,49,247,555,115532,342,103450,204,2295,1108,314541,993,279032,550,4242,236,75616,157,66026,21,648,184,39119,176,33456,48,457,58,32694,34,28831,25,440,565,135497,290,118616,186,1873,178,39372,60,35240,32,442,663,166224,367,147041,93,1816,223,62112,152,54861,66,460
2021-09-23,548,60906,494,54559,125,831,357,65845,274,58729,73,580,128,29747,83,26008,25,272,917,116449,949,104399,475,2770,1076,315617,944,279976,601,4843,551,76167,531,66557,47,695,161,39280,175,33631,41,498,107,32801,188,29019,52,492,840,136337,757,119373,258,2131,138,39510,165,35405,35,477,970,167194,740,147781,79,1895,333,62445,303,55164,66,526
2021-09-24,348,61254,207,54766,107,938,488,66333,401,59130,124,704,150,29897,128,26136,28,300,590,117039,529,104928,63,2833,1357,316974,1324,281300,427,5270,274,76441,252,66809,59,754,137,39417,182,33813,48,546,186,32987,168,29187,49,541,810,137147,766,120139,241,2372,282,39792,182,35587,41,518,848,168042,1059,148840,186,2081,306,62751,274,55438,44,570
2021-09-25,70,61324,32,54798,10,948,27,66360,10,59140,,704,20,29917,11,26147,,300,25,117064,27,104955,3,2836,501,317475,446,281746,149,5419,18,76459,20,66829,1,755,39,39456,23,33836,1,547,13,33000,15,29202,,541,112,137259,92,120231,18,2390,201,39993,170,35757,7,525,179,168221,129,148969,95,2176,5,62756,3,55441,3,573
2021-09-26,5,61329,6,54804,,948,3,66363,3,59143,,704,6,29923,6,26153,,300,13,117077,12,104967,,2836,302,317777,288,282034,13,5432,9,76468,10,66839,,755,,39456,,33836,,547,3,33003,3,29205,,541,31,137290,27,120258,,2390,1,39994,2,35759,,525,122,168343,81,149050,25,2201,4,62760,4,55445,,573
2021-09-27,52,61381,22,54826,9,957,168,66531,159,59302,39,743,57,29980,48,26201,4,304,55,117132,55,105022,36,2872,749,318526,763,282797,222,5654,116,76584,128,66967,20,775,151,39607,149,33985,25,572,19,33022,43,29248,5,546,479,137769,579,120837,90,2480,50,40044,50,35809,5,530,587,168930,579,149629,73,2274,261,63021,241,55686,16,589
2021-09-28,377,61758,280,55106,50,1007,192,66723,216,59518,91,834,110,30090,80,26281,17,321,265,117397,352,105374,40,2912,951,319477,996,283793,383,6037,361,76945,376,67343,73,848,102,39709,109,34094,34,606,139,33161,136,29384,22,568,528,138297,517,121354,97,2577,47,40091,45,35854,2,532,596,169526,644,150273,164,2438,143,63164,194,55880,31,620
2021-09-29,111,61869,57,55163,46,1053,95,66818,182,59700,165,999,99,30189,187,26468,24,345,177,117574,188,105562,722,3634,688,320165,1176,284969,347,6384,108,77053,151,67494,103,951,86,39795,136,34230,29,635,40,33201,42,29426,36,604,305,138602,397,121751,168,2745,104,40195,148,36002,33,565,407,169933,481,150754,105,2543,116,63280,191,56071,22,642
2021-09-30,175,62044,499,55662,92,1145,99,66917,175,59875,52,1051,54,30243,119,26587,29,374,591,118165,698,106260,187,3821,452,320617,963,285932,320,6704,216,77269,340,67834,49,1000,58,39853,167,34397,22,657,42,33243,168,29594,41,645,341,138943,839,122590,171,2916,75,40270,206,36208,63,628,305,170238,447,151201,93,2636,104,63384,228,56299,48,690
2021-10-01,110,62154,168,55830,66,1211,196,67113,351,60226,168,1219,36,30279,78,26665,14,388,129,118294,494,106754,66,3887,407,321024,853,286785,309,7013,53,77322,88,67922,27,1027,41,39894,122,34519,29,686,40,33283,174,29768,39,684,203,139146,440,123030,101,3017,109,40379,217,36425,60,688,246,170484,815,152016,78,2714,80,63464,286,56585,70,760
2021-10-02,5,62159,3,55833,2,1213,7,67120,16,60242,1,1220,19,30298,7,26672,2,390,13,118307,25,106779,2,3889,154,321178,272,287057,36,7049,48,77370,81,68003,5,1032,10,39904,23,34542,2,688,2,33285,3,29771,,684,50,139196,22,123052,10,3027,10,40389,6,36431,,688,44,170528,54,152070,122,2836,2,63466,3,56588,1,761
2021-10-03,,62159,,55833,,1213,,67120,,60242,,1220,,30298,,26672,,390,,118307,,106779,,3889,,321178,,287057,,7049,,77370,,68003,,1032,,39904,,34542,,688,,33285,,29771,,684,,139196,1,123053,,3027,,40389,,36431,,688,25,170553,19,152089,,2836,,63466,,56588,,761
2021-10-04,35,62194,57,55890,4,1217,71,67191,143,60385,10,1230,25,30323,55,26727,11,401,36,118343,96,106875,35,3924,294,321472,1130,288187,114,7163,48,77418,212,68215,19,1051,33,39937,117,34659,16,704,22,33307,148,29919,13,697,190,139386,577,123630,83,3110,20,40409,75,36506,3,691,167,170720,665,152754,29,2865,50,63516,359,56947,19,780
2021-10-05,110,62304,258,56148,24,1241,53,67244,384,60769,20,1250,44,30367,158,26885,22,423,51,118394,180,107055,11,3935,393,321865,1696,289883,120,7283,119,77537,413,68628,37,1088,24,39961,141,34800,10,714,45,33352,162,30081,16,713,128,139514,754,124384,63,3173,24,40433,79,36585,5,696,195,170915,1267,154021,97,2962,45,63561,381,57328,13,793
2021-10-06,28,62332,65,56213,20,1261,54,67298,346,61115,19,1269,59,30426,452,27337,36,459,146,118540,313,107368,78,4013,389,322254,1574,291457,267,7550,48,77585,545,69173,9,1097,41,40002,312,35112,26,740,16,33368,145,30226,13,726,143,139657,842,125226,92,3265,55,40488,217,36802,55,751,188,171103,1074,155095,81,3043,64,63625,491,57819,23,816
2021-10-07,95,62427,959,57172,92,1353,87,67385,726,61841,80,1349,22,30448,165,27502,34,493,328,118868,2027,109395,181,4194,309,322563,1861,293318,359,7909,174,77759,482,69655,75,1172,51,40053,297,35409,84,824,29,33397,275,30501,50,776,197,139854,1649,126875,155,3420,34,40522,411,37213,25,776,125,171228,744,155839,80,3123,81,63706,457,58276,29,845
2021-10-08,40,62467,299,57471,62,1415,94,67479,478,62319,71,1420,44,30492,263,27765,34,527,38,118906,467,109862,59,4253,232,322795,1755,295073,184,8093,46,77805,565,70220,21,1193,32,40085,279,35688,23,847,43,33440,344,30845,13,789,111,139965,1136,128011,58,3478,71,40593,589,37802,25,801,195,171423,1489,157328,171,3294,70,63776,517,58793,84,929
2021-10-09,2,62469,10,57481,,1415,9,67488,55,62374,1,1421,3,30495,4,27769,,527,9,118915,52,109914,,4253,124,322919,792,295865,47,8140,29,77834,96,70316,10,1203,11,40096,38,35726,3,850,9,33449,39,30884,22,811,7,139972,34,128045,1,3479,12,40605,113,37915,1,802,29,171452,195,157523,8,3302,1,63777,4,58797,,929
2021-10-10,,62469,2,57483,,1415,17,67505,107,62481,3,1424,,30495,2,27771,,527,,118915,,109914,,4253,2,322921,13,295878,,8140,,77834,,70316,,1203,5,40101,,35726,,850,,33449,,30884,,811,1,139973,2,128047,1,3480,,40605,,37915,,802,13,171465,81,157604,4,3306,,63777,,58797,,929
2021-10-11,9,62478,105,57588,11,1426,27,67532,406,62887,11,1435,21,30516,58,27829,6,533,28,118943,93,110007,15,4268,178,323099,1248,297126,84,8224,34,77868,201,70517,11,1214,29,40130,303,36029,18,868,6,33455,39,30923,6,817,137,140110,870,128917,65,3545,32,40637,190,38105,28,830,148,171613,594,158198,67,3373,39,63816,408,59205,42,971
2021-10-12,88,62566,350,57938,43,1469,65,67597,209,63096,66,1501,23,30539,133,27962,45,578,65,119008,222,110229,53,4321,350,323449,1176,298302,177,8401,84,77952,378,70895,56,1270,35,40165,137,36166,35,903,26,33481,114,31037,22,839,87,140197,576,129493,70,3615,26,40663,57,38162,24,854,158,171771,755,158953,86,3459,44,63860,312,59517,32,1003
2021-10-13,18,62584,73,58011,79,1548,32,67629,148,63244,83,1584,56,30595,209,28171,40,618,133,119141,494,110723,100,4421,195,323644,1255,299557,266,8667,51,78003,180,71075,25,1295,35,40200,169,36335,57,960,13,33494,43,31080,15,854,110,140307,553,130046,85,3700,33,40696,112,38274,39,893,121,171892,455,159408,101,3560,38,63898,232,59749,49,1052
2021-10-14,69,62653,751,58762,120,1668,71,67700,303,63547,81,1665,24,30619,63,28234,26,644,200,119341,1414,112137,399,4820,213,323857,990,300547,318,8985,101,78104,485,71560,100,1395,29,40229,114,36449,50,1010,20,33514,164,31244,28,882,144,140451,736,130782,197,3897,18,40714,169,38443,39,932,87,171979,336,159744,79,3639,39,63937,201,59950,25,1077
2021-10-15,36,62689,96,58858,64,1732,98,67798,395,63942,47,1712,24,30643,80,28314,22,666,36,119377,108,112245,29,4849,207,324064,802,301349,395,9380,45,78149,147,71707,28,1423,23,40252,134,36583,35,1045,34,33548,179,31423,94,976,135,140586,597,131379,148,4045,48,40762,249,38692,57,989,151,172130,856,160600,198,3837,42,63979,213,60163,62,1139
2021-10-16,2,62691,6,58864,,1732,7,67805,19,63961,4,1716,2,30645,2,28316,,666,6,119383,13,112258,,4849,82,324146,158,301507,15,9395,3,78152,2,71709,,1423,2,40254,1,36584,,1045,3,33551,2,31425,2,978,11,140597,9,131388,2,4047,7,40769,24,38716,3,992,19,172149,45,160645,3,3840,,63979,,60163,,1139
2021-10-17,,62691,,58864,,1732,,67805,,63961,,1716,,30645,,28316,,666,,119383,,112258,,4849,,324146,4,301511,,9395,,78152,,71709,,1423,,40254,,36584,,1045,,33551,,31425,,978,,140597,,131388,,4047,,40769,,38716,,992,10,172159,26,160671,,3840,,63979,,60163,,1139
2021-10-18,12,62703,92,58956,7,1739,44,67849,101,64062,21,1737,17,30662,37,28353,27,693,41,119424,105,112363,58,4907,185,324331,563,302074,196,9591,22,78174,55,71764,18,1441,31,40285,85,36669,15,1060,9,33560,21,31446,11,989,104,140701,309,131697,123,4170,8,40777,25,38741,7,999,140,172299,338,161009,85,3925,42,64021,167,60330,23,1162
2021-10-19,79,62782,117,59073,33,1772,20,67869,67,64129,25,1762,15,30677,67,28420,35,728,25,119449,119,112482,41,4948,240,324571,806,302880,281,9872,86,78260,206,71970,65,1506,20,40305,29,36698,27,1087,17,33577,54,31500,58,1047,21,140722,108,131805,53,4223,14,40791,12,38753,32,1031,125,172424,400,161409,136,4061,36,64057,134,60464,45,1207
2021-10-20,20,62802,92,59165,53,1825,16,67885,27,64156,27,1789,47,30724,122,28542,65,793,157,119606,227,112709,201,5149,217,324788,638,303518,326,10198,29,78289,91,72061,33,1539,30,40335,57,36755,98,1185,11,33588,43,31543,22,1069,104,140826,358,132163,162,4385,31,40822,107,38860,67,1098,114,172538,308,161717,95,4156,24,64081,79,60543,26,1233
2021-10-21,79,62881,333,59498,190,2015,76,67961,204,64360,120,1909,20,30744,38,28580,25,818,197,119803,759,113468,680,5829,222,325010,661,304179,460,10658,84,78373,216,72277,104,1643,26,40361,80,36835,49,1234,23,33611,72,31615,44,1113,158,140984,483,132646,275,4660,27,40849,72,38932,61,1159,156,172694,292,162009,166,4322,64,64145,140,60683,46,1279
2021-10-22,51,62932,101,59599,114,2129,114,68075,223,64583,155,2064,19,30763,52,28632,30,848,33,119836,99,113567,776,6605,192,325202,601,304780,498,11156,34,78407,80,72357,31,1674,33,40394,83,36918,44,1278,35,33646,60,31675,73,1186,124,141108,289,132935,170,4830,39,40888,122,39054,153,1312,154,172848,407,162416,268,4590,40,64185,67,60750,42,1321
2021-10-23,2,62934,2,59601,,2129,7,68082,7,64590,1,2065,1,30764,1,28633,,848,12,119848,12,113579,4,6609,76,325278,115,304895,43,11199,28,78435,54,72411,18,1692,,40394,,36918,,1278,2,33648,2,31677,,1186,4,141112,4,132939,,4830,12,40900,5,39059,4,1316,3,172851,4,162420,,4590,,64185,1,60751,,1321
2021-10-24,,62934,,59601,,2129,,68082,,64590,,2065,,30764,,28633,,848,,119848,,113579,,6609,,325278,,304895,,11199,,78435,,72411,,1692,,40394,,36918,,1278,,33648,,31677,,1186,,141112,,132939,,4830,,40900,,39059,,1316,,172851,,162420,,4590,,64185,,60751,,1321
2021-10-25,6,62940,13,59614,5,2134,63,68145,66,64656,48,2113,20,30784,30,28663,16,864,40,119888,43,113622,31,6640,186,325464,314,305209,238,11437,31,78466,45,72456,38,1730,34,40428,40,36958,41,1319,11,33659,15,31692,51,1237,160,141272,161,133100,128,4958,8,40908,10,39069,21,1337,195,173046,217,162637,171,4761,51,64236,95,60846,81,1402
2021-10-26,81,63021,116,59730,75,2209,54,68199,69,64725,68,2181,27,30811,36,28699,104,968,29,119917,87,113709,15,6655,369,325833,611,305820,461,11898,106,78572,127,72583,122,1852,24,40452,37,36995,35,1354,22,33681,25,31717,41,1278,78,141350,91,133191,88,5046,17,40925,36,39105,16,1353,138,173184,204,162841,211,4972,71,64307,80,60926,79,1481
2021-10-27,34,63055,34,59764,56,2265,10,68209,21,64746,25,2206,56,30867,58,28757,125,1093,33,119950,38,113747,111,6766,227,326060,411,306231,656,12554,51,78623,45,72628,85,1937,33,40485,54,37049,91,1445,16,33697,16,31733,43,1321,142,141492,187,133378,254,5300,50,40975,41,39146,135,1488,168,173352,176,163017,256,5228,38,64345,63,60989,36,1517
2021-10-28,95,63150,169,59933,216,2481,152,68361,206,64952,314,2520,26,30893,24,28781,83,1176,266,120216,479,114226,991,7757,291,326351,409,306640,788,13342,131,78754,204,72832,237,2174,31,40516,51,37100,80,1525,23,33720,40,31773,47,1368,219,141711,233,133611,350,5650,40,41015,43,39189,83,1571,211,173563,144,163161,360,5588,111,64456,103,61092,146,1663
2021-10-29,46,63196,72,60005,137,2618,29,68390,46,64998,52,2572,13,30906,15,28796,24,1200,21,120237,36,114262,83,7840,221,326572,276,306916,495,13837,38,78792,37,72869,38,2212,45,40561,47,37147,84,1609,58,33778,47,31820,141,1509,136,141847,119,133730,278,5928,87,41102,91,39280,158,1729,211,173774,293,163454,484,6072,78,64534,65,61157,74,1737
2021-10-30,2,63198,2,60007,4,2622,3,68393,3,65001,,2572,3,30909,4,28800,,1200,14,120251,7,114269,3,7843,130,326702,85,307001,164,14001,1,78793,1,72870,3,2215,,40561,,37147,,1609,14,33792,5,31825,6,1515,7,141854,5,133735,1,5929,28,41130,17,39297,9,1738,5,173779,1,163455,1,6073,,64534,,61157,,1737
2021-10-31,,63198,,60007,,2622,,68393,,65001,,2572,,30909,,28800,,1200,,120251,,114269,,7843,,326702,,307001,,14001,,78793,,72870,,2215,,40561,,37147,,1609,,33792,,31825,4,1519,,141854,,133735,,5929,,41130,,39297,,1738,,173779,,163455,,6073,,64534,,61157,,1737
2021-11-01,,63198,,60007,,2622,,68393,,65001,,2572,,30909,,28800,,1200,,120251,,114269,,7843,,326702,,307001,,14001,,78793,,72870,,2215,,40561,,37147,,1609,,33792,,31825,,1519,,141854,,133735,,5929,,41130,,39297,,1738,,173779,,163455,,6073,,64534,,61157,,1737
2021-11-02,31,63229,38,60045,33,2655,103,68496,100,65101,153,2725,29,30938,43,28843,111,1311,29,120280,60,114329,54,7897,453,327155,488,307489,1109,15110,127,78920,149,73019,207,2422,25,40586,25,37172,56,1665,22,33814,26,31851,49,1568,112,141966,86,133821,175,6104,28,41158,39,39336,72,1810,286,174065,211,163666,454,6527,127,64661,104,61261,136,1873
2021-11-03,69,63298,45,60090,316,2971,37,68533,37,65138,215,2940,74,31012,35,28878,394,1705,143,120423,152,114481,793,8690,236,327391,334,307823,2088,17198,54,78974,61,73080,374,2796,58,40644,57,37229,330,1995,18,33832,12,31863,144,1712,143,142109,130,133951,791,6895,86,41244,40,39376,366,2176,202,174267,174,163840,1107,7634,49,64710,35,61296,269,2142
2021-11-04,175,63473,149,60239,695,3666,67,68600,69,65207,582,3522,30,31042,20,28898,281,1986,234,120657,311,114792,1547,10237,351,327742,393,308216,3075,20273,143,79117,150,73230,1167,3963,55,40699,37,37266,396,2391,34,33866,45,31908,345,2057,354,142463,279,134230,1903,8798,103,41347,44,39420,572,2748,294,174561,102,163942,1640,9274,134,64844,84,61380,930,3072
2021-11-05,83,63556,74,60313,615,4281,140,68740,131,65338,962,4484,31,31073,25,28923,248,2234,88,120745,64,114856,701,10938,381,328123,300,308516,2999,23272,54,79171,49,73279,496,4459,74,40773,64,37330,595,2986,51,33917,43,31951,420,2477,298,142761,180,134410,1659,10457,132,41479,57,39477,718,3466,299,174860,240,164182,2176,11450,96,64940,55,61435,550,3622
2021-11-06,6,63562,8,60321,37,4318,3,68743,1,65339,19,4503,42,31115,13,28936,508,2742,35,120780,10,114866,154,11092,272,328395,151,308667,1951,25223,16,79187,3,73282,14,4473,23,40796,9,37339,53,3039,40,33957,18,31969,263,2740,49,142810,20,134430,260,10717,64,41543,14,39491,326,3792,116,174976,21,164203,349,11799,57,64997,13,61448,236,3858
2021-11-07,5,63567,2,60323,19,4337,2,68745,3,65342,7,4510,26,31141,8,28944,308,3050,8,120788,3,114869,30,11122,79,328474,69,308736,867,26090,1,79188,1,73283,10,4483,,40796,,37339,1,3040,,33957,,31969,4,2744,10,142820,4,134434,9,10726,,41543,1,39492,2,3794,112,175088,36,164239,401,12200,1,64998,2,61450,3,3861
2021-11-08,8,63575,8,60331,74,4411,146,68891,69,65411,751,5261,26,31167,13,28957,65,3115,122,120910,59,114928,536,11658,457,328931,267,309003,2469,28559,155,79343,67,73350,802,5285,92,40888,47,37386,639,3679,24,33981,11,31980,246,2990,349,143169,153,134587,1342,12068,49,41592,13,39505,295,4089,237,175325,150,164389,1385,13585,123,65121,65,61515,747,4608
2021-11-09,154,63729,57,60388,475,4886,90,68981,35,65446,577,5838,30,31197,18,28975,295,3410,59,120969,49,114977,513,12171,523,329454,276,309279,2918,31477,171,79514,95,73445,993,6278,44,40932,34,37420,388,4067,82,34063,46,32026,726,3716,240,143409,81,134668,1463,13531,21,41613,10,39515,127,4216,380,175705,179,164568,2198,15783,169,65290,75,61590,760,5368
2021-11-10,66,63795,50,60438,469,5355,72,69053,29,65475,1031,6869,105,31302,79,29054,866,4276,372,121341,173,115150,1837,14008,410,329864,340,309619,4082,35559,87,79601,60,73505,656,6934,90,41022,52,37472,607,4674,23,34086,10,32036,343,4059,225,143634,149,134817,1735,15266,83,41696,49,39564,761,4977,321,176026,177,164745,2067,17850,91,65381,32,61622,470,5838
