date,vaccination.administered,vaccination.administered.todate,vaccination.administered2nd,vaccination.administered2nd.todate,vaccination.used.todate,vaccination.pfizer.used.todate,vaccination.moderna.used.todate,vaccination.az.used.todate,vaccination.janssen.used.todate,vaccination.delivered.todate,vaccination.pfizer.delivered,vaccination.pfizer.delivered.todate,vaccination.moderna.delivered,vaccination.moderna.delivered.todate,vaccination.az.delivered,vaccination.az.delivered.todate,vaccination.janssen.delivered,vaccination.janssen.delivered.todate,vaccination.age.0-17.1st.todate,vaccination.age.0-17.2nd.todate,vaccination.age.18-24.1st.todate,vaccination.age.18-24.2nd.todate,vaccination.age.25-29.1st.todate,vaccination.age.25-29.2nd.todate,vaccination.age.30-34.1st.todate,vaccination.age.30-34.2nd.todate,vaccination.age.35-39.1st.todate,vaccination.age.35-39.2nd.todate,vaccination.age.40-44.1st.todate,vaccination.age.40-44.2nd.todate,vaccination.age.45-49.1st.todate,vaccination.age.45-49.2nd.todate,vaccination.age.50-54.1st.todate,vaccination.age.50-54.2nd.todate,vaccination.age.55-59.1st.todate,vaccination.age.55-59.2nd.todate,vaccination.age.60-64.1st.todate,vaccination.age.60-64.2nd.todate,vaccination.age.65-69.1st.todate,vaccination.age.65-69.2nd.todate,vaccination.age.70-74.1st.todate,vaccination.age.70-74.2nd.todate,vaccination.age.75-79.1st.todate,vaccination.age.75-79.2nd.todate,vaccination.age.80-84.1st.todate,vaccination.age.80-84.2nd.todate,vaccination.age.85-89.1st.todate,vaccination.age.85-89.2nd.todate,vaccination.age.90+.1st.todate,vaccination.age.90+.2nd.todate
2020-12-26,,,,,,,,,,11700,11700,11700,,,,,,,,,,,,,,,,,,,,,,,,,,,,,,,,,,,,,,
2020-12-27,6174,6174,5,5,6174,6174,,,,11700,,11700,,,,,,,,,17,,48,,76,,85,,116,,171,,241,,284,,239,,322,,433,1,565,1,1032,,1237,2,1308,1
2020-12-28,1647,7821,,5,7821,7821,,,,11700,,11700,,,,,,,,,33,,93,,126,,159,,191,,278,,366,,452,,312,,391,,517,1,679,1,1221,,1494,2,1509,1
2020-12-29,1319,9140,,5,9140,9140,,,,11700,,11700,,,,,,,,,49,,131,,181,,251,,289,,393,,544,,623,,433,,492,,581,1,745,1,1290,,1565,2,1573,1
2020-12-30,407,9547,2,7,9547,9547,,,,19890,8190,19890,,,,,,,,,57,1,155,,218,,281,,333,,442,,590,,677,,469,,507,,598,2,761,1,1305,,1573,2,1581,1
2020-12-31,1850,11397,1,8,11397,11397,,,,19890,,19890,,,,,,,2,,81,1,253,,357,,479,,564,,683,,877,,965,1,623,,559,,640,2,786,1,1334,,1592,2,1602,1
2021-01-01,151,11548,,8,11548,11548,,,,19890,,19890,,,,,,,3,,90,1,263,,372,,499,,582,,703,,896,,983,1,630,,559,,640,2,788,1,1337,,1594,2,1609,1
2021-01-02,404,11952,,8,11952,11952,,,,19890,,19890,,,,,,,3,,121,1,303,,412,,542,,635,,764,,946,,1051,1,644,,562,,640,2,788,1,1338,,1594,2,1609,1
2021-01-03,552,12504,,8,12504,12504,,,,19890,,19890,,,,,,,3,,125,1,365,,489,,603,,701,,839,,1003,,1115,1,671,,574,,644,2,797,1,1351,,1603,2,1621,1
2021-01-04,1086,13590,,8,13590,13590,,,,39780,19890,39780,,,,,,,4,,146,1,427,,578,,709,,806,,945,,1145,,1292,1,750,,621,,669,2,807,1,1380,,1641,2,1670,1
2021-01-05,2460,16050,,8,16050,16050,,,,39780,,39780,,,,,,,6,,191,1,577,,775,,963,,1072,,1269,,1497,,1686,1,935,,709,,723,2,844,1,1411,,1676,2,1716,1
2021-01-06,5360,21410,1,9,21410,21410,,,,39780,,39780,,,,,,,10,,325,1,962,,1263,,1510,,1804,,1916,,2185,1,2565,1,1327,,877,,844,2,897,1,1454,,1722,2,1749,1
2021-01-07,5474,26884,9,18,26884,26884,,,,39780,,39780,,,,,,,13,,512,2,1381,1,1744,,2041,3,2427,,2602,1,2878,2,3363,3,1733,,1086,,977,2,990,1,1547,,1791,2,1799,1
2021-01-08,3236,30120,4,22,30121,30121,,,,39780,,39780,,,,,,,17,,622,2,1661,1,1970,1,2324,3,2737,,2921,2,3255,2,3730,3,1990,,1233,,1129,2,1099,1,1692,1,1892,2,1848,2
2021-01-09,254,30374,,22,30375,30375,,,,39780,,39780,,,,,,,17,,625,2,1676,1,1978,1,2349,3,2761,,2947,2,3299,2,3770,3,2018,,1246,,1135,2,1101,1,1694,1,1902,2,1856,2
2021-01-10,1,30375,,22,30376,30376,,,,39780,,39780,,,,,,,17,,625,2,1676,1,1978,1,2349,3,2761,,2948,2,3299,2,3770,3,2018,,1246,,1135,2,1101,1,1694,1,1902,2,1856,2
2021-01-11,478,30853,1,23,30854,30854,,,,59670,19890,59670,,,,,,,17,,648,2,1712,2,2027,1,2403,3,2818,,3000,2,3346,2,3826,3,2049,,1258,,1147,2,1106,1,1712,1,1917,2,1867,2
2021-01-12,1870,32723,2,25,32724,32724,,,,60870,,59670,1200,1200,,,,,17,,706,2,1778,2,2095,2,2479,3,2891,,3113,2,3443,2,3963,3,2124,,1312,,1208,2,1180,1,2131,2,2235,2,2048,2
2021-01-13,4709,37432,7,32,37433,37433,,,,60870,,59670,,1200,,,,,17,,787,2,1892,2,2240,3,2632,3,3089,,3314,3,3670,3,4225,3,2267,,1410,,1306,3,1340,2,3566,3,3203,2,2474,3
2021-01-14,6727,44159,4,36,44161,44161,,,,60870,,59670,,1200,,,,,18,,890,2,2017,2,2412,3,2814,3,3292,,3561,3,3904,3,4467,3,2415,1,1514,,1431,3,1579,3,5750,4,4955,3,3140,3
2021-01-15,4773,48932,92,128,49016,49016,,,,60870,,59670,,1200,,,,,19,,955,5,2094,13,2535,14,2958,7,3455,4,3738,10,4089,17,4633,13,2525,14,1614,3,1593,6,1769,5,7282,6,6062,6,3611,5
2021-01-16,323,49255,,128,49339,49339,,,,60870,,59670,,1200,,,,,19,,955,5,2094,13,2535,14,2958,7,3455,4,3738,10,4089,17,4633,13,2525,14,1614,3,1593,6,1770,5,7459,6,6172,6,3646,5
2021-01-17,4,49259,,128,49343,49343,,,,60870,,59670,,1200,,,,,19,,955,5,2094,13,2535,14,2959,7,3455,4,3738,10,4089,17,4633,13,2525,14,1615,3,1594,6,1771,5,7459,6,6172,6,3646,5
2021-01-18,62,49321,84,212,49489,49489,,,,70230,9360,69030,,1200,,,,,19,,955,6,2098,27,2540,34,2967,15,3464,11,3744,21,4097,22,4640,26,2525,17,1620,5,1595,6,1775,5,7461,6,6174,6,3647,5
2021-01-19,545,49866,1474,1686,51498,51433,65,,,70230,,69030,,1200,,,,,19,,976,13,2130,39,2559,60,3004,49,3514,47,3795,83,4148,110,4702,97,2563,55,1638,57,1609,95,1790,120,7496,231,6230,284,3693,346
2021-01-20,1182,51048,2718,4404,55373,55057,316,,,70230,,69030,,1200,,,,,21,,1000,38,2170,86,2615,122,3075,131,3592,155,3895,216,4230,277,4801,301,2609,162,1673,184,1629,234,1844,313,7708,624,6398,743,3788,818
2021-01-21,1282,52330,2652,7056,59300,58788,512,,,70230,,69030,,1200,,,,,21,1,1039,64,2215,161,2669,232,3143,298,3672,343,3984,430,4333,575,4897,605,2639,339,1693,331,1652,370,1890,464,7912,795,6633,981,3938,1067
2021-01-22,1190,53520,728,7784,61204,60692,512,,,70230,,69030,,1200,,,,,21,1,1055,72,2248,195,2709,271,3202,352,3744,411,4060,500,4419,665,4977,700,2660,384,1700,353,1671,390,1912,496,8287,840,6852,1032,4003,1122
2021-01-23,229,53749,310,8094,61743,61231,512,,,70230,,69030,,1200,,,,,21,1,1061,87,2252,232,2714,304,3210,387,3750,457,4066,548,4425,701,4986,747,2662,395,1700,355,1671,390,1945,496,8391,840,6882,1032,4013,1122
2021-01-24,17,53766,57,8151,61816,61304,512,,,70230,,69030,,1200,,,,,21,1,1062,88,2252,232,2715,304,3210,387,3751,457,4066,548,4425,701,4987,747,2664,395,1702,359,1672,395,1947,507,8393,848,6882,1043,4017,1139
2021-01-25,3,53769,5,8156,61824,61312,512,,,90120,19890,88920,,1200,,,,,21,1,1062,88,2252,232,2715,304,3210,387,3751,457,4067,548,4425,702,4987,747,2664,395,1702,359,1672,396,1949,507,8393,848,6882,1044,4017,1141
2021-01-26,80,53849,1162,9318,63064,62552,512,,,90120,,88920,,1200,,,,,21,1,1072,110,2257,308,2722,423,3215,528,3757,597,4068,689,4426,855,4996,956,2666,485,1705,401,1674,410,1953,516,8394,851,6896,1045,4027,1143
2021-01-27,263,54112,3752,13070,67067,66554,513,,,90120,,88920,,1200,,,,,22,5,1086,215,2278,585,2746,750,3252,937,3780,1046,4092,1170,4460,1366,5033,1596,2680,733,1710,509,1679,478,1963,555,8399,885,6900,1073,4032,1167
2021-01-28,523,54635,4758,17828,72329,71814,514,1,,90120,,88920,,1200,,,,,24,6,1117,345,2305,904,2793,1136,3294,1402,3814,1629,4132,1788,4506,2029,5073,2313,2700,1106,1729,685,1691,594,1975,615,8462,955,6957,1119,4063,1202
2021-01-29,549,55184,3126,20954,75996,75480,515,1,,90120,,88920,,1200,,,,,24,11,1150,470,2333,1176,2840,1415,3342,1721,3852,1995,4167,2128,4553,2394,5106,2699,2728,1319,1742,787,1706,687,1993,679,8552,1045,7012,1192,4084,1236
2021-01-30,11,55195,102,21056,76109,75593,515,1,,90120,,88920,,1200,,,,,24,11,1150,471,2333,1177,2840,1416,3342,1723,3852,1999,4169,2133,4554,2401,5106,2707,2731,1334,1742,800,1706,699,1993,686,8552,1049,7015,1205,4086,1245
2021-01-31,1,55196,2,21058,76112,75596,515,1,,92520,,88920,2400,3600,,,,,24,11,1150,471,2333,1177,2840,1416,3342,1723,3852,1999,4169,2133,4554,2401,5106,2708,2731,1334,1742,800,1706,699,1993,686,8552,1049,7016,1206,4086,1245
2021-02-01,23,55219,35,21093,76170,75654,515,1,,110070,17550,106470,,3600,,,,,24,11,1150,473,2334,1180,2840,1420,3345,1725,3853,2000,4171,2135,4555,2402,5109,2716,2732,1338,1742,803,1708,701,1996,687,8553,1049,7021,1207,4086,1246
2021-02-02,21,55240,922,22015,77112,76596,515,1,,110070,,106470,,3600,,,,,24,11,1151,499,2334,1220,2841,1453,3348,1770,3855,2051,4172,2208,4557,2471,5111,2807,2733,1391,1742,830,1709,729,1999,725,8555,1221,7022,1320,4087,1309
2021-02-03,190,55430,3860,25875,81143,80626,515,2,,110070,,106470,,3600,,,,,24,11,1161,589,2338,1376,2849,1605,3362,1943,3872,2242,4188,2407,4571,2682,5127,3076,2743,1516,1747,896,1709,788,2005,812,8581,2263,7055,2020,4098,1649
2021-02-04,612,56042,5783,31658,87522,86605,915,2,,110070,,106470,,3600,,,,,24,11,1167,677,2354,1499,2859,1776,3374,2114,3890,2447,4198,2634,4578,2924,5136,3334,2748,1646,1751,988,1711,881,2012,967,8799,4014,7245,3510,4196,2236
2021-02-05,365,56407,4719,36377,92588,91639,947,2,,114870,,106470,4800,8400,,,,,25,13,1188,744,2370,1594,2891,1913,3394,2267,3915,2628,4226,2816,4604,3129,5168,3511,2764,1753,1758,1092,1717,1028,2024,1135,8844,5443,7297,4587,4222,2724
2021-02-06,28,56435,525,36902,93139,92190,947,2,,124470,,106470,,8400,9600,9600,,,25,13,1188,745,2370,1598,2892,1927,3394,2274,3915,2635,4227,2826,4604,3140,5168,3523,2764,1763,1758,1100,1719,1031,2025,1156,8861,5688,7303,4710,4222,2773
2021-02-07,,56435,,36902,93139,92190,947,2,,124470,,106470,,8400,,9600,,,25,13,1188,745,2370,1598,2892,1927,3394,2274,3915,2635,4227,2826,4604,3140,5168,3523,2764,1763,1758,1100,1719,1031,2025,1156,8861,5688,7303,4710,4222,2773
2021-02-08,398,56833,,36902,93537,92190,1345,2,,124470,,106470,,8400,,9600,,,25,13,1188,745,2370,1598,2892,1927,3394,2274,3915,2635,4227,2826,4604,3140,5168,3523,2764,1763,1758,1100,1720,1031,2025,1156,9083,5688,7436,4710,4264,2773
2021-02-09,88,56921,28,36930,93653,92218,1433,2,,142020,17550,124020,,8400,,9600,,,25,13,1188,745,2373,1598,2902,1927,3409,2275,3932,2636,4238,2826,4616,3140,5175,3523,2769,1764,1760,1100,1726,1031,2025,1156,9083,5689,7436,4725,4264,2782
2021-02-10,2496,59417,631,37561,96770,93686,2781,303,,142020,,124020,,8400,,9600,,,25,14,1234,764,2418,1630,2949,1965,3465,2335,3993,2700,4307,2891,4671,3196,5219,3589,2798,1797,1769,1113,1758,1047,2114,1171,9996,5754,8151,4772,4550,2823
2021-02-11,6873,66290,1681,39242,105311,100756,3666,889,,151620,,124020,,8400,9600,19200,,,26,16,1538,824,2527,1702,3070,2047,3624,2436,4137,2818,4466,3033,4800,3358,5376,3728,2891,1854,1810,1149,1799,1070,2279,1221,12699,5993,10114,5054,5134,2939
2021-02-12,6888,73178,1634,40876,113813,108014,3678,2121,,151620,,124020,,8400,,19200,,,32,16,1876,863,2685,1757,3208,2116,3807,2528,4365,2921,4667,3142,5032,3452,5613,3828,3029,1893,1876,1171,1843,1115,2453,1258,15385,6431,11684,5337,5623,3048
2021-02-13,710,73888,177,41053,114697,108724,3820,2153,,151620,,124020,,8400,,19200,,,32,16,1877,868,2686,1762,3212,2123,3811,2536,4365,2928,4670,3149,5035,3456,5617,3834,3029,1894,1877,1171,1848,1115,2462,1291,15786,6500,11872,5359,5709,3051
2021-02-14,16,73904,11,41064,114724,108751,3820,2153,,151620,,124020,,8400,,19200,,,32,16,1877,868,2686,1762,3212,2125,3811,2536,4365,2929,4671,3149,5035,3456,5617,3835,3029,1896,1877,1172,1848,1115,2463,1292,15796,6502,11876,5359,5709,3052
2021-02-15,76,73980,6,41070,114806,108775,3860,2171,,172680,21060,145080,,8400,,19200,,,32,16,1877,870,2686,1762,3212,2125,3811,2537,4367,2930,4674,3149,5038,3457,5619,3836,3031,1896,1879,1172,1848,1115,2466,1292,15819,6502,11906,5359,5715,3052
2021-02-16,1041,75021,65,41135,115912,109066,4064,2782,,172680,,145080,,8400,,19200,,,32,16,2100,871,2719,1769,3232,2127,3844,2542,4416,2935,4729,3158,5086,3464,5694,3848,3080,1906,1890,1177,1856,1116,2473,1292,16091,6502,12022,5359,5757,3053
2021-02-17,4917,79938,554,41689,121378,113677,4345,3356,,172680,,145080,,8400,,19200,,,32,16,2342,883,2775,1783,3277,2155,3892,2588,4466,2967,4779,3188,5154,3496,5763,3909,3128,1924,1918,1189,1881,1122,2948,1312,18553,6614,12998,5439,6032,3104
2021-02-18,8308,88246,691,42380,130370,121372,4530,4468,,189480,,145080,,8400,16800,36000,,,32,18,2378,931,2829,1811,3355,2195,3969,2626,4562,3001,4872,3221,5285,3534,5935,3931,3405,1944,2014,1200,1968,1130,3878,1329,22717,6759,14570,5558,6477,3192
2021-02-19,6129,94375,562,42942,137056,126717,4530,5809,,189480,,145080,,8400,,36000,,,33,18,2436,955,2881,1850,3443,2246,4084,2680,4702,3055,4997,3271,5490,3606,6171,3995,3859,1971,2112,1210,2072,1139,4737,1346,25136,6793,15520,5595,6702,3212
2021-02-20,2518,96893,20,42962,139593,128946,4530,6117,,189480,,145080,,8400,,36000,,,34,18,2446,955,2906,1850,3471,2249,4121,2680,4737,3057,5032,3271,5532,3607,6219,3996,3930,1971,2140,1210,2145,1139,5728,1348,25862,6797,15805,5600,6785,3214
2021-02-21,,96893,,42962,139593,128946,4530,6117,,189480,,145080,,8400,,36000,,,34,18,2446,955,2906,1850,3471,2249,4121,2680,4737,3057,5032,3271,5532,3607,6219,3996,3930,1971,2140,1210,2145,1139,5728,1348,25862,6797,15805,5600,6785,3214
2021-02-22,471,97364,3,42965,140067,128950,4530,6587,,211710,22230,167310,,8400,,36000,,,34,18,2460,955,2919,1850,3495,2249,4140,2682,4762,3057,5077,3271,5574,3607,6320,3996,4036,1971,2167,1210,2161,1139,5734,1349,25872,6797,15819,5600,6794,3214
2021-02-23,1522,98886,12,42977,141599,129645,4768,7186,,211710,,167310,,8400,,36000,,,34,18,2467,955,2932,1850,3509,2252,4163,2682,4803,3057,5124,3272,5641,3608,6418,3997,4146,1973,2192,1210,2210,1139,6314,1352,26141,6797,15946,5601,6846,3214
2021-02-24,6802,105688,163,43140,148562,135764,4845,7953,,211710,,167310,,8400,,36000,,,34,18,2478,958,2950,1854,3526,2259,4199,2695,4835,3064,5163,3284,5696,3616,6513,4008,4483,1982,2227,1214,2483,1141,8570,1359,28546,6825,16828,5623,7157,3240
2021-02-25,10778,116466,183,43323,159516,144370,4845,10301,,236910,,167310,8400,16800,16800,52800,,,35,18,2557,966,3004,1862,3591,2274,4286,2714,4969,3079,5324,3307,5931,3626,6961,4023,5123,1991,2421,1224,3159,1144,13642,1365,30448,6839,17581,5643,7434,3248
2021-02-26,7224,123690,490,43813,167225,149276,4845,13104,,236910,,167310,,16800,,52800,,,70,19,2619,993,3067,1892,3696,2308,4391,2751,5128,3123,5500,3352,6225,3663,7463,4068,6069,2014,2663,1230,3601,1150,16541,1374,31139,6914,17938,5696,7580,3266
2021-02-27,918,124608,11,43824,168154,149474,4845,13835,,236910,,167310,,16800,,52800,,,70,19,2622,996,3071,1892,3706,2309,4400,2751,5146,3123,5530,3353,6296,3663,7578,4069,6440,2014,2736,1230,3637,1151,16642,1375,31203,6916,17949,5697,7582,3266
2021-02-28,,124608,1,43825,168155,149475,4845,13835,,236910,,167310,,16800,,52800,,,70,19,2622,996,3071,1892,3706,2309,4400,2751,5146,3123,5530,3353,6296,3664,7578,4069,6440,2014,2736,1230,3637,1151,16642,1375,31203,6916,17949,5697,7582,3266
2021-03-01,1136,125744,,43825,169291,149478,4846,14967,,256800,19890,187200,,16800,,52800,,,70,19,2627,996,3077,1892,3715,2309,4417,2751,5170,3123,5568,3353,6366,3664,7749,4069,7012,2014,2861,1230,3672,1151,16657,1375,31217,6916,17968,5697,7598,3266
2021-03-02,2151,127895,11,43836,171452,149675,5076,16701,,256800,,187200,,16800,,52800,,,70,19,2711,996,3117,1892,3733,2309,4465,2751,5238,3123,5656,3354,6499,3665,8024,4070,7642,2016,2990,1230,3749,1151,16976,1375,31330,6921,18044,5697,7651,3267
2021-03-03,6567,134462,837,44673,178852,153088,6399,19365,,256800,,187200,,16800,,52800,,,71,19,2788,1011,3164,1911,3790,2325,4548,2776,5375,3146,5849,3373,6869,3686,8538,4099,8522,2025,3291,1237,4301,1157,19644,1395,31714,7276,18265,5901,7733,3336
2021-03-04,6707,141169,4431,49104,189962,160299,7456,22207,,278400,,187200,,16800,21600,74400,,,72,19,2869,1044,3231,1959,3882,2390,4655,2869,5532,3220,6046,3450,7222,3759,9189,4193,9380,2065,3505,1271,4765,1190,22216,1510,32227,9136,18536,7280,7842,3749
2021-03-05,4571,145740,5394,54498,199919,167564,8501,23854,,278400,,187200,,16800,,74400,,,73,22,2911,1094,3267,2033,3935,2451,4725,2945,5641,3299,6160,3535,7404,3836,9584,4275,9768,2110,3739,1289,5204,1211,23991,1642,32640,11666,18742,8847,7956,4243
2021-03-06,1362,147102,592,55090,201861,168343,8934,24584,,278400,,187200,,16800,,74400,,,73,22,2919,1095,3283,2034,3958,2454,4745,2949,5688,3299,6240,3540,7496,3840,9720,4279,10017,2110,3810,1290,5230,1212,24517,1652,32682,11991,18763,9005,7961,4318
2021-03-07,1,147103,,55090,201862,168343,8934,24585,,278400,,187200,,16800,,74400,,,73,22,2919,1095,3283,2034,3958,2454,4745,2949,5688,3299,6241,3540,7496,3840,9720,4279,10017,2110,3810,1290,5230,1212,24517,1652,32682,11991,18763,9005,7961,4318
2021-03-08,1398,148501,380,55470,203637,168348,9472,25817,,298290,19890,207090,,16800,,74400,,,73,22,2935,1095,3300,2034,3986,2455,4790,2949,5744,3299,6342,3541,7637,3840,9960,4280,10443,2110,3917,1290,5296,1214,24631,1654,32693,12201,18781,9128,7973,4358
2021-03-09,3675,152176,486,55956,207794,168783,9777,29234,,298290,,207090,,16800,,74400,,,73,22,2952,1098,3332,2040,4055,2466,4903,2967,5910,3321,6562,3555,7881,3857,10287,4295,12422,2117,4050,1294,5390,1220,24825,1724,32723,12382,18816,9215,7995,4383
2021-03-10,4770,156946,4753,60709,217312,172886,11023,33403,,298290,,207090,,16800,,74400,,,73,22,2996,1109,3405,2048,4154,2485,5113,2987,6222,3345,6942,3574,8344,3880,10993,4315,13983,2138,4273,1310,5543,1260,25038,2090,32888,14822,18916,10516,8063,4808
2021-03-11,6245,163191,7432,68141,230967,180698,11627,38642,,312690,,207090,,16800,14400,88800,,,73,22,3096,1115,3516,2054,4309,2497,5376,3003,6624,3359,7475,3586,9171,3890,11940,4331,15522,2152,4473,1330,5717,1308,25501,2950,33149,19026,19081,12229,8168,5289
2021-03-12,8463,171654,5020,73161,244419,186458,11627,46334,,324690,,207090,12000,28800,,88800,,,76,22,3211,1152,3754,2098,4647,2547,5907,3056,7461,3412,8495,3623,10505,3958,13695,4405,16661,2194,4720,1357,5880,1378,25822,3681,33358,21524,19203,13237,8259,5517
2021-03-13,6396,178050,2090,75251,252898,188854,11728,52316,,324690,,207090,,28800,,88800,,,80,23,3299,1155,3921,2104,4917,2552,6380,3064,8160,3419,9266,3626,11290,3967,14744,4419,17670,2211,5211,1370,6173,1440,26094,4565,33376,22217,19210,13517,8259,5602
2021-03-14,1,178051,,75251,252899,188855,11728,52316,,324690,,207090,,28800,,88800,,,81,23,3299,1155,3921,2104,4917,2552,6380,3064,8160,3419,9266,3626,11290,3967,14744,4419,17670,2211,5211,1370,6173,1440,26094,4565,33376,22217,19210,13517,8259,5602
2021-03-15,1333,179384,271,75522,254502,188857,12302,53343,,344580,19890,226980,,28800,,88800,,,81,23,3310,1155,3939,2104,4937,2553,6437,3064,8238,3419,9367,3626,11429,3967,14964,4419,17950,2211,5274,1370,6269,1441,26264,4565,33424,22318,19234,13653,8267,5634
2021-03-16,287,179671,749,76271,255536,189433,12749,53354,,344580,,226980,,28800,,88800,,,81,23,3310,1155,3939,2104,4938,2553,6438,3064,8240,3421,9368,3626,11433,3967,14966,4419,17960,2211,5278,1372,6282,1452,26426,4963,33476,22544,19259,13738,8277,5659
2021-03-17,456,180127,5298,81569,261287,195149,12779,53359,,344580,,226980,,28800,,88800,,,81,23,3311,1158,3940,2109,4943,2558,6441,3067,8244,3424,9372,3631,11439,3971,14974,4430,17970,2215,5295,1381,6362,1735,26581,6848,33545,24640,19320,14484,8309,5895
2021-03-18,1684,181811,8118,89687,271067,203909,13791,53367,,344580,,226980,,28800,,88800,,,82,23,3315,1160,3943,2114,4945,2566,6445,3078,8248,3430,9376,3649,11444,3983,14988,4443,17982,2228,5312,1403,6609,2181,27607,11451,33745,26624,19419,15214,8351,6140
2021-03-19,2985,184796,4400,94087,278408,209151,15141,54116,,349380,,226980,,28800,4800,93600,,,83,56,3322,1173,3967,2122,4991,2587,6489,3102,8330,3451,9498,3675,11564,4017,15144,4480,18079,2246,5397,1430,7040,2474,28734,14129,34150,27404,19602,15516,8406,6225
2021-03-20,4044,188840,175,94262,282626,209407,17599,55620,,349380,,226980,,28800,,93600,,,83,56,3344,1173,4051,2122,5088,2587,6631,3102,8551,3451,9753,3675,11851,4020,15395,4480,18201,2246,5457,1430,7360,2490,30616,14206,34371,27471,19666,15527,8422,6226
2021-03-21,1,188841,,94262,282627,209407,17599,55621,,349380,,226980,,28800,,93600,,,83,56,3344,1173,4051,2122,5088,2587,6631,3102,8551,3451,9753,3675,11851,4020,15395,4480,18201,2246,5457,1430,7360,2490,30616,14206,34371,27471,19666,15527,8423,6226
2021-03-22,1118,189959,8,94270,283753,209407,18232,56114,,378630,29250,256230,,28800,,93600,,,83,56,3346,1173,4057,2123,5099,2587,6647,3102,8587,3451,9791,3675,11919,4020,15528,4480,18323,2246,5505,1430,7602,2490,30919,14206,34435,27474,19687,15529,8431,6228
2021-03-23,3968,193927,306,94576,288027,210218,18873,58936,,378630,,256230,,28800,,93600,,,84,56,3386,1176,4113,2124,5178,2587,6789,3102,8810,3451,10078,3675,12292,4020,16023,4480,19262,2246,5701,1436,8096,2509,31437,14284,34517,27602,19713,15587,8448,6241
2021-03-24,7346,201273,2583,97159,297946,217527,19193,61226,,378630,,256230,,28800,,93600,,,87,56,3446,1176,4184,2129,5275,2592,6926,3109,8987,3454,10355,3683,12624,4027,16452,4488,19882,2249,5902,1555,10222,2895,33708,15769,34818,27928,19876,15741,8529,6308
2021-03-25,11886,213159,2519,99678,312336,229109,19624,63603,,396630,,256230,18000,46800,,93600,,,90,56,3507,1181,4244,2138,5379,2596,7101,3115,9207,3468,10632,3690,12903,4040,16822,4497,20619,2259,6558,1575,14494,3261,37412,17227,35354,28278,20156,15923,8681,6374
2021-03-26,13719,226878,2322,102000,328367,236280,20587,71500,,401430,,256230,,46800,4800,98400,,,91,57,3683,1200,4524,2155,5790,2617,7758,3137,10142,3500,11748,3706,14190,4054,18312,4510,21872,2288,7066,1623,18031,3608,38864,18468,35676,28567,20329,16080,8802,6430
2021-03-27,6764,233642,496,102496,335623,237980,20587,77056,,401430,,256230,,46800,,98400,,,95,57,3819,1200,4780,2155,6098,2621,8220,3139,10716,3507,12459,3712,14931,4061,19256,4511,23023,2291,7458,1626,18857,3650,39082,18768,35705,28650,20339,16110,8804,6438
2021-03-28,1255,234897,3,102499,336881,238425,20587,77869,,401430,,256230,,46800,,98400,,,95,57,3886,1200,4849,2155,6158,2621,8302,3139,10832,3507,12594,3712,15087,4061,19433,4511,23188,2291,7530,1626,18931,3650,39154,18769,35712,28651,20341,16111,8805,6438
2021-03-29,1131,236028,5,102504,338017,238505,20598,78914,,430680,29250,285480,,46800,,98400,,,95,57,3892,1200,4873,2155,6219,2621,8406,3139,10970,3507,12714,3713,15236,4061,19600,4513,23386,2291,7609,1627,18997,3650,39164,18769,35718,28651,20343,16112,8806,6438
2021-03-30,7616,243644,328,102832,345953,241108,22453,82392,,430680,,285480,,46800,,98400,,,96,58,3936,1201,5067,2155,6463,2623,8710,3139,11398,3509,13212,3714,15799,4062,20213,4515,23927,2292,8076,1630,22167,3695,39566,18986,35811,28684,20384,16127,8819,6442
2021-03-31,13296,256940,1312,104144,360554,249391,24536,86627,,430680,,285480,,46800,,98400,,,123,59,4017,1206,5342,2159,6776,2628,9100,3147,11946,3516,13844,3717,16452,4072,20807,4535,24726,2297,9232,1647,28832,3808,40398,19861,35989,28818,20496,16198,8860,6476
2021-04-01,16761,273701,2676,106820,379973,262378,29483,88112,,476280,,285480,,46800,45600,144000,,,123,59,4045,1207,5389,2162,6851,2632,9197,3151,12104,3522,14016,3725,16671,4083,21064,4543,25567,2315,12329,1673,38991,3940,41359,21549,36306,29293,20691,16403,8998,6563
2021-04-02,10099,283800,2096,108916,392159,268176,34133,89850,,476280,,285480,,46800,,144000,,,135,59,4095,1209,5434,2165,6912,2643,9292,3153,12224,3525,14164,3731,16879,4085,21360,4549,26375,2320,15025,1702,43793,4011,41880,22930,36432,29616,20763,16562,9037,6656
2021-04-03,3090,286890,29,108945,395278,268317,36878,90083,,476280,,285480,,46800,,144000,,,135,59,4104,1209,5444,2165,6922,2643,9306,3153,12254,3525,14211,3731,16922,4085,21445,4551,26664,2322,15599,1708,45560,4018,42036,22937,36471,29618,20775,16563,9042,6658
2021-04-04,1586,288476,2,108947,396866,268317,38466,90083,,476280,,285480,,46800,,144000,,,135,59,4106,1209,5445,2165,6933,2643,9318,3153,12269,3525,14237,3731,16950,4085,21489,4551,26770,2322,15894,1708,46505,4018,42107,22937,36492,29619,20783,16564,9043,6658
2021-04-05,1,288477,,108947,396867,268318,38466,90083,,476280,,285480,,46800,,144000,,,135,59,4106,1209,5445,2165,6933,2643,9319,3153,12269,3525,14237,3731,16950,4085,21489,4551,26770,2322,15894,1708,46505,4018,42107,22937,36492,29619,20783,16564,9043,6658
2021-04-06,2465,290942,363,109310,399694,268365,38869,92460,,476280,,285480,,46800,,144000,,,135,59,4109,1209,5445,2166,6935,2643,9322,3153,12278,3527,14255,3731,16979,4086,21605,4552,28860,2323,16025,1714,46528,4096,42122,23189,36500,29623,20792,16576,9052,6663
2021-04-07,6128,297070,23,109333,405843,268397,40472,96974,,517230,40950,326430,,46800,,144000,,,135,59,4113,1209,5450,2166,6942,2643,9335,3153,12304,3527,14278,3731,17014,4086,21698,4552,33140,2325,16823,1714,47167,4096,42255,23203,36552,29627,20808,16578,9056,6664
2021-04-08,14723,311793,666,109999,421224,280193,41347,99684,,531630,,326430,14400,61200,,144000,,,154,60,4142,1215,5470,2168,6975,2646,9368,3156,12367,3534,14337,3736,17097,4102,21887,4567,35709,2341,23994,1734,50691,4224,42791,23454,36755,29730,20935,16640,9121,6692
2021-04-09,18510,330303,1696,111695,441415,299231,41469,100715,,531630,,326430,,61200,,144000,,,156,61,4159,1224,5488,2174,6998,2659,9393,3166,12402,3544,14395,3750,17170,4114,22024,4601,37257,2376,35575,1801,54468,4434,43510,24114,37027,30085,21077,16820,9204,6772
2021-04-10,9060,339363,130,111825,450601,307566,41473,101562,,531630,,326430,,61200,,144000,,,160,61,4176,1224,5497,2174,7014,2659,9419,3167,12453,3546,14465,3751,17276,4116,22209,4602,38440,2378,40996,1806,56177,4440,43693,24166,37082,30123,21100,16835,9206,6777
2021-04-11,1608,340971,22,111847,452222,309052,41587,101583,,531630,,326430,,61200,,144000,,,161,61,4181,1224,5501,2174,7023,2659,9432,3167,12466,3547,14489,3751,17308,4116,22245,4602,38526,2379,41907,1814,56533,4445,43770,24167,37113,30125,21107,16839,9209,6777
2021-04-12,1654,342625,205,112052,454081,309639,42124,102318,,577380,40950,367380,,61200,4800,148800,,,161,61,4182,1224,5504,2174,7023,2659,9435,3167,12470,3547,14497,3751,17321,4116,22270,4602,39243,2379,42553,1815,56681,4509,43824,24270,37129,30146,21119,16851,9213,6781
2021-04-13,3077,345702,779,112831,457932,311447,42785,103700,,577380,,367380,,61200,,148800,,,161,61,4182,1228,5508,2177,7024,2663,9436,3173,12475,3560,14501,3763,17331,4130,22328,4610,40546,2402,43863,1826,56943,4713,43901,24627,37157,30229,21124,16877,9222,6792
2021-04-14,7808,353510,3838,116669,469564,321353,43110,105101,,584580,,367380,,61200,,148800,7200,7200,166,64,4202,1229,5530,2178,7051,2669,9498,3177,12555,3565,14589,3767,17491,4135,22596,4619,41956,2415,47892,1901,58075,6284,44192,26380,37263,30470,21195,16978,9259,6838
2021-04-15,9429,362939,9993,126662,488946,337580,45851,105515,,584580,,367380,,61200,,148800,,7200,181,65,4245,1231,5542,2182,7083,2682,9552,3188,12618,3577,14663,3783,17609,4152,22826,4649,43016,2454,53325,2366,59675,10218,44615,30884,37411,31020,21285,17225,9293,6986
2021-04-16,8390,371329,5713,132375,503018,347499,48457,107062,,584580,,367380,,61200,,148800,,7200,184,66,4278,1236,5589,2186,7145,2688,9648,3208,12802,3599,14946,3802,17898,4177,23225,4680,44408,2522,57149,2591,60846,12559,44963,32907,37556,31544,21364,17501,9328,7109
2021-04-17,2496,373825,3651,136026,509150,350075,51742,107333,,584580,,367380,,61200,,148800,,7200,184,67,4284,1237,5595,2189,7155,2689,9665,3209,12834,3601,14976,3807,17942,4185,23328,4688,45417,2538,58036,2635,61091,13605,45026,35055,37585,31813,21377,17579,9330,7129
2021-04-18,1277,375102,7,136033,510434,350332,52769,107333,,584580,,367380,,61200,,148800,,7200,184,67,4287,1237,5598,2189,7158,2689,9670,3209,12837,3601,14985,3807,17953,4186,23355,4688,45909,2538,58411,2635,61322,13606,45105,35059,37601,31813,21395,17580,9332,7129
2021-04-19,2323,377425,372,136405,513127,350333,53869,108925,,643500,42120,409500,,61200,16800,165600,,7200,184,67,4316,1242,5614,2189,7198,2690,9734,3211,12925,3601,15142,3808,18247,4190,24048,4694,46247,2567,58853,2638,61432,13770,45141,35184,37612,31839,21398,17585,9334,7130
2021-04-20,5203,382628,1515,137920,519792,352259,54094,113439,,643500,,409500,,61200,,165600,,7200,184,68,4365,1245,5689,2191,7307,2692,9917,3217,13238,3609,15501,3817,19579,4210,25801,4732,46917,2584,59079,2785,61517,14891,45178,35296,37620,31862,21402,17589,9334,7132
2021-04-21,7694,390322,9109,147029,536539,364451,56417,115671,,643500,,409500,,61200,,165600,,7200,188,68,4482,1262,5727,2204,7404,2715,10046,3245,13454,3644,15899,3861,20163,4295,26570,4854,49163,2762,60820,3700,62306,21016,45497,36438,37758,32056,21480,17723,9365,7186
2021-04-22,8117,398439,11865,158894,556429,381608,57213,117608,,643500,,409500,,61200,,165600,,7200,194,95,4591,1287,5813,2211,7514,2730,10231,3257,13779,3666,16279,3877,20668,4331,27149,4911,51300,2901,63221,5658,63039,29114,45791,37410,37880,32341,21570,17832,9420,7273
2021-04-23,10811,409250,6867,165761,574000,390855,58580,124565,,643500,,409500,,61200,,165600,,7200,233,106,7837,1325,5998,2220,7720,2743,10542,3276,14221,3684,17093,3918,21497,4377,28364,4978,52509,2994,64615,6992,63516,33370,45998,38040,37989,32498,21643,17928,9475,7312
2021-04-24,2466,411716,482,166243,576916,391356,58719,126841,,651900,,409500,8400,69600,,165600,,7200,235,106,8216,1325,6036,2220,7897,2748,10852,3279,14732,3698,17407,3926,21682,4378,28724,4984,52625,3001,64661,7065,63533,33686,46004,38063,37992,32507,21644,17941,9476,7316
2021-04-25,657,412373,28,166271,577590,391356,59393,126841,,651900,,409500,,69600,,165600,,7200,235,106,8216,1325,6039,2220,7898,2748,10852,3279,14732,3698,17408,3926,21682,4379,28726,4984,52658,3001,64871,7067,63815,33697,46082,38074,38021,32510,21657,17941,9481,7316
2021-04-26,376,412749,8,166279,577974,391358,59393,127223,,718650,64350,473850,,69600,2400,168000,,7200,235,106,8240,1327,6052,2221,7919,2748,10875,3279,14766,3698,17460,3926,21775,4380,28824,4986,52670,3001,64876,7068,63815,33697,46082,38075,38022,32510,21657,17941,9481,7316
2021-04-27,451,413200,15,166294,578429,391361,59393,127675,,718650,,473850,,69600,,168000,,7200,235,106,8308,1328,6122,2222,7946,2749,10910,3279,14826,3699,17520,3929,21835,4382,28890,4991,52671,3001,64878,7068,63817,33697,46082,38075,38022,32510,21657,17941,9481,7317
2021-04-28,3172,416372,4836,171130,586377,396917,61154,128306,,718650,,473850,,69600,,168000,,7200,237,106,8351,1330,6146,2223,7974,2750,11007,3282,14941,3706,17711,3940,22098,4391,29335,5016,53488,3046,65474,8623,64164,36493,46204,38357,38073,32578,21677,17969,9492,7320
2021-04-29,5979,422351,13334,184464,605639,410798,65668,129173,,728250,,473850,9600,79200,,168000,,7200,242,125,8384,1437,6169,2261,8020,2770,11063,3315,15037,3743,17867,3981,22585,4482,30203,5117,55116,3284,66943,14516,64659,42023,46452,39168,38233,32794,21809,18077,9569,7371
2021-04-30,6307,428658,14856,199320,626679,429924,66376,130309,70,803850,,473850,,79200,69600,237600,6000,13200,248,127,8507,1584,6257,2298,8102,2804,11198,3356,15242,3796,18093,4058,23175,4557,31049,5230,56472,3892,68560,23879,65244,45336,46724,39793,38332,33018,21868,18173,9587,7419
2021-05-01,865,429523,6348,205668,633873,436264,67122,130417,70,803850,,473850,,79200,,237600,,13200,248,131,8510,1600,6259,2305,8107,2821,11201,3387,15255,3841,18113,4128,23201,4672,31431,5397,56649,4175,68683,28271,65321,46346,46742,39936,38341,33054,21872,18183,9590,7421
2021-05-02,1287,430810,2149,207817,637306,437990,68829,130417,70,803850,,473850,,79200,,237600,,13200,251,131,8520,1601,6264,2306,8116,2833,11213,3400,15278,3857,18135,4155,23234,4700,31519,5445,57535,4282,68783,28545,65372,47592,46761,40207,38357,33131,21881,18206,9591,7426
2021-05-03,5058,435868,2945,210762,645293,444912,69630,130676,75,860010,56160,530010,,79200,,237600,,13200,251,131,8527,1607,6280,2310,8134,2838,11232,3408,15321,3867,18235,4162,24340,4714,33257,5466,58369,4354,69330,30334,65682,48380,46899,40358,38431,33172,21950,18231,9630,7430
2021-05-04,7114,442982,2820,213582,655085,451772,70736,132395,182,860010,,530010,,79200,,237600,,13200,256,131,8612,1627,6405,2340,8300,2872,11458,3425,15664,3911,18662,4210,25340,4759,36202,5540,59297,4494,69790,31706,65898,49182,47008,40497,38478,33207,21976,18246,9636,7435
2021-05-05,10108,453090,7944,221526,673014,465333,72853,134566,262,860010,,530010,,79200,,237600,,13200,259,135,8667,1778,6499,2386,8419,2911,11684,3491,15989,4010,19097,4328,27823,4889,40133,5708,60129,4688,70571,36103,66322,51132,47225,40839,38583,33343,22035,18319,9655,7466
2021-05-06,15601,468691,12225,233751,700714,490736,73269,136387,322,874410,,530010,14400,93600,,237600,,13200,261,150,8716,1968,6579,2433,8556,2964,11945,3604,16324,4137,19539,4479,33050,5128,44515,6015,61995,5356,71966,42910,67023,53691,47551,41415,38785,33530,22156,18444,9730,7527
2021-05-07,13448,482139,8603,242354,721940,506772,74198,139898,1072,874410,,530010,,93600,,237600,,13200,263,157,8881,2059,6903,2602,8962,3141,12487,3877,17001,4490,20362,4849,36699,5466,47934,6478,63360,5889,72924,47019,67588,54879,47821,41713,38938,33650,22243,18516,9773,7569
2021-05-08,5468,487607,5282,247636,732129,512464,77327,140740,1598,874410,,530010,,93600,,237600,,13200,264,157,8951,2084,7004,2644,9109,3214,12706,3961,17330,4627,20917,5026,38230,5637,49298,6683,63885,6229,73212,48615,67783,56975,47903,41940,38975,33724,22261,18541,9779,7579
2021-05-09,1651,489258,136,247772,733902,512469,78129,141705,1599,874410,,530010,,93600,,237600,,13200,264,157,9027,2084,7063,2647,9210,3214,12834,3963,17630,4630,21133,5032,38334,5642,49650,6687,64043,6251,73326,48685,67810,56993,47914,41943,38980,33724,22261,18541,9779,7579
2021-05-10,2313,491571,1372,249144,736865,512514,78270,143766,2315,932910,58500,588510,,93600,,237600,,13200,264,158,9154,2265,7162,2704,9408,3298,13181,4092,18119,4821,21775,5229,38508,5777,49805,6812,64088,6346,73346,48748,67821,57047,47918,41962,38981,33741,22261,18556,9780,7588
2021-05-11,8136,499707,2126,251270,746774,516788,79504,147830,2652,932910,,588510,,93600,,237600,,13200,273,158,9308,2452,7359,2759,9674,3377,13532,4195,20366,4941,22785,5363,39575,5896,50772,6978,64792,6790,73912,49161,68151,57198,48078,42028,39056,33783,22283,18584,9791,7607
2021-05-12,16451,516158,5862,257132,767608,533796,79868,149860,4084,947310,,588510,,93600,14400,252000,,13200,312,159,9687,2514,7727,2833,10187,3493,14443,4521,21663,5352,25042,5941,43389,6107,53600,7236,66429,8140,75020,50740,68748,57722,48390,42219,39235,33877,22424,18637,9862,7641
2021-05-13,19277,535435,9718,266850,795458,555744,81912,152618,5184,967710,,588510,14400,108000,,252000,6000,19200,395,171,10101,2646,8354,3138,10971,3836,15508,4778,23543,5692,29886,6241,45931,6405,56569,7631,67929,10306,76037,53771,69439,59066,48769,42673,39491,34054,22552,18747,9960,7695
2021-05-14,17106,552541,8630,275480,819093,570192,82600,159084,7217,967710,,588510,,108000,,252000,,19200,420,196,10659,2958,8884,3427,11671,4157,18001,5266,25712,6325,32618,7076,48649,6925,58674,8275,69082,12141,76879,55411,69904,59705,49063,42902,39674,34166,22637,18815,10014,7735
2021-05-15,6834,559375,4287,279767,827678,572023,83241,162685,9729,967710,,588510,,108000,,252000,,19200,424,197,11238,3266,9489,3790,12360,4545,18994,5782,26691,6917,33269,7536,49294,7226,59582,8920,69557,12680,77055,55519,69961,59737,49097,42916,39697,34175,22650,18821,10017,7740
2021-05-16,183,559558,2950,282717,830810,572024,86246,162810,9730,967710,,588510,,108000,,252000,,19200,424,197,11241,3270,9496,3794,12368,4552,19002,5793,26735,6929,33325,7561,49323,7243,59598,8985,69562,14387,77059,56008,69961,60155,49098,43039,39698,34209,22651,18847,10017,7748
2021-05-17,3410,562968,5081,287798,838651,572030,86397,169860,10364,1027380,59670,648180,,108000,,252000,,19200,424,198,11401,3484,10031,3916,13411,4748,19287,6021,27340,7330,33950,8037,49378,7805,59632,9824,69574,16040,77071,56300,69972,60224,49103,43060,39711,34212,22659,18848,10024,7751
2021-05-18,10094,573062,3631,291429,850625,578054,88089,172397,12085,1027380,,648180,,108000,,252000,,19200,476,199,12639,3652,10741,4020,14130,4907,20253,6236,28805,7591,35334,8307,50339,8151,60544,10267,70265,16583,77484,56948,70279,60408,49258,43143,39786,34280,22686,18918,10043,7819
2021-05-19,15611,588673,8017,299446,873141,590914,92449,176660,13118,1027380,,648180,,108000,,252000,,19200,538,202,13521,3842,11445,4186,15203,5116,21914,6532,31029,8028,37533,8882,52052,8787,62320,11256,71382,18980,78429,58272,70784,60835,49568,43313,39990,34378,22822,18976,10143,7861
2021-05-20,23027,611700,7067,306513,902418,609432,99685,179413,13888,1053780,,648180,14400,122400,12000,264000,,19200,652,208,15428,3965,13101,4334,17483,5294,24778,6755,34974,8304,41360,9228,53899,9335,64094,12167,72440,20709,79163,59796,71231,61321,49807,43555,40158,34522,22927,19085,10205,7935
2021-05-21,14693,626393,12717,319230,928049,623398,101888,187166,15597,1060980,,648180,,122400,,264000,7200,26400,715,216,16626,4292,14319,4794,18848,5696,26257,7304,36861,9221,43122,10308,55381,10589,65573,13899,73434,23819,79860,61353,71734,62081,50092,43890,40321,34632,23006,19159,10244,7977
2021-05-22,3415,629808,7588,326818,938875,628878,102352,191956,15689,1060980,,648180,,122400,,264000,,26400,730,221,17007,4378,14574,4947,19213,5911,26716,7665,37270,9790,43549,11023,55700,11371,65915,15227,73619,25842,79997,62286,71804,62340,50123,43982,40338,34675,23008,19179,10245,7981
2021-05-23,1194,631002,1849,328667,941916,628891,105375,191961,15689,1060980,,648180,,122400,,264000,,26400,730,221,17063,4378,14653,4949,19326,5916,26810,7667,37363,9791,43644,11031,55901,11378,66066,15241,73713,26722,80059,62731,71877,62689,50177,44074,40354,34703,23017,19190,10249,7986
2021-05-24,1185,632187,5319,333986,948041,629493,105504,197000,16044,1119480,58500,706680,,122400,,264000,,26400,738,221,17222,4529,14756,5068,19441,6059,26947,7924,37499,10182,43810,11537,56004,12027,66137,16264,73775,28150,80107,63149,71905,62855,50200,44093,40369,34719,23022,19206,10255,8003
2021-05-25,3642,635829,6956,340942,957554,633774,105900,200769,17111,1119480,,706680,,122400,,264000,,26400,745,223,17462,4694,14926,5201,19689,6228,27340,8166,37900,10544,44165,11919,56306,12973,66408,17578,73978,29715,80371,63899,72216,63285,50434,44351,40498,34845,23098,19290,10293,8031
2021-05-26,7086,642915,15048,355990,978658,650270,106914,203390,18084,1119480,,706680,,122400,,264000,,26400,766,233,17883,4891,15265,5382,20091,6431,27847,8423,38560,10886,44813,12344,57228,16395,67309,23503,74781,31640,80962,65033,72521,63817,50666,44600,40641,34970,23217,19375,10365,8067
2021-05-27,9031,651946,20431,376421,1007070,671301,109086,207662,19021,1133880,,706680,14400,136800,,264000,,26400,813,234,18616,5109,15816,5598,20822,6757,28657,8826,39587,11459,45761,13026,58235,21691,68248,29769,75553,34927,81560,66649,72879,64672,50863,44962,40796,35138,23308,19484,10432,8120
2021-05-28,8319,660265,14145,390566,1028308,681999,113005,213145,20159,1215480,,706680,,136800,62400,326400,19200,45600,844,237,19089,5344,16193,5880,21303,7147,29300,9413,40364,12311,46549,14068,59570,24539,69434,33029,76391,37169,82147,67925,73261,65332,51037,45227,40920,35254,23385,19540,10478,8151
2021-05-29,3801,664066,6857,397423,1038651,686285,116012,215907,20447,1215480,,706680,,136800,,326400,,45600,846,237,19183,5439,16264,5983,21395,7290,29424,9599,40517,12606,46688,14468,60456,26388,70274,34516,77137,38383,82587,68564,73398,65641,51079,45291,40943,35300,23395,19561,10480,8157
2021-05-30,1,664067,1,397424,1038653,686286,116012,215908,20447,1215480,,706680,,136800,,326400,,45600,846,237,19183,5439,16264,5983,21395,7290,29425,9599,40517,12606,46688,14468,60456,26389,70274,34516,77137,38383,82587,68564,73398,65641,51079,45291,40943,35300,23395,19561,10480,8157
2021-05-31,2861,666928,4036,401460,1045015,687478,117297,219276,20964,1320780,105300,811980,,136800,,326400,,45600,848,238,19428,5576,16477,6096,21644,7439,29721,9805,40854,12950,47016,14846,60743,27039,70519,35185,77466,39389,82792,68813,73471,65722,51111,45304,40960,35314,23398,19578,10480,8166
2021-06-01,4577,671505,11727,413187,1059835,693111,117666,226652,22406,1320780,,811980,,136800,,326400,,45600,868,247,19818,5905,16738,6344,22028,7745,30140,10216,41353,13547,47609,15618,61307,28672,71119,37335,77754,43392,82990,69571,73617,65989,51199,45404,41022,35385,23440,19620,10503,8197
2021-06-02,15108,686613,14387,427574,1088038,715511,119527,229382,23618,1632780,,811980,,136800,300000,626400,12000,57600,1115,252,21448,6200,18013,6635,23422,8161,31713,10853,42999,14486,49158,17148,63073,31601,72794,39932,78621,46077,83590,70687,73970,66471,51404,45628,41174,35510,23545,19690,10574,8243
2021-06-03,17357,703970,19699,447273,1123296,744453,120520,233060,25263,1632780,,811980,,136800,,626400,,57600,1314,328,23383,6759,19485,7052,25085,8731,33800,11791,45291,16082,51456,21364,64473,34718,74133,42926,79550,48751,84213,71836,74410,67153,51682,45957,41346,35727,23684,19801,10665,8297
2021-06-04,10361,714331,20559,467832,1150652,759375,121324,241231,28722,1647180,,811980,14400,151200,,626400,,57600,1426,345,24482,7668,20374,7749,26047,9741,34993,13198,46607,18054,52754,23827,65720,38469,75169,46785,80001,51091,84477,72949,74581,67669,51779,46199,41448,35859,23759,19870,10714,8359
2021-06-05,6379,720710,6761,474593,1162901,768088,122231,242983,29599,1647180,,811980,,151200,,626400,,57600,1587,359,25251,7956,21010,7986,26737,10025,35759,13515,47505,18829,53700,24771,66171,39629,75538,47978,80280,51972,84664,73304,74686,67830,51846,46281,41482,35911,23777,19886,10717,8361
2021-06-06,3821,724531,2541,477134,1167495,769655,123491,242983,31366,1647180,,811980,,151200,,626400,,57600,1683,361,25839,8252,21430,8187,27236,10243,36359,13821,48170,19192,54255,25145,66278,39739,75622,48281,80354,52125,84720,73421,74731,67897,51860,46302,41494,35920,23782,19887,10718,8361
2021-06-07,2970,727501,4422,481556,1174663,771235,124549,247331,31548,1739610,92430,904410,,151200,,626400,,57600,1742,363,26169,8385,21655,8319,27473,10379,36635,14068,48475,19557,54570,25598,66618,40223,75892,48938,80568,53717,84858,73584,74835,67924,51926,46312,41543,35928,23814,19892,10728,8369
2021-06-08,7143,734644,7548,489104,1187960,781307,124652,249099,32902,1739610,,904410,,151200,,626400,,57600,1882,409,26946,8899,22235,8748,28124,10946,37400,14822,49506,20670,55493,26682,67317,40958,76479,49735,80897,54510,85131,73930,75006,68111,52010,46395,41610,35983,23862,19923,10746,8383
2021-06-09,9173,743817,13891,502995,1210214,799001,127078,250527,33608,1739610,,904410,,151200,,626400,,57600,2119,475,28149,9710,23034,9472,29167,11932,38593,16193,50819,22532,56584,28626,67988,42527,77001,51380,81247,55843,85369,74677,75199,68517,52132,46624,41700,36096,23927,19979,10789,8412
2021-06-10,15288,759105,17501,520496,1241703,824245,129078,253620,34760,1739610,,904410,,151200,,626400,,57600,2569,562,30613,10773,24615,10389,30740,13214,40444,17895,52846,25099,58602,31432,68799,44251,77769,53143,81887,57902,85810,75418,75457,68897,52293,46834,41820,36205,23995,20040,10846,8442
2021-06-11,7537,766642,17137,537633,1265343,838342,130034,261252,35715,1751610,,904410,,151200,,626400,12000,69600,2808,637,31554,11741,25178,11333,31449,14370,41272,19271,53866,27109,59588,33552,69410,46391,78319,55477,82271,60244,86054,76316,75596,69287,52410,47041,41897,36313,24064,20091,10906,8460
2021-06-12,4310,770952,6577,544210,1275676,843637,130034,265758,36247,1751610,,904410,,151200,,626400,,69600,3001,640,32236,12078,25549,11802,31875,14840,41780,19938,54433,27880,60158,34491,69693,47205,78566,56356,82440,61005,86177,76601,75671,69389,52461,47087,41925,36336,24077,20099,10910,8463
2021-06-13,2415,773367,707,544917,1278790,845831,130817,265895,36247,1751610,,904410,,151200,,626400,,69600,3063,651,32589,12115,25778,11832,32145,14902,42062,20008,55024,27943,60669,34570,69728,47281,78599,56445,82458,61110,86185,76665,75684,69399,52466,47094,41929,36339,24078,20100,10910,8463
2021-06-14,2580,775947,3878,548795,1285080,847437,132163,269078,36402,1875240,92430,996840,14400,165600,16800,643200,,69600,3125,663,33086,12487,26085,11943,32454,15057,42402,20230,55249,28232,60891,35032,69862,47847,78749,57075,82569,61940,86274,76827,75747,69445,52507,47107,41949,36345,24086,20102,10912,8463
2021-06-15,5375,781322,4811,553606,1294356,853270,133544,270257,37285,1875240,,996840,,165600,,643200,,69600,3441,671,34092,12870,26668,12247,33083,15372,43096,20748,55793,28828,61373,35661,70126,48316,79023,57567,82771,62566,86420,77052,75866,69576,52563,47160,41988,36375,24100,20123,10919,8474
2021-06-16,6847,788169,10350,563956,1310119,862137,137781,271539,38662,1875240,,996840,,165600,,643200,,69600,3944,689,35056,13632,27219,12773,33706,16097,43906,21781,56536,30179,62037,36996,70546,49392,79480,58653,83158,63731,86709,77671,76060,69890,52676,47340,42056,36455,24146,20176,10934,8501
2021-06-17,7217,795386,13684,577640,1329522,872907,142537,273967,40111,1889640,,996840,14400,180000,,643200,,69600,4889,744,35982,14912,27710,13697,34207,17278,44530,23253,57206,31849,62750,38538,71035,50778,79994,59995,83541,65056,87038,78369,76274,70240,52806,47521,42170,36591,24237,20261,11017,8558
2021-06-18,4656,800042,9723,587363,1342928,879862,144996,277054,41016,1889640,,996840,,180000,,643200,,69600,5164,785,36594,15666,28056,14267,34558,18116,44944,24212,57647,33062,63187,39680,71443,51809,80386,61051,83846,66131,87285,78798,76460,70505,52913,47670,42243,36700,24276,20315,11040,8596
2021-06-19,1209,801251,1289,588652,1345108,880842,144996,277951,41319,1889640,,996840,,180000,,643200,,69600,5217,786,36813,15786,28157,14322,34679,18177,45081,24326,57807,33189,63336,39814,71519,51910,80460,61183,83893,66482,87318,78861,76480,70523,52923,47676,42250,36705,24277,20316,11041,8596
2021-06-20,83,801334,1388,590040,1346570,880842,144996,279413,41319,1889640,,996840,,180000,,643200,,69600,5217,786,36823,15863,28166,14442,34684,18321,45085,24517,57821,33531,63345,40106,71531,51989,80468,61265,83898,66536,87321,78868,76484,70523,52923,47676,42250,36705,24277,20316,11041,8596
2021-06-21,1632,802966,4017,594057,1351648,881710,146233,281825,41880,2034150,120510,1117350,,180000,24000,667200,,69600,5445,788,37066,16256,28300,14684,34807,18607,45221,24858,57981,33983,63510,40543,71625,52321,80551,61616,83990,67414,87380,79003,76523,70603,52961,47734,42268,36723,24290,20324,11048,8600
2021-06-22,2872,805838,7627,601684,1361623,887077,147141,285089,42316,2034150,,1117350,,180000,,667200,,69600,5807,819,37464,16860,28499,15093,35032,19119,45452,25458,58245,35806,63738,41508,71845,53103,80771,62321,84156,67978,87499,79276,76629,70772,53022,47823,42307,36779,24311,20347,11061,8622
2021-06-23,4750,810588,15125,616809,1380616,903475,147932,286066,43143,2034150,,1117350,,180000,,667200,,69600,6370,1033,38073,18429,28818,16198,35398,20313,45833,26907,58672,37361,64175,43209,72176,54997,81123,64186,84467,69076,87756,79979,76792,71150,53136,48034,42382,36882,24346,20408,11071,8647
2021-06-24,4918,815506,20863,637672,1405177,920532,152676,287830,44139,2060550,,1117350,14400,194400,,667200,12000,81600,6735,1316,38669,20515,29164,17647,35751,21918,46222,28918,59099,39745,64643,45710,72596,57320,81541,66353,84842,70772,88047,80994,77004,71819,53239,48386,42463,37070,24399,20502,11092,8687
2021-06-25,10,815516,58,637730,1405236,920532,152676,287880,44148,2060550,,1117350,,194400,,667200,,81600,6735,1316,38671,20525,29165,17650,35752,21922,46222,28922,59100,39750,64645,45720,72597,57325,81541,66359,84843,70781,88048,80996,77004,71819,53239,48386,42463,37070,24399,20502,11092,8687
2021-06-26,408,815924,3682,641412,1409175,921851,155127,287905,44292,2060550,,1117350,,194400,,667200,,81600,6761,1330,38727,20717,29192,17752,35788,22065,46257,29066,59137,39902,64672,45902,72640,57970,81589,67028,84881,71514,88062,81451,77017,71974,53245,48441,42463,37095,24400,20514,11093,8691
2021-06-27,9,815933,11,641423,1409188,921854,155127,287908,44299,2060550,,1117350,,194400,,667200,,81600,6761,1330,38731,20721,29192,17752,35788,22065,46258,29067,59139,39904,64674,45904,72640,57970,81589,67028,84881,71514,88062,81453,77017,71974,53245,48441,42463,37095,24400,20514,11093,8691
2021-06-28,1225,817158,5009,646432,1415109,924858,155656,290025,44570,2170530,109980,1227330,,194400,,667200,,81600,6858,1389,38909,21205,29297,18047,35874,22388,46366,30421,59286,40558,64799,46358,72712,58298,81669,67350,84953,71882,88128,81661,77060,72058,53266,48480,42481,37119,24406,20521,11094,8697
2021-06-29,1819,818977,9807,656239,1426158,931747,156028,293275,45108,2297730,,1227330,,194400,127200,794400,,81600,6955,1552,39193,22785,29430,19118,36025,23741,46512,31296,59458,41575,64998,47330,72850,59023,81836,68028,85072,72566,88214,81938,77120,72233,53298,48598,42505,37204,24413,20542,11098,8710
2021-06-30,3563,822540,10854,667093,1439757,940984,158528,294354,45891,2313330,,1227330,15600,210000,,794400,,81600,7208,1718,39706,24073,29642,19911,36270,24712,46814,32403,59804,42827,65328,48547,73123,60175,82113,69018,85323,73374,88423,82368,77261,72480,53383,48746,42579,37337,24455,20631,11108,8773
2021-07-01,3524,826064,16080,683173,1458667,954279,160897,296960,46531,2313330,,1227330,,210000,,794400,,81600,7462,2158,40106,26118,29879,21217,36525,26177,47075,34103,60131,44823,65611,50448,73436,61391,82404,70350,85604,74840,88636,82924,77425,72789,53479,48905,42660,37439,24497,20683,11134,8808
2021-07-02,3690,829754,10665,693838,1472230,964764,161709,298502,47255,2330130,,1227330,,210000,,794400,16800,98400,7921,2425,40525,27381,30089,22048,36772,27105,47382,35244,60444,46194,65922,51815,73692,62282,82719,71168,85881,75846,88848,83285,77590,72975,53575,49015,42726,37511,24523,20716,11145,8828
2021-07-03,401,830155,1138,694976,1473687,965898,161709,298744,47336,2330130,,1227330,,210000,,794400,,98400,7955,2444,40578,27575,30117,22129,36797,27206,47425,35379,60487,46316,65957,51955,73725,62333,82754,71213,85905,76050,88873,83301,77598,72988,53584,49024,42728,37515,24526,20717,11146,8831
2021-07-04,,830155,15,694991,1473702,965898,161709,298759,47336,2330130,,1227330,,210000,,794400,,98400,7955,2444,40578,27575,30117,22131,36797,27211,47425,35383,60487,46317,65957,51958,73725,62333,82754,71213,85905,76050,88873,83301,77598,72988,53584,49024,42728,37515,24526,20717,11146,8831
2021-07-05,1370,831525,5284,700275,1479954,968869,163169,300200,47716,2402670,72540,1299870,,210000,,794400,,98400,8086,2529,40720,28215,30205,22495,36874,27659,47524,35882,60589,46982,66088,52583,73854,62841,82873,71785,86029,76455,88965,83525,77655,73108,53621,49091,42753,37558,24539,20733,11150,8834
2021-07-06,2147,833672,6356,706631,1487838,975326,163501,300708,48303,2402670,,1299870,,210000,,794400,,98400,8260,2818,40935,29253,30330,23089,37046,28323,47715,36637,60782,47814,66281,53395,74014,63208,83062,72130,86180,76738,89101,83695,77765,73210,53691,49145,42793,37588,24559,20745,11158,8843
2021-07-07,4258,837930,8704,715335,1499670,983878,164558,301833,49401,2414670,,1299870,12000,222000,,794400,,98400,8546,3178,41385,30411,30570,23783,37367,29140,48052,37670,61150,48836,66667,54377,74364,63779,83466,72776,86542,77381,89397,84032,77966,73398,53818,49271,42865,37664,24602,20779,11173,8860
2021-07-08,5480,843410,10827,726162,1514820,993952,166294,304078,50496,2414670,,1299870,,222000,,794400,,98400,9043,3901,41895,31799,30866,24555,37705,30002,48457,38845,61604,50124,67129,55573,74795,64610,83932,73610,87038,78150,89812,84431,78264,73679,54018,49423,42977,37743,24667,20826,11208,8891
2021-07-09,4124,847534,8008,734170,1525704,999715,168170,306127,51692,2448270,,1299870,,222000,24000,818400,9600,108000,9265,4233,42264,32884,31079,25188,37954,30610,48803,39649,61984,50973,67543,56499,75157,65275,84346,74266,87383,78862,90131,84748,78486,73873,54147,49540,43065,37808,24700,20856,11227,8906
2021-07-10,681,848215,582,734752,1526732,1000519,168170,306127,51916,2448270,,1299870,,222000,,818400,,108000,9304,4268,42317,32958,31119,25222,38005,30653,48855,39685,62051,51055,67618,56581,75238,65344,84412,74320,87445,78889,90169,84764,78518,73891,54163,49549,43070,37811,24704,20856,11227,8906
2021-07-11,189,848404,133,734885,1526946,1000623,168170,306130,52023,2448270,,1299870,,222000,,818400,,108000,9314,4271,42323,32968,31128,25228,38013,30662,48873,39699,62066,51066,67640,56596,75254,65361,84438,74338,87463,78901,90186,84772,78528,73895,54173,49553,43072,37812,24706,20857,11227,8906
2021-07-12,2766,851170,3657,738542,1532691,1003306,169822,306890,52673,2270810,72540,1372410,,222000,-250000,568400,,108000,9464,4396,42622,33572,31280,25600,38199,31048,49095,40161,62333,51480,67885,57003,75508,65595,84701,74561,87705,79078,90388,84864,78675,73961,54241,49600,43125,37841,24718,20869,11231,8913
2021-07-13,2721,853891,4005,742547,1538799,1007998,169969,307601,53231,2270810,,1372410,,222000,,568400,,108000,9680,4712,42898,34132,31425,25882,38371,31346,49329,40537,62578,51959,68135,57411,75771,65925,84973,74851,87910,79375,90563,85032,78805,74064,54317,49661,43167,37868,24735,20878,11234,8914
2021-07-14,5512,859403,5846,748393,1548773,1014846,171015,308346,54566,2282810,,1372410,12000,234000,,568400,,108000,10096,5104,43437,34910,31735,26293,38727,31844,49790,41133,63122,52609,68661,58060,76285,66390,85494,75291,88344,79737,90908,85298,79046,74213,54469,49755,43246,37919,24787,20904,11256,8933
2021-07-15,6528,865931,8024,756417,1561439,1023516,171609,309949,56365,2294810,,1372410,,234000,12000,580400,,108000,10520,5514,44036,35921,32058,26820,39156,32518,50385,41970,63809,53636,69300,58955,76890,67018,86105,75897,88883,80221,91353,85626,79317,74414,54634,49889,43360,38029,24839,21015,11286,8974
2021-07-16,5772,871703,5391,761808,1570869,1029739,172329,310783,58018,2294810,,1372410,,234000,,580400,,108000,10822,5826,44602,36660,32394,27167,39624,32948,50935,42475,64497,54233,69946,59542,77429,67470,86627,76359,89275,80597,91642,85836,79506,74561,54767,49989,43447,38094,24881,21058,11309,8993
2021-07-17,1194,872897,932,762740,1572323,1030433,172362,310869,58659,2294810,,1372410,,234000,,580400,,108000,10841,5838,44714,36766,32468,27234,39715,33015,51074,42584,64633,54344,70123,59677,77567,67570,86746,76452,89333,80658,91699,85862,79535,74585,54791,50002,43459,38098,24886,21060,11313,8995
2021-07-18,28,872925,10,762750,1572354,1030458,172362,310869,58665,2294810,,1372410,,234000,,580400,,108000,10842,5838,44715,36766,32470,27235,39715,33015,51074,42584,64634,54345,70126,59680,77574,67573,86750,76453,89333,80658,91703,85862,79536,74585,54793,50002,43460,38098,24887,21061,11313,8995
2021-07-19,2855,875780,2755,765505,1577025,1032680,173106,311656,59583,2367350,72540,1444950,,234000,,580400,,108000,10987,5940,45047,37172,32648,27439,39948,33278,51323,42891,64916,54662,70457,60033,77849,67792,86998,76667,89509,80812,91888,85968,79637,74639,54858,50030,43496,38118,24904,21067,11315,8997
2021-07-20,3107,878887,2991,768496,1582045,1036299,173140,311969,60637,2367350,,1444950,,234000,,580400,,108000,11171,6058,45378,37572,32842,27669,40167,33504,51601,43182,65257,55019,70771,60374,78165,68035,87280,76904,89710,80973,92063,86097,79732,74708,54945,50080,43552,38189,24933,21110,11320,9022
2021-07-21,5655,884542,5042,773538,1591058,1042602,173648,312510,62298,2319350,,1444950,,234000,-48000,532400,,108000,11584,6276,46014,38185,33213,28006,40565,33854,52036,43643,65809,55632,71346,60993,78657,68453,87785,77332,90139,81298,92392,86320,79970,74859,55091,50173,43635,38276,24964,21170,11342,9068
2021-07-22,5924,890466,5895,779433,1601326,1050023,173958,313556,63789,2319350,,1444950,,234000,,532400,,108000,12046,6722,46643,38781,33534,28325,40993,34275,52535,44256,66366,56306,71921,61652,79132,68889,88315,77771,90580,81683,92771,86595,80231,75058,55277,50306,43751,38390,25007,21261,11364,9163
2021-07-23,5329,895795,4813,784246,1609820,1056475,174040,313931,65374,2360150,,1444950,12000,246000,28800,561200,,108000,12317,6942,47226,39339,33863,28635,41377,34643,52964,44663,66930,56801,72451,62171,79647,69325,88818,78204,90991,82050,93077,86856,80434,75239,55431,50412,43850,38470,25042,21306,11377,9190
2021-07-24,983,896778,661,784907,1611159,1057325,174252,313931,65651,2360150,,1444950,,246000,,561200,,108000,12365,6969,47313,39417,33931,28683,41466,34700,53061,44749,67045,56875,72552,62242,79749,69397,88913,78265,91054,82085,93121,86879,80473,75253,55448,50420,43857,38473,25053,21310,11377,9190
2021-07-25,8,896786,12,784919,1611174,1057328,174252,313938,65656,2360150,,1444950,,246000,,561200,,108000,12367,6969,47314,39418,33933,28687,41466,34703,53061,44750,67046,56876,72553,62243,79749,69397,88913,78265,91055,82086,93121,86879,80473,75253,55448,50420,43857,38473,25053,21310,11377,9190
2021-07-26,3098,899884,2419,787338,1615876,1060665,174307,314469,66435,2432690,72540,1517490,,246000,,561200,,108000,12591,7133,47673,39748,34141,28883,41708,34882,53331,45003,67355,57125,72852,62513,80022,69596,89217,78432,91268,82231,93259,86985,80607,75323,55520,50466,43892,38499,25070,21325,11378,9194
2021-07-27,4520,904404,2616,789954,1621866,1065277,174354,314671,67564,2432690,,1517490,,246000,,561200,,108000,12906,7300,48229,40032,34471,29068,42056,35080,53714,45231,67827,57422,73247,62783,80420,69808,89597,78646,91572,82386,93517,87109,80770,75406,55629,50531,43950,38543,25109,21377,11390,9232
2021-07-28,4833,909237,4774,794728,1630134,1071385,174725,315154,68870,2432690,,1517490,,246000,,561200,,108000,13348,7557,48733,40505,34743,29319,42368,35396,54105,45635,68259,57848,73705,63235,80839,70218,90020,79043,91953,82738,93838,87419,80981,75627,55755,50671,44050,38686,25134,21497,11406,9334
2021-07-29,5341,914578,5855,800583,1640104,1078605,175571,315885,70043,2473490,,1517490,,246000,40800,602000,,108000,13749,7880,49332,41184,35071,29728,42743,35811,54512,46148,68704,58424,74223,63827,81334,70662,90499,79489,92375,83172,94161,87718,81216,75895,55903,50853,44151,38804,25180,21604,11425,9384
2021-07-30,3685,918263,4898,805481,1647503,1084159,175711,316477,71156,2497490,,1517490,12000,258000,,602000,12000,120000,14023,8150,49717,41649,35256,29992,43039,36149,54832,46563,69071,58891,74590,64319,81704,71059,90860,79911,92635,83553,94366,88057,81340,76140,55987,51003,44201,38929,25205,21687,11437,9429
2021-07-31,1252,919515,1046,806527,1649306,1085345,175817,316505,71639,2497490,,1517490,,258000,,602000,,120000,14119,8202,49838,41739,35337,30059,43130,36226,54974,46668,69201,59017,74732,64432,81803,71156,90968,80005,92714,83645,94422,88118,81396,76176,56014,51024,44215,38938,25211,21692,11441,9430
2021-08-01,8,919523,8,806535,1649314,1085345,175817,316505,71647,2497490,,1517490,,258000,,602000,,120000,14119,8202,49838,41739,35338,30060,43130,36226,54974,46668,69202,59018,74734,64434,81806,71159,90969,80006,92714,83645,94422,88118,81396,76176,56014,51024,44215,38938,25211,21692,11441,9430
2021-08-02,2423,921946,2753,809288,1653777,1088690,175916,316834,72337,2565350,67860,1585350,,258000,,602000,,120000,14304,8403,50116,42082,35494,30217,43300,36414,55179,46894,69434,59265,74963,64697,82025,71393,91169,80254,92884,83850,94572,88286,81507,76293,56074,51082,44248,38991,25230,21722,11447,9445
2021-08-03,3338,925284,2460,811748,1658853,1092806,176093,316918,73036,2565350,,1585350,,258000,,602000,,120000,14607,8577,50505,42361,35714,30353,43538,36577,55461,47093,69751,59463,75290,64904,82283,71597,91439,80485,93095,84024,94760,88462,81649,76396,56175,51168,44305,39049,25256,21765,11456,9474
2021-08-04,3906,929190,4698,816446,1666505,1098603,176680,317257,73965,2565350,,1585350,,258000,,602000,,120000,14982,8865,50882,42817,35986,30602,43775,36871,55770,47456,70106,59925,75650,65392,82627,71974,91740,80902,93393,84415,95011,88789,81823,76656,56297,51301,44382,39138,25297,21828,11469,9515
2021-08-05,4498,933688,5915,822361,1675764,1105928,176935,317831,75070,2565350,,1585350,,258000,,602000,,120000,15344,9223,51338,43354,36260,30908,44117,37239,56120,47904,70512,60468,76072,65956,83034,72482,92145,81408,93709,84874,95289,89152,82025,76933,56417,51482,44463,39327,25352,21980,11491,9671
2021-08-06,2979,936667,4974,827335,1683107,1112114,177323,318027,75643,2584550,,1585350,12000,270000,7200,609200,,120000,15601,9515,51631,43827,36435,31159,44320,37562,56366,48276,70761,60919,76336,66439,83290,72941,92404,81884,93937,85254,95471,89529,82188,77166,56511,51642,44532,39457,25384,22052,11500,9713
2021-08-07,573,937240,409,827744,1683932,1112674,177435,318032,75791,2584550,,1585350,,270000,,609200,,120000,15622,9521,51709,43873,36477,31183,44364,37608,56420,48319,70831,60971,76388,66485,83338,72988,92454,81925,93970,85275,95500,89546,82212,77175,56522,51647,44545,39463,25388,22052,11500,9713
2021-08-08,366,937606,147,827891,1684406,1113111,177435,318032,75828,2584550,,1585350,,270000,,609200,,120000,15667,9531,51762,43887,36504,31190,44398,37620,56464,48338,70863,60992,76423,66503,83372,72998,92479,81940,93977,85280,95514,89553,82217,77177,56527,51651,44546,39465,25393,22053,11500,9713
2021-08-09,2071,939677,2130,830021,1688099,1115860,177732,318190,76317,2652410,67860,1653210,,270000,,609200,,120000,15918,9671,52020,44127,36649,31311,44504,37765,56620,48512,71055,61210,76587,66725,83548,73169,92651,82118,94120,85414,95643,89692,82304,77262,56572,51715,44580,39518,25402,22079,11504,9733
2021-08-10,2506,942183,2662,832683,1692676,1119728,177794,318266,76888,2652410,,1653210,,270000,,609200,,120000,16132,9896,52330,44424,36808,31489,44703,37970,56842,48762,71295,61464,76812,66959,83749,73400,92844,82348,94274,85589,95775,89820,82416,77345,56641,51787,44622,39572,25424,22112,11516,9746
2021-08-11,3183,945366,4000,836683,1699048,1124993,177960,318414,77681,2664410,,1653210,12000,282000,,609200,,120000,16473,10217,52700,44850,37001,31734,44918,38238,57094,49054,71569,61823,77079,67362,83984,73715,93118,82678,94492,85889,95982,90083,82561,77535,56723,51922,44676,39637,25462,22164,11534,9782
2021-08-12,3660,949026,5901,842584,1707896,1132646,178186,318704,78360,2671610,,1653210,,282000,7200,616400,,120000,16878,10716,53121,45543,37220,32050,45160,38583,57350,49508,71904,62327,77438,67928,84286,74195,93402,83171,94714,86344,96192,90464,82717,77798,56839,52118,44752,39778,25501,22234,11552,9827
2021-08-13,2964,951990,5133,847717,1715217,1138599,178629,318896,79093,2671610,,1653210,,282000,,616400,,120000,17090,11047,53479,46103,37390,32334,45376,38981,57590,49917,72205,62825,77719,68402,84546,74624,93654,83613,94905,86707,96359,90778,82831,78018,56927,52299,44806,39899,25541,22318,11572,9852
2021-08-14,406,952396,390,848107,1715825,1139017,178632,318899,79277,2671610,,1653210,,282000,,616400,,120000,17112,11051,53533,46141,37416,32369,45407,39012,57643,49956,72239,62866,77757,68448,84587,74668,93681,83649,94928,86741,96379,90795,82846,78032,56931,52303,44815,39904,25547,22320,11575,9852
2021-08-15,65,952461,36,848143,1715901,1139065,178635,318900,79301,2671610,,1653210,,282000,,616400,,120000,17118,11051,53542,46145,37417,32372,45408,39013,57647,49959,72244,62869,77763,68453,84594,74672,93688,83656,94938,86746,96385,90796,82847,78032,56933,52303,44815,39904,25547,22320,11575,9852
2021-08-16,2654,955115,2997,851140,1720953,1143287,178752,319031,79883,2740640,69030,1722240,,282000,,616400,,120000,17440,11292,53885,46500,37593,32585,45579,39234,57836,50213,72460,63165,78001,68740,84799,74915,93885,83910,95114,86980,96529,90950,82961,78160,57006,52358,44876,39944,25573,22337,11578,9857
2021-08-17,3333,958448,3554,854694,1727071,1148234,179121,319091,80625,2740640,,1722240,,282000,,616400,,120000,17737,11525,54278,46899,37803,32804,45818,39495,58086,50519,72747,63503,78295,69050,85075,75225,94193,84227,95311,87246,96716,91178,83107,78314,57124,52454,44954,40001,25611,22371,11593,9883
2021-08-18,3798,962246,4200,858894,1734329,1154288,179520,319181,81340,2740640,,1722240,,282000,,616400,,120000,18154,11852,54717,47342,38014,33050,46083,39774,58346,50823,73061,63874,78591,69424,85354,75551,94535,84594,95566,87591,96930,91468,83267,78509,57259,52584,45067,40105,25676,22434,11626,9919
2021-08-19,4008,966254,5421,864315,1742941,1161833,179733,319258,82117,2815040,,1722240,24000,306000,50400,666800,,120000,18684,12400,55199,47961,38228,33332,46295,40121,58611,51202,73386,64334,78922,69886,85689,75978,94815,85068,95821,88003,97142,91813,83453,78772,57409,52759,45171,40230,25762,22502,11667,9954
2021-08-20,3412,969666,4311,868626,1749713,1167125,180062,319529,82997,2815040,,1722240,,306000,,666800,,120000,19045,12774,55578,48436,38397,33561,46511,40451,58874,51560,73647,64694,79249,70324,85982,76377,95096,85467,96059,88263,97320,92036,83611,78950,57510,52892,45270,40316,25817,22542,11700,9983
2021-08-21,488,970154,498,869124,1750528,1167755,180069,319544,83160,2815040,,1722240,,306000,,666800,,120000,19086,12790,55640,48491,38430,33596,46553,40493,58924,51616,73679,64737,79301,70384,86024,76420,95141,85515,96089,88303,97335,92060,83629,78969,57529,52903,45276,40321,25818,22543,11700,9983
2021-08-22,2,970156,2,869126,1750530,1167755,180069,319544,83162,2815040,,1722240,,306000,,666800,,120000,19086,12790,55640,48491,38430,33596,46553,40493,58925,51617,73679,64737,79301,70384,86024,76420,95142,85516,96089,88303,97335,92060,83629,78969,57529,52903,45276,40321,25818,22543,11700,9983
2021-08-23,2320,972476,2488,871614,1754924,1171634,180131,319602,83557,2884070,69030,1791270,,306000,,666800,,120000,19458,13030,55886,48773,38580,33767,46742,40686,59112,51806,73868,64981,79500,70616,86212,76617,95310,85705,96208,88457,97433,92214,83712,79082,57588,52968,45318,40355,25841,22567,11708,9990
2021-08-24,3374,975850,3271,874885,1760603,1176150,180303,319661,84489,2884070,,1791270,,306000,,666800,,120000,19779,13300,56327,49177,38807,33980,47024,40910,59407,52078,74142,65266,79764,70883,86485,76884,95560,85950,96440,88695,97606,92392,83843,79211,57679,53064,45387,40445,25879,22621,11721,10029
2021-08-25,3659,979509,3783,878668,1767426,1182037,180604,319710,85075,2884070,,1791270,,306000,,666800,,120000,20247,13649,56749,49568,39017,34221,47285,41174,59704,52348,74445,65592,80043,71202,86782,77196,95845,86237,96647,88954,97775,92632,84005,79374,57802,53215,45478,40545,25924,22690,11761,10071
2021-08-26,4517,984026,5009,883677,1776146,1189682,180785,319845,85834,2908070,,1791270,24000,330000,,666800,,120000,20940,14146,57267,50073,39300,34526,47597,41511,60072,52774,74817,66033,80409,71650,87091,77559,96146,86683,96910,89299,97992,92911,84188,79614,57914,53337,45598,40642,25990,22779,11795,10140
2021-08-27,3335,987361,4010,887687,1782849,1195307,181175,319956,86411,2908070,,1791270,,330000,,666800,,120000,21292,14484,57624,50455,39503,34744,47878,41809,60356,53080,75136,66393,80696,72003,87368,77865,96412,87018,97116,89564,98141,93137,84325,79803,57988,53454,45666,40789,26039,22869,11821,10220
2021-08-28,665,988026,511,888198,1783773,1195992,181178,319964,86639,2908070,,1791270,,330000,,666800,,120000,21336,14498,57695,50515,39555,34782,47937,41853,60431,53135,75215,66454,80750,72056,87426,77916,96464,87055,97153,89590,98170,93163,84345,79824,58008,53466,45677,40795,26042,22872,11822,10224
2021-08-29,47,988073,24,888222,1783828,1196031,181178,319964,86655,2908070,,1791270,,330000,,666800,,120000,21337,14499,57697,50518,39558,34786,47940,41855,60435,53137,75223,66456,80754,72056,87436,77919,96471,87059,97154,89590,98173,93166,84346,79824,58008,53466,45677,40795,26042,22872,11822,10224
2021-08-30,2388,990461,2229,890451,1787977,1199583,181257,320037,87100,3038000,57330,1848600,,330000,72600,739400,,120000,21803,14842,57952,50807,39724,34954,48131,42015,60635,53309,75445,66638,80948,72246,87609,78082,96612,87210,97271,89721,98271,93283,84422,79899,58042,53510,45703,40822,26063,22884,11830,10229
2021-08-31,2782,993243,2425,892876,1792427,1203024,181336,320253,87814,3038000,,1848600,,330000,,739400,,120000,22146,15037,58277,51130,39915,35123,48375,42218,60897,53523,75694,66893,81223,72478,87803,78282,96813,87356,97424,89856,98390,93407,84516,79989,58104,53572,45742,40862,26084,22901,11840,10249
2021-09-01,2730,995973,2819,895695,1797473,1207268,181587,320325,88293,3038000,,1848600,,330000,,739400,,120000,22391,15273,58591,51445,40076,35313,48580,42422,61142,53775,75946,67147,81448,72715,88004,78484,97030,87566,97605,90060,98566,93599,84620,80109,58185,53662,45809,40919,26126,22940,11854,10266
2021-09-02,3604,999577,4619,900314,1804966,1213697,181821,320461,88987,3038000,,1848600,,330000,,739400,,120000,22793,15732,58923,51953,40284,35566,48865,42736,61433,54129,76242,67537,81762,73131,88267,78836,97300,87928,97848,90371,98797,93928,84780,80299,58304,53820,45904,41034,26179,23008,11896,10306
2021-09-03,3204,1002781,3399,903713,1810952,1218569,182207,320626,89550,3042800,,1848600,,330000,4800,744200,,120000,23073,15996,59240,52322,40497,35773,49102,42977,61714,54437,76574,67880,82055,73444,88550,79117,97553,88203,98059,90610,98971,94116,84907,80424,58394,53918,45960,41105,26217,23060,11915,10331
2021-09-04,390,1003171,267,903980,1811484,1218999,182207,320629,89649,3042800,,1848600,,330000,,744200,,120000,23082,16002,59288,52360,40522,35787,49145,42997,61759,54464,76630,67914,82093,73465,88585,79139,97585,88231,98084,90632,98982,94127,84920,80435,58399,53924,45962,41109,26220,23062,11915,10332
2021-09-05,,1003171,,903980,1811484,1218999,182207,320629,89649,3042800,,1848600,,330000,,744200,,120000,23082,16002,59288,52360,40522,35787,49145,42997,61759,54464,76630,67914,82093,73465,88585,79139,97585,88231,98084,90632,98982,94127,84920,80435,58399,53924,45962,41109,26220,23062,11915,10332
2021-09-06,2471,1005642,2320,906300,1815811,1222757,182300,320666,90088,3102470,59670,1908270,,330000,,744200,,120000,23287,16239,59525,52621,40707,35944,49368,43170,61967,54644,76910,68137,82314,73659,88796,79307,97781,88419,98244,90779,99123,94272,84995,80526,58468,53990,46000,41159,26237,23088,11920,10346
2021-09-07,4337,1009979,3499,909799,1822298,1227769,182382,320767,91380,3102470,,1908270,,330000,,744200,,120000,23533,16453,59933,53013,41015,36181,49738,43440,62412,54996,77354,68453,82751,73991,89191,79621,98121,88693,98533,91025,99352,94441,85184,80665,58589,54079,46065,41250,26274,23134,11934,10364
2021-09-08,4691,1014670,4448,914247,1830347,1234344,182749,320806,92448,3102470,,1908270,,330000,,744200,,120000,23862,16796,60348,53476,41368,36435,50149,43715,62844,55313,77784,68814,83173,74350,89572,79965,98503,89085,98842,91321,99643,94683,85376,80855,58708,54247,46188,41531,26348,23241,11962,10420
2021-09-09,6072,1020742,6221,920468,1841280,1243696,182960,320897,93727,3109670,,1908270,,330000,7200,751400,,120000,24459,17327,60896,54040,41712,36785,50663,44101,63373,55768,78340,69313,83738,74838,90026,80436,98954,89571,99286,91703,100007,95024,85641,81123,58899,54504,46313,41825,26439,23528,11996,10582
2021-09-10,4912,1025654,4968,925436,1849711,1250386,183262,320956,95107,2909670,,1908270,,330000,-200000,551400,,120000,24727,17713,61375,54532,42051,37065,51101,44457,63874,56169,78894,69767,84228,75282,90462,80854,99326,89986,99622,92056,100233,95264,85824,81364,59012,54662,46409,41993,26498,23650,12018,10622
2021-09-11,1062,1026716,875,926311,1851220,1251454,183280,320963,95523,2909670,,1908270,,330000,,551400,,120000,24793,17736,61490,54618,42137,37126,51210,44529,63991,56253,79025,69841,84345,75353,90562,80920,99404,90031,99677,92096,100270,95303,85848,81403,59025,54700,46421,42038,26499,23705,12019,10659
2021-09-12,2,1026718,2,926313,1851222,1251454,183282,320963,95523,2909670,,1908270,,330000,,551400,,120000,24793,17736,61490,54618,42137,37126,51210,44529,63992,56254,79025,69841,84345,75353,90563,80921,99404,90031,99677,92096,100270,95303,85848,81403,59025,54700,46421,42038,26499,23705,12019,10659
2021-09-13,6533,1033251,3842,930155,1859859,1258237,183481,320991,97150,2948280,38610,1946880,,330000,,551400,,120000,25202,18038,62063,54946,42591,37353,51728,44812,64605,56556,79731,70226,84992,75745,91179,81263,99990,90347,100138,92330,100636,95483,86096,81543,59186,54825,46525,42199,26546,23793,12043,10696
2021-09-14,11775,1045026,6017,936172,1874461,1269393,183714,321075,100279,2948280,,1946880,,330000,,551400,,120000,25800,18287,63147,55537,43389,37760,52683,45312,65669,57079,80976,70784,86187,76301,92344,81861,101081,90931,100940,92738,101274,95763,86586,81761,59515,54993,46725,42415,26644,23920,12066,10730
2021-09-15,11493,1056519,7062,943234,1890407,1281921,184513,321128,102845,2957880,,1946880,,330000,,551400,9600,129600,26437,18727,64299,56177,44119,38135,53632,45800,66674,57663,82161,71420,87308,76923,93367,82436,102056,91495,101724,93146,101989,96106,87041,82061,59843,55449,46973,42763,26783,24112,12113,10821
2021-09-16,13797,1070316,10526,953760,1910604,1297641,184861,321217,106885,2986680,,1946880,,330000,28800,580200,,129600,27673,19382,65721,57108,45015,38759,54746,46526,67872,58499,83512,72353,88607,77860,94534,83324,103126,92294,102619,93825,102744,96607,87598,82513,60198,55874,47243,43338,26936,24454,12172,11044
2021-09-17,10773,1081089,8536,962296,1926628,1309836,185420,321305,110067,2986680,,1946880,,330000,,580200,,129600,28384,19799,66742,57798,45718,39261,55669,47170,68940,59231,84696,73221,89751,78679,95534,84114,103989,93050,103317,94406,103277,97012,87982,82836,60408,56163,47431,43660,27034,24683,12217,11213
2021-09-18,5925,1087014,2709,965005,1933767,1315442,185486,321332,111507,2986680,,1946880,,330000,,580200,,129600,28817,19878,67286,57990,46122,39454,56190,47369,69514,59485,85334,73520,90332,78954,96108,84334,104484,93266,103676,94557,103569,97131,88174,82912,60555,56297,47541,43844,27082,24775,12230,11239
2021-09-19,2562,1089576,1008,966013,1936953,1318174,185544,321347,111888,2986680,,1946880,,330000,,580200,,129600,29025,19925,67538,58075,46298,39511,56377,47437,69752,59552,85590,73606,90605,79059,96355,84437,104697,93342,103822,94607,103708,97184,88271,82950,60615,56340,47589,43920,27101,24816,12233,11252
2021-09-20,4620,1094196,3313,969326,1943847,1323940,185730,321368,112809,2986680,,1946880,,330000,,580200,,129600,29525,20221,68085,58368,46605,39718,56762,47701,70160,59842,85992,73878,91039,79318,96721,84702,105048,93594,104086,94800,103917,97338,88435,83078,60737,56465,47677,44092,27153,24926,12254,11285
2021-09-21,4520,1098716,3738,973064,1951326,1330476,185898,321407,113545,2986680,,1946880,,330000,,580200,,129600,29876,20496,68595,58643,46876,39893,57130,47910,70567,60086,86401,74150,91427,79587,97054,84975,105408,93868,104366,95014,104187,97521,88636,83261,60868,56660,47807,44395,27230,25165,12288,11440
2021-09-22,3728,1102444,3793,976857,1958499,1336732,186456,321437,113874,2986680,,1946880,,330000,,580200,,129600,30160,20742,68983,58949,47120,40086,57408,48130,70880,60330,86691,74424,91738,79859,97344,85241,105682,94146,104616,95267,104433,97725,88823,83437,61003,56903,47946,44700,27295,25390,12322,11528
2021-09-23,,1102444,6,976863,1958505,1336738,186456,321437,113874,2986680,,1946880,,330000,,580200,,129600,30160,20742,68983,58949,47120,40086,57408,48130,70880,60331,86691,74424,91738,79859,97344,85242,105682,94147,104616,95269,104433,97725,88823,83437,61003,56903,47946,44700,27295,25391,12322,11528
